
[BENZINGA STDERR @ 2025-07-02 06:16:42.160061]


[POLYGON STDERR @ 2025-07-02 06:16:42.481513]


[FMP STDERR @ 2025-07-02 06:16:43.057745]


[MESSARI STDERR @ 2025-07-02 06:16:48.157908]


[TWELVE_DATA STDERR @ 2025-07-02 06:16:50.743088]


[BENZINGA STDERR @ 2025-07-04 09:03:23.792868]
2025-07-04 09:03:23,693 - WARNING - \u26a0\ufe0f Data store module not available: No module named 'sqlalchemy'


[POLYGON STDERR @ 2025-07-04 09:03:24.146130]


[FMP STDERR @ 2025-07-04 09:03:27.163455]
2025-07-04 09:03:24,802 - INFO - Database tables created successfully
2025-07-04 09:03:24,802 - INFO - Database initialization completed
2025-07-04 09:03:24,802 - INFO - MacroIntel Data Store initialized with SQLAlchemy ORM
2025-07-04 09:03:24,802 - INFO - \u2705 Data store module imported successfully
2025-07-04 09:03:25,218 - INFO - Inserted economic event with ID: 2
2025-07-04 09:03:25,220 - INFO - Inserted economic event with ID: 3
2025-07-04 09:03:25,223 - INFO - Inserted economic event with ID: 4
2025-07-04 09:03:25,225 - INFO - Inserted economic event with ID: 5
2025-07-04 09:03:25,228 - INFO - Inserted economic event with ID: 6
2025-07-04 09:03:25,231 - INFO - Inserted economic event with ID: 7
2025-07-04 09:03:25,234 - INFO - Inserted economic event with ID: 8
2025-07-04 09:03:25,236 - INFO - Inserted economic event with ID: 9
2025-07-04 09:03:25,239 - INFO - Inserted economic event with ID: 10
2025-07-04 09:03:25,241 - INFO - Inserted economic event with ID: 11
2025-07-04 09:03:25,243 - INFO - Inserted economic event with ID: 12
2025-07-04 09:03:25,246 - INFO - Inserted economic event with ID: 13
2025-07-04 09:03:25,248 - INFO - Inserted economic event with ID: 14
2025-07-04 09:03:25,251 - INFO - Inserted economic event with ID: 15
2025-07-04 09:03:25,253 - INFO - Inserted economic event with ID: 16
2025-07-04 09:03:25,256 - INFO - Inserted economic event with ID: 17
2025-07-04 09:03:25,258 - INFO - Inserted economic event with ID: 18
2025-07-04 09:03:25,261 - INFO - Inserted economic event with ID: 19
2025-07-04 09:03:25,263 - INFO - Inserted economic event with ID: 20
2025-07-04 09:03:25,266 - INFO - Inserted economic event with ID: 21
2025-07-04 09:03:25,269 - INFO - Inserted economic event with ID: 22
2025-07-04 09:03:25,272 - INFO - Inserted economic event with ID: 23
2025-07-04 09:03:25,274 - INFO - Inserted economic event with ID: 24
2025-07-04 09:03:25,276 - INFO - Inserted economic event with ID: 25
2025-07-04 09:03:25,279 - INFO - Inserted economic event with ID: 26
2025-07-04 09:03:25,282 - INFO - Inserted economic event with ID: 27
2025-07-04 09:03:25,284 - INFO - Inserted economic event with ID: 28
2025-07-04 09:03:25,287 - INFO - Inserted economic event with ID: 29
2025-07-04 09:03:25,289 - INFO - Inserted economic event with ID: 30
2025-07-04 09:03:25,291 - INFO - Inserted economic event with ID: 31
2025-07-04 09:03:25,294 - INFO - Inserted economic event with ID: 32
2025-07-04 09:03:25,296 - INFO - Inserted economic event with ID: 33
2025-07-04 09:03:25,299 - INFO - Inserted economic event with ID: 34
2025-07-04 09:03:25,302 - INFO - Inserted economic event with ID: 35
2025-07-04 09:03:25,304 - INFO - Inserted economic event with ID: 36
2025-07-04 09:03:25,307 - INFO - Inserted economic event with ID: 37
2025-07-04 09:03:25,311 - INFO - Inserted economic event with ID: 38
2025-07-04 09:03:25,313 - INFO - Inserted economic event with ID: 39
2025-07-04 09:03:25,316 - INFO - Inserted economic event with ID: 40
2025-07-04 09:03:25,318 - INFO - Inserted economic event with ID: 41
2025-07-04 09:03:25,321 - INFO - Inserted economic event with ID: 42
2025-07-04 09:03:25,323 - INFO - Inserted economic event with ID: 43
2025-07-04 09:03:25,326 - INFO - Inserted economic event with ID: 44
2025-07-04 09:03:25,329 - INFO - Inserted economic event with ID: 45
2025-07-04 09:03:25,331 - INFO - Inserted economic event with ID: 46
2025-07-04 09:03:25,333 - INFO - Inserted economic event with ID: 47
2025-07-04 09:03:25,336 - INFO - Inserted economic event with ID: 48
2025-07-04 09:03:25,339 - INFO - Inserted economic event with ID: 49
2025-07-04 09:03:25,341 - INFO - Inserted economic event with ID: 50
2025-07-04 09:03:25,344 - INFO - Inserted economic event with ID: 51
2025-07-04 09:03:25,346 - INFO - Inserted economic event with ID: 52
2025-07-04 09:03:25,349 - INFO - Inserted economic event with ID: 53
2025-07-04 09:03:25,351 - INFO - Inserted economic event with ID: 54
2025-07-04 09:03:25,354 - INFO - Inserted economic event with ID: 55
2025-07-04 09:03:25,357 - INFO - Inserted economic event with ID: 56
2025-07-04 09:03:25,359 - INFO - Inserted economic event with ID: 57
2025-07-04 09:03:25,362 - INFO - Inserted economic event with ID: 58
2025-07-04 09:03:25,364 - INFO - Inserted economic event with ID: 59
2025-07-04 09:03:25,367 - INFO - Inserted economic event with ID: 60
2025-07-04 09:03:25,370 - INFO - Inserted economic event with ID: 61
2025-07-04 09:03:25,372 - INFO - Inserted economic event with ID: 62
2025-07-04 09:03:25,375 - INFO - Inserted economic event with ID: 63
2025-07-04 09:03:25,378 - INFO - Inserted economic event with ID: 64
2025-07-04 09:03:25,381 - INFO - Inserted economic event with ID: 65
2025-07-04 09:03:25,383 - INFO - Inserted economic event with ID: 66
2025-07-04 09:03:25,386 - INFO - Inserted economic event with ID: 67
2025-07-04 09:03:25,388 - INFO - Inserted economic event with ID: 68
2025-07-04 09:03:25,390 - INFO - Inserted economic event with ID: 69
2025-07-04 09:03:25,393 - INFO - Inserted economic event with ID: 70
2025-07-04 09:03:25,396 - INFO - Inserted economic event with ID: 71
2025-07-04 09:03:25,398 - INFO - Inserted economic event with ID: 72
2025-07-04 09:03:25,401 - INFO - Inserted economic event with ID: 73
2025-07-04 09:03:25,404 - INFO - Inserted economic event with ID: 74
2025-07-04 09:03:25,407 - INFO - Inserted economic event with ID: 75
2025-07-04 09:03:25,409 - INFO - Inserted economic event with ID: 76
2025-07-04 09:03:25,412 - INFO - Inserted economic event with ID: 77
2025-07-04 09:03:25,414 - INFO - Inserted economic event with ID: 78
2025-07-04 09:03:25,416 - INFO - Inserted economic event with ID: 79
2025-07-04 09:03:25,418 - INFO - Inserted economic event with ID: 80
2025-07-04 09:03:25,422 - INFO - Inserted economic event with ID: 81
2025-07-04 09:03:25,424 - INFO - Inserted economic event with ID: 82
2025-07-04 09:03:25,427 - INFO - Inserted economic event with ID: 83
2025-07-04 09:03:25,429 - INFO - Inserted economic event with ID: 84
2025-07-04 09:03:25,432 - INFO - Inserted economic event with ID: 85
2025-07-04 09:03:25,435 - INFO - Inserted economic event with ID: 86
2025-07-04 09:03:25,437 - INFO - Inserted economic event with ID: 87
2025-07-04 09:03:25,440 - INFO - Inserted economic event with ID: 88
2025-07-04 09:03:25,443 - INFO - Inserted economic event with ID: 89
2025-07-04 09:03:25,445 - INFO - Inserted economic event with ID: 90
2025-07-04 09:03:25,448 - INFO - Inserted economic event with ID: 91
2025-07-04 09:03:25,450 - INFO - Inserted economic event with ID: 92
2025-07-04 09:03:25,453 - INFO - Inserted economic event with ID: 93
2025-07-04 09:03:25,456 - INFO - Inserted economic event with ID: 94
2025-07-04 09:03:25,458 - INFO - Inserted economic event with ID: 95
2025-07-04 09:03:25,460 - INFO - Inserted economic event with ID: 96
2025-07-04 09:03:25,462 - INFO - Inserted economic event with ID: 97
2025-07-04 09:03:25,466 - INFO - Inserted economic event with ID: 98
2025-07-04 09:03:25,469 - INFO - Inserted economic event with ID: 99
2025-07-04 09:03:25,471 - INFO - Inserted economic event with ID: 100
2025-07-04 09:03:25,474 - INFO - Inserted economic event with ID: 101
2025-07-04 09:03:25,476 - INFO - Inserted economic event with ID: 102
2025-07-04 09:03:25,478 - INFO - Inserted economic event with ID: 103
2025-07-04 09:03:25,481 - INFO - Inserted economic event with ID: 104
2025-07-04 09:03:25,484 - INFO - Inserted economic event with ID: 105
2025-07-04 09:03:25,486 - INFO - Inserted economic event with ID: 106
2025-07-04 09:03:25,489 - INFO - Inserted economic event with ID: 107
2025-07-04 09:03:25,491 - INFO - Inserted economic event with ID: 108
2025-07-04 09:03:25,494 - INFO - Inserted economic event with ID: 109
2025-07-04 09:03:25,496 - INFO - Inserted economic event with ID: 110
2025-07-04 09:03:25,499 - INFO - Inserted economic event with ID: 111
2025-07-04 09:03:25,501 - INFO - Inserted economic event with ID: 112
2025-07-04 09:03:25,504 - INFO - Inserted economic event with ID: 113
2025-07-04 09:03:25,506 - INFO - Inserted economic event with ID: 114
2025-07-04 09:03:25,509 - INFO - Inserted economic event with ID: 115
2025-07-04 09:03:25,511 - INFO - Inserted economic event with ID: 116
2025-07-04 09:03:25,514 - INFO - Inserted economic event with ID: 117
2025-07-04 09:03:25,517 - INFO - Inserted economic event with ID: 118
2025-07-04 09:03:25,519 - INFO - Inserted economic event with ID: 119
2025-07-04 09:03:25,522 - INFO - Inserted economic event with ID: 120
2025-07-04 09:03:25,524 - INFO - Inserted economic event with ID: 121
2025-07-04 09:03:25,527 - INFO - Inserted economic event with ID: 122
2025-07-04 09:03:25,529 - INFO - Inserted economic event with ID: 123
2025-07-04 09:03:25,532 - INFO - Inserted economic event with ID: 124
2025-07-04 09:03:25,535 - INFO - Inserted economic event with ID: 125
2025-07-04 09:03:25,537 - INFO - Inserted economic event with ID: 126
2025-07-04 09:03:25,539 - INFO - Inserted economic event with ID: 127
2025-07-04 09:03:25,542 - INFO - Inserted economic event with ID: 128
2025-07-04 09:03:25,545 - INFO - Inserted economic event with ID: 129
2025-07-04 09:03:25,547 - INFO - Inserted economic event with ID: 130
2025-07-04 09:03:25,550 - INFO - Inserted economic event with ID: 131
2025-07-04 09:03:25,552 - INFO - Inserted economic event with ID: 132
2025-07-04 09:03:25,555 - INFO - Inserted economic event with ID: 133
2025-07-04 09:03:25,557 - INFO - Inserted economic event with ID: 134
2025-07-04 09:03:25,560 - INFO - Inserted economic event with ID: 135
2025-07-04 09:03:25,563 - INFO - Inserted economic event with ID: 136
2025-07-04 09:03:25,565 - INFO - Inserted economic event with ID: 137
2025-07-04 09:03:25,568 - INFO - Inserted economic event with ID: 138
2025-07-04 09:03:25,570 - INFO - Inserted economic event with ID: 139
2025-07-04 09:03:25,572 - INFO - Inserted economic event with ID: 140
2025-07-04 09:03:25,575 - INFO - Inserted economic event with ID: 141
2025-07-04 09:03:25,577 - INFO - Inserted economic event with ID: 142
2025-07-04 09:03:25,580 - INFO - Inserted economic event with ID: 143
2025-07-04 09:03:25,582 - INFO - Inserted economic event with ID: 144
2025-07-04 09:03:25,585 - INFO - Inserted economic event with ID: 145
2025-07-04 09:03:25,588 - INFO - Inserted economic event with ID: 146
2025-07-04 09:03:25,591 - INFO - Inserted economic event with ID: 147
2025-07-04 09:03:25,594 - INFO - Inserted economic event with ID: 148
2025-07-04 09:03:25,597 - INFO - Inserted economic event with ID: 149
2025-07-04 09:03:25,599 - INFO - Inserted economic event with ID: 150
2025-07-04 09:03:25,601 - INFO - Inserted economic event with ID: 151
2025-07-04 09:03:25,604 - INFO - Inserted economic event with ID: 152
2025-07-04 09:03:25,606 - INFO - Inserted economic event with ID: 153
2025-07-04 09:03:25,609 - INFO - Inserted economic event with ID: 154
2025-07-04 09:03:25,611 - INFO - Inserted economic event with ID: 155
2025-07-04 09:03:25,613 - INFO - Inserted economic event with ID: 156
2025-07-04 09:03:25,616 - INFO - Inserted economic event with ID: 157
2025-07-04 09:03:25,618 - INFO - Inserted economic event with ID: 158
2025-07-04 09:03:25,621 - INFO - Inserted economic event with ID: 159
2025-07-04 09:03:25,624 - INFO - Inserted economic event with ID: 160
2025-07-04 09:03:25,626 - INFO - Inserted economic event with ID: 161
2025-07-04 09:03:25,628 - INFO - Inserted economic event with ID: 162
2025-07-04 09:03:25,631 - INFO - Inserted economic event with ID: 163
2025-07-04 09:03:25,634 - INFO - Inserted economic event with ID: 164
2025-07-04 09:03:25,637 - INFO - Inserted economic event with ID: 165
2025-07-04 09:03:25,639 - INFO - Inserted economic event with ID: 166
2025-07-04 09:03:25,642 - INFO - Inserted economic event with ID: 167
2025-07-04 09:03:25,644 - INFO - Inserted economic event with ID: 168
2025-07-04 09:03:25,647 - INFO - Inserted economic event with ID: 169
2025-07-04 09:03:25,649 - INFO - Inserted economic event with ID: 170
2025-07-04 09:03:25,652 - INFO - Inserted economic event with ID: 171
2025-07-04 09:03:25,654 - INFO - Inserted economic event with ID: 172
2025-07-04 09:03:25,657 - INFO - Inserted economic event with ID: 173
2025-07-04 09:03:25,659 - INFO - Inserted economic event with ID: 174
2025-07-04 09:03:25,662 - INFO - Inserted economic event with ID: 175
2025-07-04 09:03:25,664 - INFO - Inserted economic event with ID: 176
2025-07-04 09:03:25,667 - INFO - Inserted economic event with ID: 177
2025-07-04 09:03:25,670 - INFO - Inserted economic event with ID: 178
2025-07-04 09:03:25,673 - INFO - Inserted economic event with ID: 179
2025-07-04 09:03:25,675 - INFO - Inserted economic event with ID: 180
2025-07-04 09:03:25,678 - INFO - Inserted economic event with ID: 181
2025-07-04 09:03:25,680 - INFO - Inserted economic event with ID: 182
2025-07-04 09:03:25,683 - INFO - Inserted economic event with ID: 183
2025-07-04 09:03:25,687 - INFO - Inserted economic event with ID: 184
2025-07-04 09:03:25,690 - INFO - Inserted economic event with ID: 185
2025-07-04 09:03:25,692 - INFO - Inserted economic event with ID: 186
2025-07-04 09:03:25,695 - INFO - Inserted economic event with ID: 187
2025-07-04 09:03:25,697 - INFO - Inserted economic event with ID: 188
2025-07-04 09:03:25,700 - INFO - Inserted economic event with ID: 189
2025-07-04 09:03:25,703 - INFO - Inserted economic event with ID: 190
2025-07-04 09:03:25,705 - INFO - Inserted economic event with ID: 191
2025-07-04 09:03:25,708 - INFO - Inserted economic event with ID: 192
2025-07-04 09:03:25,710 - INFO - Inserted economic event with ID: 193
2025-07-04 09:03:25,713 - INFO - Inserted economic event with ID: 194
2025-07-04 09:03:25,715 - INFO - Inserted economic event with ID: 195
2025-07-04 09:03:25,718 - INFO - Inserted economic event with ID: 196
2025-07-04 09:03:25,720 - INFO - Inserted economic event with ID: 197
2025-07-04 09:03:25,723 - INFO - Inserted economic event with ID: 198
2025-07-04 09:03:25,726 - INFO - Inserted economic event with ID: 199
2025-07-04 09:03:25,728 - INFO - Inserted economic event with ID: 200
2025-07-04 09:03:25,731 - INFO - Inserted economic event with ID: 201
2025-07-04 09:03:25,733 - INFO - Inserted economic event with ID: 202
2025-07-04 09:03:25,736 - INFO - Inserted economic event with ID: 203
2025-07-04 09:03:25,738 - INFO - Inserted economic event with ID: 204
2025-07-04 09:03:25,741 - INFO - Inserted economic event with ID: 205
2025-07-04 09:03:25,744 - INFO - Inserted economic event with ID: 206
2025-07-04 09:03:25,746 - INFO - Inserted economic event with ID: 207
2025-07-04 09:03:25,749 - INFO - Inserted economic event with ID: 208
2025-07-04 09:03:25,751 - INFO - Inserted economic event with ID: 209
2025-07-04 09:03:25,754 - INFO - Inserted economic event with ID: 210
2025-07-04 09:03:25,756 - INFO - Inserted economic event with ID: 211
2025-07-04 09:03:25,759 - INFO - Inserted economic event with ID: 212
2025-07-04 09:03:25,762 - INFO - Inserted economic event with ID: 213
2025-07-04 09:03:25,764 - INFO - Inserted economic event with ID: 214
2025-07-04 09:03:25,767 - INFO - Inserted economic event with ID: 215
2025-07-04 09:03:25,769 - INFO - Inserted economic event with ID: 216
2025-07-04 09:03:25,772 - INFO - Inserted economic event with ID: 217
2025-07-04 09:03:25,774 - INFO - Inserted economic event with ID: 218
2025-07-04 09:03:25,776 - INFO - Inserted economic event with ID: 219
2025-07-04 09:03:25,779 - INFO - Inserted economic event with ID: 220
2025-07-04 09:03:25,781 - INFO - Inserted economic event with ID: 221
2025-07-04 09:03:25,784 - INFO - Inserted economic event with ID: 222
2025-07-04 09:03:25,786 - INFO - Inserted economic event with ID: 223
2025-07-04 09:03:25,789 - INFO - Inserted economic event with ID: 224
2025-07-04 09:03:25,793 - INFO - Inserted economic event with ID: 225
2025-07-04 09:03:25,796 - INFO - Inserted economic event with ID: 226
2025-07-04 09:03:25,798 - INFO - Inserted economic event with ID: 227
2025-07-04 09:03:25,801 - INFO - Inserted economic event with ID: 228
2025-07-04 09:03:25,804 - INFO - Inserted economic event with ID: 229
2025-07-04 09:03:25,806 - INFO - Inserted economic event with ID: 230
2025-07-04 09:03:25,811 - INFO - Inserted economic event with ID: 231
2025-07-04 09:03:25,814 - INFO - Inserted economic event with ID: 232
2025-07-04 09:03:25,817 - INFO - Inserted economic event with ID: 233
2025-07-04 09:03:25,819 - INFO - Inserted economic event with ID: 234
2025-07-04 09:03:25,823 - INFO - Inserted economic event with ID: 235
2025-07-04 09:03:25,826 - INFO - Inserted economic event with ID: 236
2025-07-04 09:03:25,829 - INFO - Inserted economic event with ID: 237
2025-07-04 09:03:25,832 - INFO - Inserted economic event with ID: 238
2025-07-04 09:03:25,835 - INFO - Inserted economic event with ID: 239
2025-07-04 09:03:25,838 - INFO - Inserted economic event with ID: 240
2025-07-04 09:03:25,841 - INFO - Inserted economic event with ID: 241
2025-07-04 09:03:25,845 - INFO - Inserted economic event with ID: 242
2025-07-04 09:03:25,848 - INFO - Inserted economic event with ID: 243
2025-07-04 09:03:25,850 - INFO - Inserted economic event with ID: 244
2025-07-04 09:03:25,853 - INFO - Inserted economic event with ID: 245
2025-07-04 09:03:25,856 - INFO - Inserted economic event with ID: 246
2025-07-04 09:03:25,860 - INFO - Inserted economic event with ID: 247
2025-07-04 09:03:25,863 - INFO - Inserted economic event with ID: 248
2025-07-04 09:03:25,866 - INFO - Inserted economic event with ID: 249
2025-07-04 09:03:25,869 - INFO - Inserted economic event with ID: 250
2025-07-04 09:03:25,872 - INFO - Inserted economic event with ID: 251
2025-07-04 09:03:25,875 - INFO - Inserted economic event with ID: 252
2025-07-04 09:03:25,878 - INFO - Inserted economic event with ID: 253
2025-07-04 09:03:25,881 - INFO - Inserted economic event with ID: 254
2025-07-04 09:03:25,884 - INFO - Inserted economic event with ID: 255
2025-07-04 09:03:25,887 - INFO - Inserted economic event with ID: 256
2025-07-04 09:03:25,890 - INFO - Inserted economic event with ID: 257
2025-07-04 09:03:25,893 - INFO - Inserted economic event with ID: 258
2025-07-04 09:03:25,896 - INFO - Inserted economic event with ID: 259
2025-07-04 09:03:25,899 - INFO - Inserted economic event with ID: 260
2025-07-04 09:03:25,902 - INFO - Inserted economic event with ID: 261
2025-07-04 09:03:25,905 - INFO - Inserted economic event with ID: 262
2025-07-04 09:03:25,908 - INFO - Inserted economic event with ID: 263
2025-07-04 09:03:25,911 - INFO - Inserted economic event with ID: 264
2025-07-04 09:03:25,914 - INFO - Inserted economic event with ID: 265
2025-07-04 09:03:25,917 - INFO - Inserted economic event with ID: 266
2025-07-04 09:03:25,920 - INFO - Inserted economic event with ID: 267
2025-07-04 09:03:25,924 - INFO - Inserted economic event with ID: 268
2025-07-04 09:03:25,926 - INFO - Inserted economic event with ID: 269
2025-07-04 09:03:25,929 - INFO - Inserted economic event with ID: 270
2025-07-04 09:03:25,932 - INFO - Inserted economic event with ID: 271
2025-07-04 09:03:25,934 - INFO - Inserted economic event with ID: 272
2025-07-04 09:03:25,937 - INFO - Inserted economic event with ID: 273
2025-07-04 09:03:25,940 - INFO - Inserted economic event with ID: 274
2025-07-04 09:03:25,943 - INFO - Inserted economic event with ID: 275
2025-07-04 09:03:25,945 - INFO - Inserted economic event with ID: 276
2025-07-04 09:03:25,948 - INFO - Inserted economic event with ID: 277
2025-07-04 09:03:25,951 - INFO - Inserted economic event with ID: 278
2025-07-04 09:03:25,953 - INFO - Inserted economic event with ID: 279
2025-07-04 09:03:25,955 - INFO - Inserted economic event with ID: 280
2025-07-04 09:03:25,958 - INFO - Inserted economic event with ID: 281
2025-07-04 09:03:25,961 - INFO - Inserted economic event with ID: 282
2025-07-04 09:03:25,964 - INFO - Inserted economic event with ID: 283
2025-07-04 09:03:25,966 - INFO - Inserted economic event with ID: 284
2025-07-04 09:03:25,969 - INFO - Inserted economic event with ID: 285
2025-07-04 09:03:25,971 - INFO - Inserted economic event with ID: 286
2025-07-04 09:03:25,973 - INFO - Inserted economic event with ID: 287
2025-07-04 09:03:25,976 - INFO - Inserted economic event with ID: 288
2025-07-04 09:03:25,978 - INFO - Inserted economic event with ID: 289
2025-07-04 09:03:25,982 - INFO - Inserted economic event with ID: 290
2025-07-04 09:03:25,984 - INFO - Inserted economic event with ID: 291
2025-07-04 09:03:25,986 - INFO - Inserted economic event with ID: 292
2025-07-04 09:03:25,989 - INFO - Inserted economic event with ID: 293
2025-07-04 09:03:25,992 - INFO - Inserted economic event with ID: 294
2025-07-04 09:03:25,995 - INFO - Inserted economic event with ID: 295
2025-07-04 09:03:25,998 - INFO - Inserted economic event with ID: 296
2025-07-04 09:03:26,001 - INFO - Inserted economic event with ID: 297
2025-07-04 09:03:26,003 - INFO - Inserted economic event with ID: 298
2025-07-04 09:03:26,006 - INFO - Inserted economic event with ID: 299
2025-07-04 09:03:26,009 - INFO - Inserted economic event with ID: 300
2025-07-04 09:03:26,011 - INFO - Inserted economic event with ID: 301
2025-07-04 09:03:26,014 - INFO - Inserted economic event with ID: 302
2025-07-04 09:03:26,016 - INFO - Inserted economic event with ID: 303
2025-07-04 09:03:26,019 - INFO - Inserted economic event with ID: 304
2025-07-04 09:03:26,022 - INFO - Inserted economic event with ID: 305
2025-07-04 09:03:26,024 - INFO - Inserted economic event with ID: 306
2025-07-04 09:03:26,027 - INFO - Inserted economic event with ID: 307
2025-07-04 09:03:26,030 - INFO - Inserted economic event with ID: 308
2025-07-04 09:03:26,032 - INFO - Inserted economic event with ID: 309
2025-07-04 09:03:26,035 - INFO - Inserted economic event with ID: 310
2025-07-04 09:03:26,038 - INFO - Inserted economic event with ID: 311
2025-07-04 09:03:26,040 - INFO - Inserted economic event with ID: 312
2025-07-04 09:03:26,043 - INFO - Inserted economic event with ID: 313
2025-07-04 09:03:26,046 - INFO - Inserted economic event with ID: 314
2025-07-04 09:03:26,048 - INFO - Inserted economic event with ID: 315
2025-07-04 09:03:26,051 - INFO - Inserted economic event with ID: 316
2025-07-04 09:03:26,053 - INFO - Inserted economic event with ID: 317
2025-07-04 09:03:26,055 - INFO - Inserted economic event with ID: 318
2025-07-04 09:03:26,059 - INFO - Inserted economic event with ID: 319
2025-07-04 09:03:26,061 - INFO - Inserted economic event with ID: 320
2025-07-04 09:03:26,064 - INFO - Inserted economic event with ID: 321
2025-07-04 09:03:26,067 - INFO - Inserted economic event with ID: 322
2025-07-04 09:03:26,069 - INFO - Inserted economic event with ID: 323
2025-07-04 09:03:26,071 - INFO - Inserted economic event with ID: 324
2025-07-04 09:03:26,074 - INFO - Inserted economic event with ID: 325
2025-07-04 09:03:26,077 - INFO - Inserted economic event with ID: 326
2025-07-04 09:03:26,079 - INFO - Inserted economic event with ID: 327
2025-07-04 09:03:26,082 - INFO - Inserted economic event with ID: 328
2025-07-04 09:03:26,084 - INFO - Inserted economic event with ID: 329
2025-07-04 09:03:26,087 - INFO - Inserted economic event with ID: 330
2025-07-04 09:03:26,089 - INFO - Inserted economic event with ID: 331
2025-07-04 09:03:26,092 - INFO - Inserted economic event with ID: 332
2025-07-04 09:03:26,094 - INFO - Inserted economic event with ID: 333
2025-07-04 09:03:26,096 - INFO - Inserted economic event with ID: 334
2025-07-04 09:03:26,099 - INFO - Inserted economic event with ID: 335
2025-07-04 09:03:26,102 - INFO - Inserted economic event with ID: 336
2025-07-04 09:03:26,104 - INFO - Inserted economic event with ID: 337
2025-07-04 09:03:26,106 - INFO - Inserted economic event with ID: 338
2025-07-04 09:03:26,109 - INFO - Inserted economic event with ID: 339
2025-07-04 09:03:26,111 - INFO - Inserted economic event with ID: 340
2025-07-04 09:03:26,114 - INFO - Inserted economic event with ID: 341
2025-07-04 09:03:26,116 - INFO - Inserted economic event with ID: 342
2025-07-04 09:03:26,119 - INFO - Inserted economic event with ID: 343
2025-07-04 09:03:26,122 - INFO - Inserted economic event with ID: 344
2025-07-04 09:03:26,124 - INFO - Inserted economic event with ID: 345
2025-07-04 09:03:26,127 - INFO - Inserted economic event with ID: 346
2025-07-04 09:03:26,129 - INFO - Inserted economic event with ID: 347
2025-07-04 09:03:26,133 - INFO - Inserted economic event with ID: 348
2025-07-04 09:03:26,136 - INFO - Inserted economic event with ID: 349
2025-07-04 09:03:26,138 - INFO - Inserted economic event with ID: 350
2025-07-04 09:03:26,141 - INFO - Inserted economic event with ID: 351
2025-07-04 09:03:26,144 - INFO - Inserted economic event with ID: 352
2025-07-04 09:03:26,146 - INFO - Inserted economic event with ID: 353
2025-07-04 09:03:26,149 - INFO - Inserted economic event with ID: 354
2025-07-04 09:03:26,152 - INFO - Inserted economic event with ID: 355
2025-07-04 09:03:26,155 - INFO - Inserted economic event with ID: 356
2025-07-04 09:03:26,157 - INFO - Inserted economic event with ID: 357
2025-07-04 09:03:26,160 - INFO - Inserted economic event with ID: 358
2025-07-04 09:03:26,162 - INFO - Inserted economic event with ID: 359
2025-07-04 09:03:26,165 - INFO - Inserted economic event with ID: 360
2025-07-04 09:03:26,168 - INFO - Inserted economic event with ID: 361
2025-07-04 09:03:26,170 - INFO - Inserted economic event with ID: 362
2025-07-04 09:03:26,173 - INFO - Inserted economic event with ID: 363
2025-07-04 09:03:26,176 - INFO - Inserted economic event with ID: 364
2025-07-04 09:03:26,178 - INFO - Inserted economic event with ID: 365
2025-07-04 09:03:26,180 - INFO - Inserted economic event with ID: 366
2025-07-04 09:03:26,183 - INFO - Inserted economic event with ID: 367
2025-07-04 09:03:26,185 - INFO - Inserted economic event with ID: 368
2025-07-04 09:03:26,189 - INFO - Inserted economic event with ID: 369
2025-07-04 09:03:26,191 - INFO - Inserted economic event with ID: 370
2025-07-04 09:03:26,194 - INFO - Inserted economic event with ID: 371
2025-07-04 09:03:26,197 - INFO - Inserted economic event with ID: 372
2025-07-04 09:03:26,199 - INFO - Inserted economic event with ID: 373
2025-07-04 09:03:26,202 - INFO - Inserted economic event with ID: 374
2025-07-04 09:03:26,205 - INFO - Inserted economic event with ID: 375
2025-07-04 09:03:26,207 - INFO - Inserted economic event with ID: 376
2025-07-04 09:03:26,209 - INFO - Inserted economic event with ID: 377
2025-07-04 09:03:26,213 - INFO - Inserted economic event with ID: 378
2025-07-04 09:03:26,216 - INFO - Inserted economic event with ID: 379
2025-07-04 09:03:26,219 - INFO - Inserted economic event with ID: 380
2025-07-04 09:03:26,221 - INFO - Inserted economic event with ID: 381
2025-07-04 09:03:26,224 - INFO - Inserted economic event with ID: 382
2025-07-04 09:03:26,227 - INFO - Inserted economic event with ID: 383
2025-07-04 09:03:26,229 - INFO - Inserted economic event with ID: 384
2025-07-04 09:03:26,232 - INFO - Inserted economic event with ID: 385
2025-07-04 09:03:26,234 - INFO - Inserted economic event with ID: 386
2025-07-04 09:03:26,237 - INFO - Inserted economic event with ID: 387
2025-07-04 09:03:26,240 - INFO - Inserted economic event with ID: 388
2025-07-04 09:03:26,242 - INFO - Inserted economic event with ID: 389
2025-07-04 09:03:26,246 - INFO - Inserted economic event with ID: 390
2025-07-04 09:03:26,248 - INFO - Inserted economic event with ID: 391
2025-07-04 09:03:26,251 - INFO - Inserted economic event with ID: 392
2025-07-04 09:03:26,253 - INFO - Inserted economic event with ID: 393
2025-07-04 09:03:26,256 - INFO - Inserted economic event with ID: 394
2025-07-04 09:03:26,258 - INFO - Inserted economic event with ID: 395
2025-07-04 09:03:26,261 - INFO - Inserted economic event with ID: 396
2025-07-04 09:03:26,265 - INFO - Inserted economic event with ID: 397
2025-07-04 09:03:26,267 - INFO - Inserted economic event with ID: 398
2025-07-04 09:03:26,270 - INFO - Inserted economic event with ID: 399
2025-07-04 09:03:26,273 - INFO - Inserted economic event with ID: 400
2025-07-04 09:03:26,275 - INFO - Inserted economic event with ID: 401
2025-07-04 09:03:26,278 - INFO - Inserted economic event with ID: 402
2025-07-04 09:03:26,280 - INFO - Inserted economic event with ID: 403
2025-07-04 09:03:26,283 - INFO - Inserted economic event with ID: 404
2025-07-04 09:03:26,286 - INFO - Inserted economic event with ID: 405
2025-07-04 09:03:26,288 - INFO - Inserted economic event with ID: 406
2025-07-04 09:03:26,291 - INFO - Inserted economic event with ID: 407
2025-07-04 09:03:26,294 - INFO - Inserted economic event with ID: 408
2025-07-04 09:03:26,296 - INFO - Inserted economic event with ID: 409
2025-07-04 09:03:26,299 - INFO - Inserted economic event with ID: 410
2025-07-04 09:03:26,301 - INFO - Inserted economic event with ID: 411
2025-07-04 09:03:26,304 - INFO - Inserted economic event with ID: 412
2025-07-04 09:03:26,308 - INFO - Inserted economic event with ID: 413
2025-07-04 09:03:26,311 - INFO - Inserted economic event with ID: 414
2025-07-04 09:03:26,314 - INFO - Inserted economic event with ID: 415
2025-07-04 09:03:26,317 - INFO - Inserted economic event with ID: 416
2025-07-04 09:03:26,319 - INFO - Inserted economic event with ID: 417
2025-07-04 09:03:26,322 - INFO - Inserted economic event with ID: 418
2025-07-04 09:03:26,325 - INFO - Inserted economic event with ID: 419
2025-07-04 09:03:26,327 - INFO - Inserted economic event with ID: 420
2025-07-04 09:03:26,330 - INFO - Inserted economic event with ID: 421
2025-07-04 09:03:26,332 - INFO - Inserted economic event with ID: 422
2025-07-04 09:03:26,335 - INFO - Inserted economic event with ID: 423
2025-07-04 09:03:26,338 - INFO - Inserted economic event with ID: 424
2025-07-04 09:03:26,340 - INFO - Inserted economic event with ID: 425
2025-07-04 09:03:26,343 - INFO - Inserted economic event with ID: 426
2025-07-04 09:03:26,345 - INFO - Inserted economic event with ID: 427
2025-07-04 09:03:26,347 - INFO - Inserted economic event with ID: 428
2025-07-04 09:03:26,350 - INFO - Inserted economic event with ID: 429
2025-07-04 09:03:26,353 - INFO - Inserted economic event with ID: 430
2025-07-04 09:03:26,356 - INFO - Inserted economic event with ID: 431
2025-07-04 09:03:26,358 - INFO - Inserted economic event with ID: 432
2025-07-04 09:03:26,361 - INFO - Inserted economic event with ID: 433
2025-07-04 09:03:26,364 - INFO - Inserted economic event with ID: 434
2025-07-04 09:03:26,366 - INFO - Inserted economic event with ID: 435
2025-07-04 09:03:26,369 - INFO - Inserted economic event with ID: 436
2025-07-04 09:03:26,372 - INFO - Inserted economic event with ID: 437
2025-07-04 09:03:26,374 - INFO - Inserted economic event with ID: 438
2025-07-04 09:03:26,377 - INFO - Inserted economic event with ID: 439
2025-07-04 09:03:26,379 - INFO - Inserted economic event with ID: 440
2025-07-04 09:03:26,382 - INFO - Inserted economic event with ID: 441
2025-07-04 09:03:26,385 - INFO - Inserted economic event with ID: 442
2025-07-04 09:03:26,387 - INFO - Inserted economic event with ID: 443
2025-07-04 09:03:26,390 - INFO - Inserted economic event with ID: 444
2025-07-04 09:03:26,392 - INFO - Inserted economic event with ID: 445
2025-07-04 09:03:26,395 - INFO - Inserted economic event with ID: 446
2025-07-04 09:03:26,398 - INFO - Inserted economic event with ID: 447
2025-07-04 09:03:26,401 - INFO - Inserted economic event with ID: 448
2025-07-04 09:03:26,403 - INFO - Inserted economic event with ID: 449
2025-07-04 09:03:26,406 - INFO - Inserted economic event with ID: 450
2025-07-04 09:03:26,409 - INFO - Inserted economic event with ID: 451
2025-07-04 09:03:26,411 - INFO - Inserted economic event with ID: 452
2025-07-04 09:03:26,414 - INFO - Inserted economic event with ID: 453
2025-07-04 09:03:26,416 - INFO - Inserted economic event with ID: 454
2025-07-04 09:03:26,419 - INFO - Inserted economic event with ID: 455
2025-07-04 09:03:26,422 - INFO - Inserted economic event with ID: 456
2025-07-04 09:03:26,424 - INFO - Inserted economic event with ID: 457
2025-07-04 09:03:26,427 - INFO - Inserted economic event with ID: 458
2025-07-04 09:03:26,430 - INFO - Inserted economic event with ID: 459
2025-07-04 09:03:26,433 - INFO - Inserted economic event with ID: 460
2025-07-04 09:03:26,435 - INFO - Inserted economic event with ID: 461
2025-07-04 09:03:26,438 - INFO - Inserted economic event with ID: 462
2025-07-04 09:03:26,440 - INFO - Inserted economic event with ID: 463
2025-07-04 09:03:26,443 - INFO - Inserted economic event with ID: 464
2025-07-04 09:03:26,446 - INFO - Inserted economic event with ID: 465
2025-07-04 09:03:26,449 - INFO - Inserted economic event with ID: 466
2025-07-04 09:03:26,451 - INFO - Inserted economic event with ID: 467
2025-07-04 09:03:26,453 - INFO - Inserted economic event with ID: 468
2025-07-04 09:03:26,456 - INFO - Inserted economic event with ID: 469
2025-07-04 09:03:26,459 - INFO - Inserted economic event with ID: 470
2025-07-04 09:03:26,462 - INFO - Inserted economic event with ID: 471
2025-07-04 09:03:26,464 - INFO - Inserted economic event with ID: 472
2025-07-04 09:03:26,467 - INFO - Inserted economic event with ID: 473
2025-07-04 09:03:26,470 - INFO - Inserted economic event with ID: 474
2025-07-04 09:03:26,472 - INFO - Inserted economic event with ID: 475
2025-07-04 09:03:26,475 - INFO - Inserted economic event with ID: 476
2025-07-04 09:03:26,479 - INFO - Inserted economic event with ID: 477
2025-07-04 09:03:26,482 - INFO - Inserted economic event with ID: 478
2025-07-04 09:03:26,485 - INFO - Inserted economic event with ID: 479
2025-07-04 09:03:26,487 - INFO - Inserted economic event with ID: 480
2025-07-04 09:03:26,490 - INFO - Inserted economic event with ID: 481
2025-07-04 09:03:26,492 - INFO - Inserted economic event with ID: 482
2025-07-04 09:03:26,495 - INFO - Inserted economic event with ID: 483
2025-07-04 09:03:26,498 - INFO - Inserted economic event with ID: 484
2025-07-04 09:03:26,500 - INFO - Inserted economic event with ID: 485
2025-07-04 09:03:26,503 - INFO - Inserted economic event with ID: 486
2025-07-04 09:03:26,505 - INFO - Inserted economic event with ID: 487
2025-07-04 09:03:26,508 - INFO - Inserted economic event with ID: 488
2025-07-04 09:03:26,510 - INFO - Inserted economic event with ID: 489
2025-07-04 09:03:26,513 - INFO - Inserted economic event with ID: 490
2025-07-04 09:03:26,515 - INFO - Inserted economic event with ID: 491
2025-07-04 09:03:26,517 - INFO - Inserted economic event with ID: 492
2025-07-04 09:03:26,520 - INFO - Inserted economic event with ID: 493
2025-07-04 09:03:26,523 - INFO - Inserted economic event with ID: 494
2025-07-04 09:03:26,526 - INFO - Inserted economic event with ID: 495
2025-07-04 09:03:26,528 - INFO - Inserted economic event with ID: 496
2025-07-04 09:03:26,530 - INFO - Inserted economic event with ID: 497
2025-07-04 09:03:26,533 - INFO - Inserted economic event with ID: 498
2025-07-04 09:03:26,535 - INFO - Inserted economic event with ID: 499
2025-07-04 09:03:26,538 - INFO - Inserted economic event with ID: 500
2025-07-04 09:03:26,541 - INFO - Inserted economic event with ID: 501
2025-07-04 09:03:26,544 - INFO - Inserted economic event with ID: 502
2025-07-04 09:03:26,546 - INFO - Inserted economic event with ID: 503
2025-07-04 09:03:26,549 - INFO - Inserted economic event with ID: 504
2025-07-04 09:03:26,551 - INFO - Inserted economic event with ID: 505
2025-07-04 09:03:26,554 - INFO - Inserted economic event with ID: 506
2025-07-04 09:03:26,557 - INFO - Inserted economic event with ID: 507
2025-07-04 09:03:26,559 - INFO - Inserted economic event with ID: 508
2025-07-04 09:03:26,562 - INFO - Inserted economic event with ID: 509
2025-07-04 09:03:26,564 - INFO - Inserted economic event with ID: 510
2025-07-04 09:03:26,567 - INFO - Inserted economic event with ID: 511
2025-07-04 09:03:26,570 - INFO - Inserted economic event with ID: 512
2025-07-04 09:03:26,572 - INFO - Inserted economic event with ID: 513
2025-07-04 09:03:26,575 - INFO - Inserted economic event with ID: 514
2025-07-04 09:03:26,577 - INFO - Inserted economic event with ID: 515
2025-07-04 09:03:26,580 - INFO - Inserted economic event with ID: 516
2025-07-04 09:03:26,583 - INFO - Inserted economic event with ID: 517
2025-07-04 09:03:26,585 - INFO - Inserted economic event with ID: 518
2025-07-04 09:03:26,588 - INFO - Inserted economic event with ID: 519
2025-07-04 09:03:26,591 - INFO - Inserted economic event with ID: 520
2025-07-04 09:03:26,594 - INFO - Inserted economic event with ID: 521
2025-07-04 09:03:26,597 - INFO - Inserted economic event with ID: 522
2025-07-04 09:03:26,599 - INFO - Inserted economic event with ID: 523
2025-07-04 09:03:26,601 - INFO - Inserted economic event with ID: 524
2025-07-04 09:03:26,604 - INFO - Inserted economic event with ID: 525
2025-07-04 09:03:26,607 - INFO - Inserted economic event with ID: 526
2025-07-04 09:03:26,609 - INFO - Inserted economic event with ID: 527
2025-07-04 09:03:26,612 - INFO - Inserted economic event with ID: 528
2025-07-04 09:03:26,615 - INFO - Inserted economic event with ID: 529
2025-07-04 09:03:26,617 - INFO - Inserted economic event with ID: 530
2025-07-04 09:03:26,620 - INFO - Inserted economic event with ID: 531
2025-07-04 09:03:26,623 - INFO - Inserted economic event with ID: 532
2025-07-04 09:03:26,625 - INFO - Inserted economic event with ID: 533
2025-07-04 09:03:26,628 - INFO - Inserted economic event with ID: 534
2025-07-04 09:03:26,630 - INFO - Inserted economic event with ID: 535
2025-07-04 09:03:26,633 - INFO - Inserted economic event with ID: 536
2025-07-04 09:03:26,635 - INFO - Inserted economic event with ID: 537
2025-07-04 09:03:26,638 - INFO - Inserted economic event with ID: 538
2025-07-04 09:03:26,640 - INFO - Inserted economic event with ID: 539
2025-07-04 09:03:26,643 - INFO - Inserted economic event with ID: 540
2025-07-04 09:03:26,645 - INFO - Inserted economic event with ID: 541
2025-07-04 09:03:26,648 - INFO - Inserted economic event with ID: 542
2025-07-04 09:03:26,651 - INFO - Inserted economic event with ID: 543
2025-07-04 09:03:26,653 - INFO - Inserted economic event with ID: 544
2025-07-04 09:03:26,656 - INFO - Inserted economic event with ID: 545
2025-07-04 09:03:26,658 - INFO - Inserted economic event with ID: 546
2025-07-04 09:03:26,661 - INFO - Inserted economic event with ID: 547
2025-07-04 09:03:26,664 - INFO - Inserted economic event with ID: 548
2025-07-04 09:03:26,666 - INFO - Inserted economic event with ID: 549
2025-07-04 09:03:26,669 - INFO - Inserted economic event with ID: 550
2025-07-04 09:03:26,671 - INFO - Inserted economic event with ID: 551
2025-07-04 09:03:26,674 - INFO - Inserted economic event with ID: 552
2025-07-04 09:03:26,676 - INFO - Inserted economic event with ID: 553
2025-07-04 09:03:26,679 - INFO - Inserted economic event with ID: 554
2025-07-04 09:03:26,682 - INFO - Inserted economic event with ID: 555
2025-07-04 09:03:26,685 - INFO - Inserted economic event with ID: 556
2025-07-04 09:03:26,687 - INFO - Inserted economic event with ID: 557
2025-07-04 09:03:26,689 - INFO - Inserted economic event with ID: 558
2025-07-04 09:03:26,692 - INFO - Inserted economic event with ID: 559
2025-07-04 09:03:26,694 - INFO - Inserted economic event with ID: 560
2025-07-04 09:03:26,697 - INFO - Inserted economic event with ID: 561
2025-07-04 09:03:26,699 - INFO - Inserted economic event with ID: 562
2025-07-04 09:03:26,702 - INFO - Inserted economic event with ID: 563
2025-07-04 09:03:26,704 - INFO - Inserted economic event with ID: 564
2025-07-04 09:03:26,707 - INFO - Inserted economic event with ID: 565
2025-07-04 09:03:26,710 - INFO - Inserted economic event with ID: 566
2025-07-04 09:03:26,713 - INFO - Inserted economic event with ID: 567
2025-07-04 09:03:26,715 - INFO - Inserted economic event with ID: 568
2025-07-04 09:03:26,718 - INFO - Inserted economic event with ID: 569
2025-07-04 09:03:26,720 - INFO - Inserted economic event with ID: 570
2025-07-04 09:03:26,723 - INFO - Inserted economic event with ID: 571
2025-07-04 09:03:26,726 - INFO - Inserted economic event with ID: 572
2025-07-04 09:03:26,729 - INFO - Inserted economic event with ID: 573
2025-07-04 09:03:26,732 - INFO - Inserted economic event with ID: 574
2025-07-04 09:03:26,734 - INFO - Inserted economic event with ID: 575
2025-07-04 09:03:26,736 - INFO - Inserted economic event with ID: 576
2025-07-04 09:03:26,739 - INFO - Inserted economic event with ID: 577
2025-07-04 09:03:26,741 - INFO - Inserted economic event with ID: 578
2025-07-04 09:03:26,744 - INFO - Inserted economic event with ID: 579
2025-07-04 09:03:26,746 - INFO - Inserted economic event with ID: 580
2025-07-04 09:03:26,749 - INFO - Inserted economic event with ID: 581
2025-07-04 09:03:26,751 - INFO - Inserted economic event with ID: 582
2025-07-04 09:03:26,753 - INFO - Inserted economic event with ID: 583
2025-07-04 09:03:26,756 - INFO - Inserted economic event with ID: 584
2025-07-04 09:03:26,759 - INFO - Inserted economic event with ID: 585
2025-07-04 09:03:26,761 - INFO - Inserted economic event with ID: 586
2025-07-04 09:03:26,764 - INFO - Inserted economic event with ID: 587
2025-07-04 09:03:26,766 - INFO - Inserted economic event with ID: 588
2025-07-04 09:03:26,769 - INFO - Inserted economic event with ID: 589
2025-07-04 09:03:26,771 - INFO - Inserted economic event with ID: 590
2025-07-04 09:03:26,774 - INFO - Inserted economic event with ID: 591
2025-07-04 09:03:26,776 - INFO - Inserted economic event with ID: 592
2025-07-04 09:03:26,778 - INFO - Inserted economic event with ID: 593
2025-07-04 09:03:26,781 - INFO - Inserted economic event with ID: 594
2025-07-04 09:03:26,784 - INFO - Inserted economic event with ID: 595
2025-07-04 09:03:26,786 - INFO - Inserted economic event with ID: 596
2025-07-04 09:03:26,789 - INFO - Inserted economic event with ID: 597
2025-07-04 09:03:26,791 - INFO - Inserted economic event with ID: 598
2025-07-04 09:03:26,794 - INFO - Inserted economic event with ID: 599
2025-07-04 09:03:26,797 - INFO - Inserted economic event with ID: 600
2025-07-04 09:03:26,799 - INFO - Inserted economic event with ID: 601
2025-07-04 09:03:26,801 - INFO - Inserted economic event with ID: 602
2025-07-04 09:03:26,805 - INFO - Inserted economic event with ID: 603
2025-07-04 09:03:26,808 - INFO - Inserted economic event with ID: 604
2025-07-04 09:03:26,810 - INFO - Inserted economic event with ID: 605
2025-07-04 09:03:26,813 - INFO - Inserted economic event with ID: 606
2025-07-04 09:03:26,815 - INFO - Inserted economic event with ID: 607
2025-07-04 09:03:26,817 - INFO - Inserted economic event with ID: 608
2025-07-04 09:03:26,820 - INFO - Inserted economic event with ID: 609
2025-07-04 09:03:26,823 - INFO - Inserted economic event with ID: 610
2025-07-04 09:03:26,826 - INFO - Inserted economic event with ID: 611
2025-07-04 09:03:26,828 - INFO - Inserted economic event with ID: 612
2025-07-04 09:03:26,830 - INFO - Inserted economic event with ID: 613
2025-07-04 09:03:26,833 - INFO - Inserted economic event with ID: 614
2025-07-04 09:03:26,835 - INFO - Inserted economic event with ID: 615
2025-07-04 09:03:26,838 - INFO - Inserted economic event with ID: 616
2025-07-04 09:03:26,840 - INFO - Inserted economic event with ID: 617
2025-07-04 09:03:26,843 - INFO - Inserted economic event with ID: 618
2025-07-04 09:03:26,846 - INFO - Inserted economic event with ID: 619
2025-07-04 09:03:26,847 - INFO - Inserted economic event with ID: 620
2025-07-04 09:03:26,851 - INFO - Inserted economic event with ID: 621
2025-07-04 09:03:26,853 - INFO - Inserted economic event with ID: 622
2025-07-04 09:03:26,856 - INFO - Inserted economic event with ID: 623
2025-07-04 09:03:26,858 - INFO - Inserted economic event with ID: 624
2025-07-04 09:03:26,861 - INFO - Inserted economic event with ID: 625
2025-07-04 09:03:26,863 - INFO - Inserted economic event with ID: 626
2025-07-04 09:03:26,866 - INFO - Inserted economic event with ID: 627
2025-07-04 09:03:26,869 - INFO - Inserted economic event with ID: 628
2025-07-04 09:03:26,871 - INFO - Inserted economic event with ID: 629
2025-07-04 09:03:26,873 - INFO - Inserted economic event with ID: 630
2025-07-04 09:03:26,876 - INFO - Inserted economic event with ID: 631
2025-07-04 09:03:26,878 - INFO - Inserted economic event with ID: 632
2025-07-04 09:03:26,881 - INFO - Inserted economic event with ID: 633
2025-07-04 09:03:26,884 - INFO - Inserted economic event with ID: 634
2025-07-04 09:03:26,887 - INFO - Inserted economic event with ID: 635
2025-07-04 09:03:26,890 - INFO - Inserted economic event with ID: 636
2025-07-04 09:03:26,892 - INFO - Inserted economic event with ID: 637
2025-07-04 09:03:26,895 - INFO - Inserted economic event with ID: 638
2025-07-04 09:03:26,897 - INFO - Inserted economic event with ID: 639
2025-07-04 09:03:26,900 - INFO - Inserted economic event with ID: 640
2025-07-04 09:03:26,903 - INFO - Inserted economic event with ID: 641
2025-07-04 09:03:26,905 - INFO - Inserted economic event with ID: 642
2025-07-04 09:03:26,907 - INFO - Inserted economic event with ID: 643
2025-07-04 09:03:26,910 - INFO - Inserted economic event with ID: 644
2025-07-04 09:03:26,913 - INFO - Inserted economic event with ID: 645
2025-07-04 09:03:26,915 - INFO - Inserted economic event with ID: 646
2025-07-04 09:03:26,918 - INFO - Inserted economic event with ID: 647
2025-07-04 09:03:26,920 - INFO - Inserted economic event with ID: 648
2025-07-04 09:03:26,923 - INFO - Inserted economic event with ID: 649
2025-07-04 09:03:26,925 - INFO - Inserted economic event with ID: 650
2025-07-04 09:03:26,928 - INFO - Inserted economic event with ID: 651
2025-07-04 09:03:26,930 - INFO - Inserted economic event with ID: 652
2025-07-04 09:03:26,933 - INFO - Inserted economic event with ID: 653
2025-07-04 09:03:26,936 - INFO - Inserted economic event with ID: 654
2025-07-04 09:03:26,938 - INFO - Inserted economic event with ID: 655
2025-07-04 09:03:26,941 - INFO - Inserted economic event with ID: 656
2025-07-04 09:03:26,944 - INFO - Inserted economic event with ID: 657
2025-07-04 09:03:26,946 - INFO - Inserted economic event with ID: 658
2025-07-04 09:03:26,949 - INFO - Inserted economic event with ID: 659
2025-07-04 09:03:26,951 - INFO - Inserted economic event with ID: 660
2025-07-04 09:03:26,954 - INFO - Inserted economic event with ID: 661
2025-07-04 09:03:26,957 - INFO - Inserted economic event with ID: 662
2025-07-04 09:03:26,959 - INFO - Inserted economic event with ID: 663
2025-07-04 09:03:26,962 - INFO - Inserted economic event with ID: 664
2025-07-04 09:03:26,965 - INFO - Inserted economic event with ID: 665
2025-07-04 09:03:26,967 - INFO - Inserted economic event with ID: 666
2025-07-04 09:03:26,970 - INFO - Inserted economic event with ID: 667
2025-07-04 09:03:26,973 - INFO - Inserted economic event with ID: 668
2025-07-04 09:03:26,975 - INFO - Inserted economic event with ID: 669
2025-07-04 09:03:26,978 - INFO - Inserted economic event with ID: 670
2025-07-04 09:03:26,980 - INFO - Inserted economic event with ID: 671
2025-07-04 09:03:26,983 - INFO - Inserted economic event with ID: 672
2025-07-04 09:03:26,986 - INFO - Inserted economic event with ID: 673
2025-07-04 09:03:26,989 - INFO - Inserted economic event with ID: 674
2025-07-04 09:03:26,991 - INFO - Inserted economic event with ID: 675
2025-07-04 09:03:26,994 - INFO - Inserted economic event with ID: 676
2025-07-04 09:03:26,996 - INFO - Inserted economic event with ID: 677
2025-07-04 09:03:26,998 - INFO - Inserted economic event with ID: 678
2025-07-04 09:03:27,001 - INFO - Inserted economic event with ID: 679
2025-07-04 09:03:27,004 - INFO - Inserted economic event with ID: 680
2025-07-04 09:03:27,007 - INFO - Inserted economic event with ID: 681
2025-07-04 09:03:27,009 - INFO - Inserted economic event with ID: 682
2025-07-04 09:03:27,012 - INFO - Inserted economic event with ID: 683
2025-07-04 09:03:27,014 - INFO - Inserted economic event with ID: 684
2025-07-04 09:03:27,016 - INFO - Inserted economic event with ID: 685
2025-07-04 09:03:27,019 - INFO - Inserted economic event with ID: 686
2025-07-04 09:03:27,021 - INFO - Inserted economic event with ID: 687
2025-07-04 09:03:27,024 - INFO - Inserted economic event with ID: 688
2025-07-04 09:03:27,026 - INFO - Inserted economic event with ID: 689
2025-07-04 09:03:27,029 - INFO - Inserted economic event with ID: 690
2025-07-04 09:03:27,032 - INFO - Inserted economic event with ID: 691
2025-07-04 09:03:27,034 - INFO - Inserted economic event with ID: 692
2025-07-04 09:03:27,037 - INFO - Inserted economic event with ID: 693
2025-07-04 09:03:27,040 - INFO - Inserted economic event with ID: 694
2025-07-04 09:03:27,043 - INFO - Inserted economic event with ID: 695
2025-07-04 09:03:27,045 - INFO - Inserted economic event with ID: 696
2025-07-04 09:03:27,047 - INFO - Inserted economic event with ID: 697
2025-07-04 09:03:27,050 - INFO - Inserted economic event with ID: 698
2025-07-04 09:03:27,053 - INFO - Inserted economic event with ID: 699
2025-07-04 09:03:27,055 - INFO - Inserted economic event with ID: 700
2025-07-04 09:03:27,058 - INFO - Inserted economic event with ID: 701
2025-07-04 09:03:27,061 - INFO - Inserted economic event with ID: 702
2025-07-04 09:03:27,063 - INFO - Inserted economic event with ID: 703
2025-07-04 09:03:27,066 - INFO - Inserted economic event with ID: 704
2025-07-04 09:03:27,069 - INFO - Inserted economic event with ID: 705
2025-07-04 09:03:27,071 - INFO - Inserted economic event with ID: 706
2025-07-04 09:03:27,074 - INFO - Inserted economic event with ID: 707
2025-07-04 09:03:27,076 - INFO - Inserted economic event with ID: 708
2025-07-04 09:03:27,078 - INFO - Inserted economic event with ID: 709
2025-07-04 09:03:27,081 - INFO - Inserted economic event with ID: 710
2025-07-04 09:03:27,084 - INFO - Inserted economic event with ID: 711
2025-07-04 09:03:27,086 - INFO - Inserted economic event with ID: 712
2025-07-04 09:03:27,089 - INFO - Inserted economic event with ID: 713
2025-07-04 09:03:27,091 - INFO - Inserted economic event with ID: 714
2025-07-04 09:03:27,094 - INFO - Inserted economic event with ID: 715
2025-07-04 09:03:27,097 - INFO - Inserted economic event with ID: 716
2025-07-04 09:03:27,099 - INFO - Inserted economic event with ID: 717
2025-07-04 09:03:27,102 - INFO - Inserted economic event with ID: 718
2025-07-04 09:03:27,104 - INFO - Inserted economic event with ID: 719
2025-07-04 09:03:27,107 - INFO - Inserted economic event with ID: 720
2025-07-04 09:03:27,109 - INFO - Inserted economic event with ID: 721


[MESSARI STDERR @ 2025-07-04 09:03:31.542004]


[TWELVE_DATA STDERR @ 2025-07-04 09:03:33.727763]


[BENZINGA STDERR @ 2025-07-04 09:16:35.020044]
2025-07-04 09:16:34,925 - WARNING - \u26a0\ufe0f Data store module not available: No module named 'sqlalchemy'


[POLYGON STDERR @ 2025-07-04 09:16:36.004947]


[FMP STDERR @ 2025-07-04 09:16:38.899796]
2025-07-04 09:16:36,516 - INFO - Database tables created successfully
2025-07-04 09:16:36,516 - INFO - Database initialization completed
2025-07-04 09:16:36,516 - INFO - MacroIntel Data Store initialized with SQLAlchemy ORM
2025-07-04 09:16:36,516 - INFO - \u2705 Data store module imported successfully
2025-07-04 09:16:36,845 - INFO - Inserted economic event with ID: 722
2025-07-04 09:16:36,848 - INFO - Inserted economic event with ID: 723
2025-07-04 09:16:36,851 - INFO - Inserted economic event with ID: 724
2025-07-04 09:16:36,854 - INFO - Inserted economic event with ID: 725
2025-07-04 09:16:36,857 - INFO - Inserted economic event with ID: 726
2025-07-04 09:16:36,860 - INFO - Inserted economic event with ID: 727
2025-07-04 09:16:36,862 - INFO - Inserted economic event with ID: 728
2025-07-04 09:16:36,865 - INFO - Inserted economic event with ID: 729
2025-07-04 09:16:36,868 - INFO - Inserted economic event with ID: 730
2025-07-04 09:16:36,870 - INFO - Inserted economic event with ID: 731
2025-07-04 09:16:36,873 - INFO - Inserted economic event with ID: 732
2025-07-04 09:16:36,876 - INFO - Inserted economic event with ID: 733
2025-07-04 09:16:36,878 - INFO - Inserted economic event with ID: 734
2025-07-04 09:16:36,880 - INFO - Inserted economic event with ID: 735
2025-07-04 09:16:36,883 - INFO - Inserted economic event with ID: 736
2025-07-04 09:16:36,885 - INFO - Inserted economic event with ID: 737
2025-07-04 09:16:36,889 - INFO - Inserted economic event with ID: 738
2025-07-04 09:16:36,892 - INFO - Inserted economic event with ID: 739
2025-07-04 09:16:36,894 - INFO - Inserted economic event with ID: 740
2025-07-04 09:16:36,897 - INFO - Inserted economic event with ID: 741
2025-07-04 09:16:36,900 - INFO - Inserted economic event with ID: 742
2025-07-04 09:16:36,902 - INFO - Inserted economic event with ID: 743
2025-07-04 09:16:36,905 - INFO - Inserted economic event with ID: 744
2025-07-04 09:16:36,907 - INFO - Inserted economic event with ID: 745
2025-07-04 09:16:36,910 - INFO - Inserted economic event with ID: 746
2025-07-04 09:16:36,912 - INFO - Inserted economic event with ID: 747
2025-07-04 09:16:36,915 - INFO - Inserted economic event with ID: 748
2025-07-04 09:16:36,918 - INFO - Inserted economic event with ID: 749
2025-07-04 09:16:36,922 - INFO - Inserted economic event with ID: 750
2025-07-04 09:16:36,924 - INFO - Inserted economic event with ID: 751
2025-07-04 09:16:36,927 - INFO - Inserted economic event with ID: 752
2025-07-04 09:16:36,930 - INFO - Inserted economic event with ID: 753
2025-07-04 09:16:36,932 - INFO - Inserted economic event with ID: 754
2025-07-04 09:16:36,934 - INFO - Inserted economic event with ID: 755
2025-07-04 09:16:36,936 - INFO - Inserted economic event with ID: 756
2025-07-04 09:16:36,939 - INFO - Inserted economic event with ID: 757
2025-07-04 09:16:36,942 - INFO - Inserted economic event with ID: 758
2025-07-04 09:16:36,944 - INFO - Inserted economic event with ID: 759
2025-07-04 09:16:36,947 - INFO - Inserted economic event with ID: 760
2025-07-04 09:16:36,949 - INFO - Inserted economic event with ID: 761
2025-07-04 09:16:36,952 - INFO - Inserted economic event with ID: 762
2025-07-04 09:16:36,955 - INFO - Inserted economic event with ID: 763
2025-07-04 09:16:36,958 - INFO - Inserted economic event with ID: 764
2025-07-04 09:16:36,961 - INFO - Inserted economic event with ID: 765
2025-07-04 09:16:36,963 - INFO - Inserted economic event with ID: 766
2025-07-04 09:16:36,966 - INFO - Inserted economic event with ID: 767
2025-07-04 09:16:36,969 - INFO - Inserted economic event with ID: 768
2025-07-04 09:16:36,972 - INFO - Inserted economic event with ID: 769
2025-07-04 09:16:36,974 - INFO - Inserted economic event with ID: 770
2025-07-04 09:16:36,977 - INFO - Inserted economic event with ID: 771
2025-07-04 09:16:36,980 - INFO - Inserted economic event with ID: 772
2025-07-04 09:16:36,983 - INFO - Inserted economic event with ID: 773
2025-07-04 09:16:36,985 - INFO - Inserted economic event with ID: 774
2025-07-04 09:16:36,988 - INFO - Inserted economic event with ID: 775
2025-07-04 09:16:36,990 - INFO - Inserted economic event with ID: 776
2025-07-04 09:16:36,993 - INFO - Inserted economic event with ID: 777
2025-07-04 09:16:36,996 - INFO - Inserted economic event with ID: 778
2025-07-04 09:16:36,999 - INFO - Inserted economic event with ID: 779
2025-07-04 09:16:37,002 - INFO - Inserted economic event with ID: 780
2025-07-04 09:16:37,005 - INFO - Inserted economic event with ID: 781
2025-07-04 09:16:37,008 - INFO - Inserted economic event with ID: 782
2025-07-04 09:16:37,010 - INFO - Inserted economic event with ID: 783
2025-07-04 09:16:37,014 - INFO - Inserted economic event with ID: 784
2025-07-04 09:16:37,017 - INFO - Inserted economic event with ID: 785
2025-07-04 09:16:37,020 - INFO - Inserted economic event with ID: 786
2025-07-04 09:16:37,022 - INFO - Inserted economic event with ID: 787
2025-07-04 09:16:37,025 - INFO - Inserted economic event with ID: 788
2025-07-04 09:16:37,028 - INFO - Inserted economic event with ID: 789
2025-07-04 09:16:37,031 - INFO - Inserted economic event with ID: 790
2025-07-04 09:16:37,034 - INFO - Inserted economic event with ID: 791
2025-07-04 09:16:37,036 - INFO - Inserted economic event with ID: 792
2025-07-04 09:16:37,039 - INFO - Inserted economic event with ID: 793
2025-07-04 09:16:37,041 - INFO - Inserted economic event with ID: 794
2025-07-04 09:16:37,044 - INFO - Inserted economic event with ID: 795
2025-07-04 09:16:37,046 - INFO - Inserted economic event with ID: 796
2025-07-04 09:16:37,049 - INFO - Inserted economic event with ID: 797
2025-07-04 09:16:37,052 - INFO - Inserted economic event with ID: 798
2025-07-04 09:16:37,055 - INFO - Inserted economic event with ID: 799
2025-07-04 09:16:37,057 - INFO - Inserted economic event with ID: 800
2025-07-04 09:16:37,060 - INFO - Inserted economic event with ID: 801
2025-07-04 09:16:37,063 - INFO - Inserted economic event with ID: 802
2025-07-04 09:16:37,066 - INFO - Inserted economic event with ID: 803
2025-07-04 09:16:37,069 - INFO - Inserted economic event with ID: 804
2025-07-04 09:16:37,072 - INFO - Inserted economic event with ID: 805
2025-07-04 09:16:37,075 - INFO - Inserted economic event with ID: 806
2025-07-04 09:16:37,078 - INFO - Inserted economic event with ID: 807
2025-07-04 09:16:37,081 - INFO - Inserted economic event with ID: 808
2025-07-04 09:16:37,084 - INFO - Inserted economic event with ID: 809
2025-07-04 09:16:37,087 - INFO - Inserted economic event with ID: 810
2025-07-04 09:16:37,089 - INFO - Inserted economic event with ID: 811
2025-07-04 09:16:37,092 - INFO - Inserted economic event with ID: 812
2025-07-04 09:16:37,095 - INFO - Inserted economic event with ID: 813
2025-07-04 09:16:37,098 - INFO - Inserted economic event with ID: 814
2025-07-04 09:16:37,101 - INFO - Inserted economic event with ID: 815
2025-07-04 09:16:37,103 - INFO - Inserted economic event with ID: 816
2025-07-04 09:16:37,106 - INFO - Inserted economic event with ID: 817
2025-07-04 09:16:37,109 - INFO - Inserted economic event with ID: 818
2025-07-04 09:16:37,112 - INFO - Inserted economic event with ID: 819
2025-07-04 09:16:37,114 - INFO - Inserted economic event with ID: 820
2025-07-04 09:16:37,117 - INFO - Inserted economic event with ID: 821
2025-07-04 09:16:37,120 - INFO - Inserted economic event with ID: 822
2025-07-04 09:16:37,122 - INFO - Inserted economic event with ID: 823
2025-07-04 09:16:37,125 - INFO - Inserted economic event with ID: 824
2025-07-04 09:16:37,127 - INFO - Inserted economic event with ID: 825
2025-07-04 09:16:37,129 - INFO - Inserted economic event with ID: 826
2025-07-04 09:16:37,133 - INFO - Inserted economic event with ID: 827
2025-07-04 09:16:37,135 - INFO - Inserted economic event with ID: 828
2025-07-04 09:16:37,139 - INFO - Inserted economic event with ID: 829
2025-07-04 09:16:37,141 - INFO - Inserted economic event with ID: 830
2025-07-04 09:16:37,144 - INFO - Inserted economic event with ID: 831
2025-07-04 09:16:37,147 - INFO - Inserted economic event with ID: 832
2025-07-04 09:16:37,150 - INFO - Inserted economic event with ID: 833
2025-07-04 09:16:37,152 - INFO - Inserted economic event with ID: 834
2025-07-04 09:16:37,155 - INFO - Inserted economic event with ID: 835
2025-07-04 09:16:37,157 - INFO - Inserted economic event with ID: 836
2025-07-04 09:16:37,160 - INFO - Inserted economic event with ID: 837
2025-07-04 09:16:37,163 - INFO - Inserted economic event with ID: 838
2025-07-04 09:16:37,165 - INFO - Inserted economic event with ID: 839
2025-07-04 09:16:37,168 - INFO - Inserted economic event with ID: 840
2025-07-04 09:16:37,171 - INFO - Inserted economic event with ID: 841
2025-07-04 09:16:37,173 - INFO - Inserted economic event with ID: 842
2025-07-04 09:16:37,176 - INFO - Inserted economic event with ID: 843
2025-07-04 09:16:37,179 - INFO - Inserted economic event with ID: 844
2025-07-04 09:16:37,181 - INFO - Inserted economic event with ID: 845
2025-07-04 09:16:37,184 - INFO - Inserted economic event with ID: 846
2025-07-04 09:16:37,187 - INFO - Inserted economic event with ID: 847
2025-07-04 09:16:37,189 - INFO - Inserted economic event with ID: 848
2025-07-04 09:16:37,192 - INFO - Inserted economic event with ID: 849
2025-07-04 09:16:37,195 - INFO - Inserted economic event with ID: 850
2025-07-04 09:16:37,197 - INFO - Inserted economic event with ID: 851
2025-07-04 09:16:37,199 - INFO - Inserted economic event with ID: 852
2025-07-04 09:16:37,202 - INFO - Inserted economic event with ID: 853
2025-07-04 09:16:37,205 - INFO - Inserted economic event with ID: 854
2025-07-04 09:16:37,208 - INFO - Inserted economic event with ID: 855
2025-07-04 09:16:37,210 - INFO - Inserted economic event with ID: 856
2025-07-04 09:16:37,212 - INFO - Inserted economic event with ID: 857
2025-07-04 09:16:37,215 - INFO - Inserted economic event with ID: 858
2025-07-04 09:16:37,218 - INFO - Inserted economic event with ID: 859
2025-07-04 09:16:37,221 - INFO - Inserted economic event with ID: 860
2025-07-04 09:16:37,223 - INFO - Inserted economic event with ID: 861
2025-07-04 09:16:37,226 - INFO - Inserted economic event with ID: 862
2025-07-04 09:16:37,229 - INFO - Inserted economic event with ID: 863
2025-07-04 09:16:37,232 - INFO - Inserted economic event with ID: 864
2025-07-04 09:16:37,234 - INFO - Inserted economic event with ID: 865
2025-07-04 09:16:37,237 - INFO - Inserted economic event with ID: 866
2025-07-04 09:16:37,240 - INFO - Inserted economic event with ID: 867
2025-07-04 09:16:37,242 - INFO - Inserted economic event with ID: 868
2025-07-04 09:16:37,245 - INFO - Inserted economic event with ID: 869
2025-07-04 09:16:37,247 - INFO - Inserted economic event with ID: 870
2025-07-04 09:16:37,250 - INFO - Inserted economic event with ID: 871
2025-07-04 09:16:37,253 - INFO - Inserted economic event with ID: 872
2025-07-04 09:16:37,256 - INFO - Inserted economic event with ID: 873
2025-07-04 09:16:37,258 - INFO - Inserted economic event with ID: 874
2025-07-04 09:16:37,261 - INFO - Inserted economic event with ID: 875
2025-07-04 09:16:37,263 - INFO - Inserted economic event with ID: 876
2025-07-04 09:16:37,266 - INFO - Inserted economic event with ID: 877
2025-07-04 09:16:37,269 - INFO - Inserted economic event with ID: 878
2025-07-04 09:16:37,271 - INFO - Inserted economic event with ID: 879
2025-07-04 09:16:37,274 - INFO - Inserted economic event with ID: 880
2025-07-04 09:16:37,277 - INFO - Inserted economic event with ID: 881
2025-07-04 09:16:37,280 - INFO - Inserted economic event with ID: 882
2025-07-04 09:16:37,282 - INFO - Inserted economic event with ID: 883
2025-07-04 09:16:37,285 - INFO - Inserted economic event with ID: 884
2025-07-04 09:16:37,287 - INFO - Inserted economic event with ID: 885
2025-07-04 09:16:37,290 - INFO - Inserted economic event with ID: 886
2025-07-04 09:16:37,293 - INFO - Inserted economic event with ID: 887
2025-07-04 09:16:37,296 - INFO - Inserted economic event with ID: 888
2025-07-04 09:16:37,299 - INFO - Inserted economic event with ID: 889
2025-07-04 09:16:37,301 - INFO - Inserted economic event with ID: 890
2025-07-04 09:16:37,304 - INFO - Inserted economic event with ID: 891
2025-07-04 09:16:37,307 - INFO - Inserted economic event with ID: 892
2025-07-04 09:16:37,310 - INFO - Inserted economic event with ID: 893
2025-07-04 09:16:37,312 - INFO - Inserted economic event with ID: 894
2025-07-04 09:16:37,315 - INFO - Inserted economic event with ID: 895
2025-07-04 09:16:37,317 - INFO - Inserted economic event with ID: 896
2025-07-04 09:16:37,320 - INFO - Inserted economic event with ID: 897
2025-07-04 09:16:37,323 - INFO - Inserted economic event with ID: 898
2025-07-04 09:16:37,325 - INFO - Inserted economic event with ID: 899
2025-07-04 09:16:37,328 - INFO - Inserted economic event with ID: 900
2025-07-04 09:16:37,331 - INFO - Inserted economic event with ID: 901
2025-07-04 09:16:37,333 - INFO - Inserted economic event with ID: 902
2025-07-04 09:16:37,335 - INFO - Inserted economic event with ID: 903
2025-07-04 09:16:37,337 - INFO - Inserted economic event with ID: 904
2025-07-04 09:16:37,340 - INFO - Inserted economic event with ID: 905
2025-07-04 09:16:37,343 - INFO - Inserted economic event with ID: 906
2025-07-04 09:16:37,346 - INFO - Inserted economic event with ID: 907
2025-07-04 09:16:37,348 - INFO - Inserted economic event with ID: 908
2025-07-04 09:16:37,351 - INFO - Inserted economic event with ID: 909
2025-07-04 09:16:37,353 - INFO - Inserted economic event with ID: 910
2025-07-04 09:16:37,356 - INFO - Inserted economic event with ID: 911
2025-07-04 09:16:37,359 - INFO - Inserted economic event with ID: 912
2025-07-04 09:16:37,361 - INFO - Inserted economic event with ID: 913
2025-07-04 09:16:37,364 - INFO - Inserted economic event with ID: 914
2025-07-04 09:16:37,366 - INFO - Inserted economic event with ID: 915
2025-07-04 09:16:37,368 - INFO - Inserted economic event with ID: 916
2025-07-04 09:16:37,372 - INFO - Inserted economic event with ID: 917
2025-07-04 09:16:37,375 - INFO - Inserted economic event with ID: 918
2025-07-04 09:16:37,377 - INFO - Inserted economic event with ID: 919
2025-07-04 09:16:37,379 - INFO - Inserted economic event with ID: 920
2025-07-04 09:16:37,382 - INFO - Inserted economic event with ID: 921
2025-07-04 09:16:37,384 - INFO - Inserted economic event with ID: 922
2025-07-04 09:16:37,387 - INFO - Inserted economic event with ID: 923
2025-07-04 09:16:37,390 - INFO - Inserted economic event with ID: 924
2025-07-04 09:16:37,393 - INFO - Inserted economic event with ID: 925
2025-07-04 09:16:37,395 - INFO - Inserted economic event with ID: 926
2025-07-04 09:16:37,398 - INFO - Inserted economic event with ID: 927
2025-07-04 09:16:37,400 - INFO - Inserted economic event with ID: 928
2025-07-04 09:16:37,403 - INFO - Inserted economic event with ID: 929
2025-07-04 09:16:37,406 - INFO - Inserted economic event with ID: 930
2025-07-04 09:16:37,408 - INFO - Inserted economic event with ID: 931
2025-07-04 09:16:37,411 - INFO - Inserted economic event with ID: 932
2025-07-04 09:16:37,414 - INFO - Inserted economic event with ID: 933
2025-07-04 09:16:37,417 - INFO - Inserted economic event with ID: 934
2025-07-04 09:16:37,420 - INFO - Inserted economic event with ID: 935
2025-07-04 09:16:37,423 - INFO - Inserted economic event with ID: 936
2025-07-04 09:16:37,426 - INFO - Inserted economic event with ID: 937
2025-07-04 09:16:37,428 - INFO - Inserted economic event with ID: 938
2025-07-04 09:16:37,431 - INFO - Inserted economic event with ID: 939
2025-07-04 09:16:37,434 - INFO - Inserted economic event with ID: 940
2025-07-04 09:16:37,437 - INFO - Inserted economic event with ID: 941
2025-07-04 09:16:37,439 - INFO - Inserted economic event with ID: 942
2025-07-04 09:16:37,442 - INFO - Inserted economic event with ID: 943
2025-07-04 09:16:37,445 - INFO - Inserted economic event with ID: 944
2025-07-04 09:16:37,447 - INFO - Inserted economic event with ID: 945
2025-07-04 09:16:37,450 - INFO - Inserted economic event with ID: 946
2025-07-04 09:16:37,453 - INFO - Inserted economic event with ID: 947
2025-07-04 09:16:37,455 - INFO - Inserted economic event with ID: 948
2025-07-04 09:16:37,458 - INFO - Inserted economic event with ID: 949
2025-07-04 09:16:37,461 - INFO - Inserted economic event with ID: 950
2025-07-04 09:16:37,463 - INFO - Inserted economic event with ID: 951
2025-07-04 09:16:37,466 - INFO - Inserted economic event with ID: 952
2025-07-04 09:16:37,469 - INFO - Inserted economic event with ID: 953
2025-07-04 09:16:37,471 - INFO - Inserted economic event with ID: 954
2025-07-04 09:16:37,474 - INFO - Inserted economic event with ID: 955
2025-07-04 09:16:37,476 - INFO - Inserted economic event with ID: 956
2025-07-04 09:16:37,479 - INFO - Inserted economic event with ID: 957
2025-07-04 09:16:37,481 - INFO - Inserted economic event with ID: 958
2025-07-04 09:16:37,484 - INFO - Inserted economic event with ID: 959
2025-07-04 09:16:37,486 - INFO - Inserted economic event with ID: 960
2025-07-04 09:16:37,489 - INFO - Inserted economic event with ID: 961
2025-07-04 09:16:37,492 - INFO - Inserted economic event with ID: 962
2025-07-04 09:16:37,494 - INFO - Inserted economic event with ID: 963
2025-07-04 09:16:37,497 - INFO - Inserted economic event with ID: 964
2025-07-04 09:16:37,500 - INFO - Inserted economic event with ID: 965
2025-07-04 09:16:37,502 - INFO - Inserted economic event with ID: 966
2025-07-04 09:16:37,505 - INFO - Inserted economic event with ID: 967
2025-07-04 09:16:37,507 - INFO - Inserted economic event with ID: 968
2025-07-04 09:16:37,510 - INFO - Inserted economic event with ID: 969
2025-07-04 09:16:37,513 - INFO - Inserted economic event with ID: 970
2025-07-04 09:16:37,515 - INFO - Inserted economic event with ID: 971
2025-07-04 09:16:37,518 - INFO - Inserted economic event with ID: 972
2025-07-04 09:16:37,521 - INFO - Inserted economic event with ID: 973
2025-07-04 09:16:37,523 - INFO - Inserted economic event with ID: 974
2025-07-04 09:16:37,526 - INFO - Inserted economic event with ID: 975
2025-07-04 09:16:37,529 - INFO - Inserted economic event with ID: 976
2025-07-04 09:16:37,532 - INFO - Inserted economic event with ID: 977
2025-07-04 09:16:37,534 - INFO - Inserted economic event with ID: 978
2025-07-04 09:16:37,537 - INFO - Inserted economic event with ID: 979
2025-07-04 09:16:37,539 - INFO - Inserted economic event with ID: 980
2025-07-04 09:16:37,542 - INFO - Inserted economic event with ID: 981
2025-07-04 09:16:37,545 - INFO - Inserted economic event with ID: 982
2025-07-04 09:16:37,547 - INFO - Inserted economic event with ID: 983
2025-07-04 09:16:37,550 - INFO - Inserted economic event with ID: 984
2025-07-04 09:16:37,552 - INFO - Inserted economic event with ID: 985
2025-07-04 09:16:37,554 - INFO - Inserted economic event with ID: 986
2025-07-04 09:16:37,558 - INFO - Inserted economic event with ID: 987
2025-07-04 09:16:37,561 - INFO - Inserted economic event with ID: 988
2025-07-04 09:16:37,563 - INFO - Inserted economic event with ID: 989
2025-07-04 09:16:37,566 - INFO - Inserted economic event with ID: 990
2025-07-04 09:16:37,569 - INFO - Inserted economic event with ID: 991
2025-07-04 09:16:37,572 - INFO - Inserted economic event with ID: 992
2025-07-04 09:16:37,575 - INFO - Inserted economic event with ID: 993
2025-07-04 09:16:37,578 - INFO - Inserted economic event with ID: 994
2025-07-04 09:16:37,581 - INFO - Inserted economic event with ID: 995
2025-07-04 09:16:37,584 - INFO - Inserted economic event with ID: 996
2025-07-04 09:16:37,586 - INFO - Inserted economic event with ID: 997
2025-07-04 09:16:37,589 - INFO - Inserted economic event with ID: 998
2025-07-04 09:16:37,593 - INFO - Inserted economic event with ID: 999
2025-07-04 09:16:37,596 - INFO - Inserted economic event with ID: 1000
2025-07-04 09:16:37,599 - INFO - Inserted economic event with ID: 1001
2025-07-04 09:16:37,602 - INFO - Inserted economic event with ID: 1002
2025-07-04 09:16:37,605 - INFO - Inserted economic event with ID: 1003
2025-07-04 09:16:37,607 - INFO - Inserted economic event with ID: 1004
2025-07-04 09:16:37,611 - INFO - Inserted economic event with ID: 1005
2025-07-04 09:16:37,613 - INFO - Inserted economic event with ID: 1006
2025-07-04 09:16:37,616 - INFO - Inserted economic event with ID: 1007
2025-07-04 09:16:37,619 - INFO - Inserted economic event with ID: 1008
2025-07-04 09:16:37,622 - INFO - Inserted economic event with ID: 1009
2025-07-04 09:16:37,625 - INFO - Inserted economic event with ID: 1010
2025-07-04 09:16:37,628 - INFO - Inserted economic event with ID: 1011
2025-07-04 09:16:37,630 - INFO - Inserted economic event with ID: 1012
2025-07-04 09:16:37,633 - INFO - Inserted economic event with ID: 1013
2025-07-04 09:16:37,636 - INFO - Inserted economic event with ID: 1014
2025-07-04 09:16:37,639 - INFO - Inserted economic event with ID: 1015
2025-07-04 09:16:37,642 - INFO - Inserted economic event with ID: 1016
2025-07-04 09:16:37,644 - INFO - Inserted economic event with ID: 1017
2025-07-04 09:16:37,647 - INFO - Inserted economic event with ID: 1018
2025-07-04 09:16:37,650 - INFO - Inserted economic event with ID: 1019
2025-07-04 09:16:37,653 - INFO - Inserted economic event with ID: 1020
2025-07-04 09:16:37,656 - INFO - Inserted economic event with ID: 1021
2025-07-04 09:16:37,659 - INFO - Inserted economic event with ID: 1022
2025-07-04 09:16:37,662 - INFO - Inserted economic event with ID: 1023
2025-07-04 09:16:37,664 - INFO - Inserted economic event with ID: 1024
2025-07-04 09:16:37,667 - INFO - Inserted economic event with ID: 1025
2025-07-04 09:16:37,670 - INFO - Inserted economic event with ID: 1026
2025-07-04 09:16:37,673 - INFO - Inserted economic event with ID: 1027
2025-07-04 09:16:37,676 - INFO - Inserted economic event with ID: 1028
2025-07-04 09:16:37,679 - INFO - Inserted economic event with ID: 1029
2025-07-04 09:16:37,681 - INFO - Inserted economic event with ID: 1030
2025-07-04 09:16:37,684 - INFO - Inserted economic event with ID: 1031
2025-07-04 09:16:37,687 - INFO - Inserted economic event with ID: 1032
2025-07-04 09:16:37,690 - INFO - Inserted economic event with ID: 1033
2025-07-04 09:16:37,693 - INFO - Inserted economic event with ID: 1034
2025-07-04 09:16:37,696 - INFO - Inserted economic event with ID: 1035
2025-07-04 09:16:37,699 - INFO - Inserted economic event with ID: 1036
2025-07-04 09:16:37,701 - INFO - Inserted economic event with ID: 1037
2025-07-04 09:16:37,704 - INFO - Inserted economic event with ID: 1038
2025-07-04 09:16:37,706 - INFO - Inserted economic event with ID: 1039
2025-07-04 09:16:37,709 - INFO - Inserted economic event with ID: 1040
2025-07-04 09:16:37,711 - INFO - Inserted economic event with ID: 1041
2025-07-04 09:16:37,714 - INFO - Inserted economic event with ID: 1042
2025-07-04 09:16:37,717 - INFO - Inserted economic event with ID: 1043
2025-07-04 09:16:37,720 - INFO - Inserted economic event with ID: 1044
2025-07-04 09:16:37,722 - INFO - Inserted economic event with ID: 1045
2025-07-04 09:16:37,725 - INFO - Inserted economic event with ID: 1046
2025-07-04 09:16:37,728 - INFO - Inserted economic event with ID: 1047
2025-07-04 09:16:37,731 - INFO - Inserted economic event with ID: 1048
2025-07-04 09:16:37,734 - INFO - Inserted economic event with ID: 1049
2025-07-04 09:16:37,738 - INFO - Inserted economic event with ID: 1050
2025-07-04 09:16:37,742 - INFO - Inserted economic event with ID: 1051
2025-07-04 09:16:37,746 - INFO - Inserted economic event with ID: 1052
2025-07-04 09:16:37,750 - INFO - Inserted economic event with ID: 1053
2025-07-04 09:16:37,754 - INFO - Inserted economic event with ID: 1054
2025-07-04 09:16:37,759 - INFO - Inserted economic event with ID: 1055
2025-07-04 09:16:37,764 - INFO - Inserted economic event with ID: 1056
2025-07-04 09:16:37,768 - INFO - Inserted economic event with ID: 1057
2025-07-04 09:16:37,772 - INFO - Inserted economic event with ID: 1058
2025-07-04 09:16:37,775 - INFO - Inserted economic event with ID: 1059
2025-07-04 09:16:37,778 - INFO - Inserted economic event with ID: 1060
2025-07-04 09:16:37,782 - INFO - Inserted economic event with ID: 1061
2025-07-04 09:16:37,786 - INFO - Inserted economic event with ID: 1062
2025-07-04 09:16:37,790 - INFO - Inserted economic event with ID: 1063
2025-07-04 09:16:37,793 - INFO - Inserted economic event with ID: 1064
2025-07-04 09:16:37,797 - INFO - Inserted economic event with ID: 1065
2025-07-04 09:16:37,800 - INFO - Inserted economic event with ID: 1066
2025-07-04 09:16:37,803 - INFO - Inserted economic event with ID: 1067
2025-07-04 09:16:37,806 - INFO - Inserted economic event with ID: 1068
2025-07-04 09:16:37,810 - INFO - Inserted economic event with ID: 1069
2025-07-04 09:16:37,813 - INFO - Inserted economic event with ID: 1070
2025-07-04 09:16:37,817 - INFO - Inserted economic event with ID: 1071
2025-07-04 09:16:37,820 - INFO - Inserted economic event with ID: 1072
2025-07-04 09:16:37,823 - INFO - Inserted economic event with ID: 1073
2025-07-04 09:16:37,826 - INFO - Inserted economic event with ID: 1074
2025-07-04 09:16:37,829 - INFO - Inserted economic event with ID: 1075
2025-07-04 09:16:37,831 - INFO - Inserted economic event with ID: 1076
2025-07-04 09:16:37,834 - INFO - Inserted economic event with ID: 1077
2025-07-04 09:16:37,837 - INFO - Inserted economic event with ID: 1078
2025-07-04 09:16:37,840 - INFO - Inserted economic event with ID: 1079
2025-07-04 09:16:37,844 - INFO - Inserted economic event with ID: 1080
2025-07-04 09:16:37,847 - INFO - Inserted economic event with ID: 1081
2025-07-04 09:16:37,851 - INFO - Inserted economic event with ID: 1082
2025-07-04 09:16:37,854 - INFO - Inserted economic event with ID: 1083
2025-07-04 09:16:37,857 - INFO - Inserted economic event with ID: 1084
2025-07-04 09:16:37,860 - INFO - Inserted economic event with ID: 1085
2025-07-04 09:16:37,863 - INFO - Inserted economic event with ID: 1086
2025-07-04 09:16:37,866 - INFO - Inserted economic event with ID: 1087
2025-07-04 09:16:37,868 - INFO - Inserted economic event with ID: 1088
2025-07-04 09:16:37,871 - INFO - Inserted economic event with ID: 1089
2025-07-04 09:16:37,874 - INFO - Inserted economic event with ID: 1090
2025-07-04 09:16:37,877 - INFO - Inserted economic event with ID: 1091
2025-07-04 09:16:37,879 - INFO - Inserted economic event with ID: 1092
2025-07-04 09:16:37,882 - INFO - Inserted economic event with ID: 1093
2025-07-04 09:16:37,885 - INFO - Inserted economic event with ID: 1094
2025-07-04 09:16:37,888 - INFO - Inserted economic event with ID: 1095
2025-07-04 09:16:37,891 - INFO - Inserted economic event with ID: 1096
2025-07-04 09:16:37,894 - INFO - Inserted economic event with ID: 1097
2025-07-04 09:16:37,897 - INFO - Inserted economic event with ID: 1098
2025-07-04 09:16:37,901 - INFO - Inserted economic event with ID: 1099
2025-07-04 09:16:37,905 - INFO - Inserted economic event with ID: 1100
2025-07-04 09:16:37,908 - INFO - Inserted economic event with ID: 1101
2025-07-04 09:16:37,910 - INFO - Inserted economic event with ID: 1102
2025-07-04 09:16:37,913 - INFO - Inserted economic event with ID: 1103
2025-07-04 09:16:37,916 - INFO - Inserted economic event with ID: 1104
2025-07-04 09:16:37,919 - INFO - Inserted economic event with ID: 1105
2025-07-04 09:16:37,922 - INFO - Inserted economic event with ID: 1106
2025-07-04 09:16:37,925 - INFO - Inserted economic event with ID: 1107
2025-07-04 09:16:37,928 - INFO - Inserted economic event with ID: 1108
2025-07-04 09:16:37,931 - INFO - Inserted economic event with ID: 1109
2025-07-04 09:16:37,935 - INFO - Inserted economic event with ID: 1110
2025-07-04 09:16:37,937 - INFO - Inserted economic event with ID: 1111
2025-07-04 09:16:37,940 - INFO - Inserted economic event with ID: 1112
2025-07-04 09:16:37,943 - INFO - Inserted economic event with ID: 1113
2025-07-04 09:16:37,945 - INFO - Inserted economic event with ID: 1114
2025-07-04 09:16:37,948 - INFO - Inserted economic event with ID: 1115
2025-07-04 09:16:37,951 - INFO - Inserted economic event with ID: 1116
2025-07-04 09:16:37,953 - INFO - Inserted economic event with ID: 1117
2025-07-04 09:16:37,956 - INFO - Inserted economic event with ID: 1118
2025-07-04 09:16:37,959 - INFO - Inserted economic event with ID: 1119
2025-07-04 09:16:37,962 - INFO - Inserted economic event with ID: 1120
2025-07-04 09:16:37,964 - INFO - Inserted economic event with ID: 1121
2025-07-04 09:16:37,967 - INFO - Inserted economic event with ID: 1122
2025-07-04 09:16:37,970 - INFO - Inserted economic event with ID: 1123
2025-07-04 09:16:37,973 - INFO - Inserted economic event with ID: 1124
2025-07-04 09:16:37,975 - INFO - Inserted economic event with ID: 1125
2025-07-04 09:16:37,978 - INFO - Inserted economic event with ID: 1126
2025-07-04 09:16:37,981 - INFO - Inserted economic event with ID: 1127
2025-07-04 09:16:37,983 - INFO - Inserted economic event with ID: 1128
2025-07-04 09:16:37,986 - INFO - Inserted economic event with ID: 1129
2025-07-04 09:16:37,989 - INFO - Inserted economic event with ID: 1130
2025-07-04 09:16:37,992 - INFO - Inserted economic event with ID: 1131
2025-07-04 09:16:37,995 - INFO - Inserted economic event with ID: 1132
2025-07-04 09:16:37,997 - INFO - Inserted economic event with ID: 1133
2025-07-04 09:16:38,000 - INFO - Inserted economic event with ID: 1134
2025-07-04 09:16:38,003 - INFO - Inserted economic event with ID: 1135
2025-07-04 09:16:38,006 - INFO - Inserted economic event with ID: 1136
2025-07-04 09:16:38,009 - INFO - Inserted economic event with ID: 1137
2025-07-04 09:16:38,012 - INFO - Inserted economic event with ID: 1138
2025-07-04 09:16:38,015 - INFO - Inserted economic event with ID: 1139
2025-07-04 09:16:38,018 - INFO - Inserted economic event with ID: 1140
2025-07-04 09:16:38,020 - INFO - Inserted economic event with ID: 1141
2025-07-04 09:16:38,023 - INFO - Inserted economic event with ID: 1142
2025-07-04 09:16:38,027 - INFO - Inserted economic event with ID: 1143
2025-07-04 09:16:38,029 - INFO - Inserted economic event with ID: 1144
2025-07-04 09:16:38,032 - INFO - Inserted economic event with ID: 1145
2025-07-04 09:16:38,034 - INFO - Inserted economic event with ID: 1146
2025-07-04 09:16:38,037 - INFO - Inserted economic event with ID: 1147
2025-07-04 09:16:38,040 - INFO - Inserted economic event with ID: 1148
2025-07-04 09:16:38,043 - INFO - Inserted economic event with ID: 1149
2025-07-04 09:16:38,046 - INFO - Inserted economic event with ID: 1150
2025-07-04 09:16:38,048 - INFO - Inserted economic event with ID: 1151
2025-07-04 09:16:38,051 - INFO - Inserted economic event with ID: 1152
2025-07-04 09:16:38,054 - INFO - Inserted economic event with ID: 1153
2025-07-04 09:16:38,057 - INFO - Inserted economic event with ID: 1154
2025-07-04 09:16:38,060 - INFO - Inserted economic event with ID: 1155
2025-07-04 09:16:38,063 - INFO - Inserted economic event with ID: 1156
2025-07-04 09:16:38,066 - INFO - Inserted economic event with ID: 1157
2025-07-04 09:16:38,069 - INFO - Inserted economic event with ID: 1158
2025-07-04 09:16:38,072 - INFO - Inserted economic event with ID: 1159
2025-07-04 09:16:38,074 - INFO - Inserted economic event with ID: 1160
2025-07-04 09:16:38,077 - INFO - Inserted economic event with ID: 1161
2025-07-04 09:16:38,080 - INFO - Inserted economic event with ID: 1162
2025-07-04 09:16:38,083 - INFO - Inserted economic event with ID: 1163
2025-07-04 09:16:38,085 - INFO - Inserted economic event with ID: 1164
2025-07-04 09:16:38,088 - INFO - Inserted economic event with ID: 1165
2025-07-04 09:16:38,091 - INFO - Inserted economic event with ID: 1166
2025-07-04 09:16:38,093 - INFO - Inserted economic event with ID: 1167
2025-07-04 09:16:38,096 - INFO - Inserted economic event with ID: 1168
2025-07-04 09:16:38,099 - INFO - Inserted economic event with ID: 1169
2025-07-04 09:16:38,101 - INFO - Inserted economic event with ID: 1170
2025-07-04 09:16:38,104 - INFO - Inserted economic event with ID: 1171
2025-07-04 09:16:38,107 - INFO - Inserted economic event with ID: 1172
2025-07-04 09:16:38,110 - INFO - Inserted economic event with ID: 1173
2025-07-04 09:16:38,113 - INFO - Inserted economic event with ID: 1174
2025-07-04 09:16:38,115 - INFO - Inserted economic event with ID: 1175
2025-07-04 09:16:38,118 - INFO - Inserted economic event with ID: 1176
2025-07-04 09:16:38,120 - INFO - Inserted economic event with ID: 1177
2025-07-04 09:16:38,123 - INFO - Inserted economic event with ID: 1178
2025-07-04 09:16:38,126 - INFO - Inserted economic event with ID: 1179
2025-07-04 09:16:38,129 - INFO - Inserted economic event with ID: 1180
2025-07-04 09:16:38,132 - INFO - Inserted economic event with ID: 1181
2025-07-04 09:16:38,135 - INFO - Inserted economic event with ID: 1182
2025-07-04 09:16:38,138 - INFO - Inserted economic event with ID: 1183
2025-07-04 09:16:38,140 - INFO - Inserted economic event with ID: 1184
2025-07-04 09:16:38,143 - INFO - Inserted economic event with ID: 1185
2025-07-04 09:16:38,146 - INFO - Inserted economic event with ID: 1186
2025-07-04 09:16:38,149 - INFO - Inserted economic event with ID: 1187
2025-07-04 09:16:38,151 - INFO - Inserted economic event with ID: 1188
2025-07-04 09:16:38,154 - INFO - Inserted economic event with ID: 1189
2025-07-04 09:16:38,158 - INFO - Inserted economic event with ID: 1190
2025-07-04 09:16:38,161 - INFO - Inserted economic event with ID: 1191
2025-07-04 09:16:38,164 - INFO - Inserted economic event with ID: 1192
2025-07-04 09:16:38,166 - INFO - Inserted economic event with ID: 1193
2025-07-04 09:16:38,169 - INFO - Inserted economic event with ID: 1194
2025-07-04 09:16:38,171 - INFO - Inserted economic event with ID: 1195
2025-07-04 09:16:38,174 - INFO - Inserted economic event with ID: 1196
2025-07-04 09:16:38,177 - INFO - Inserted economic event with ID: 1197
2025-07-04 09:16:38,180 - INFO - Inserted economic event with ID: 1198
2025-07-04 09:16:38,183 - INFO - Inserted economic event with ID: 1199
2025-07-04 09:16:38,185 - INFO - Inserted economic event with ID: 1200
2025-07-04 09:16:38,188 - INFO - Inserted economic event with ID: 1201
2025-07-04 09:16:38,191 - INFO - Inserted economic event with ID: 1202
2025-07-04 09:16:38,194 - INFO - Inserted economic event with ID: 1203
2025-07-04 09:16:38,196 - INFO - Inserted economic event with ID: 1204
2025-07-04 09:16:38,199 - INFO - Inserted economic event with ID: 1205
2025-07-04 09:16:38,202 - INFO - Inserted economic event with ID: 1206
2025-07-04 09:16:38,205 - INFO - Inserted economic event with ID: 1207
2025-07-04 09:16:38,208 - INFO - Inserted economic event with ID: 1208
2025-07-04 09:16:38,211 - INFO - Inserted economic event with ID: 1209
2025-07-04 09:16:38,213 - INFO - Inserted economic event with ID: 1210
2025-07-04 09:16:38,216 - INFO - Inserted economic event with ID: 1211
2025-07-04 09:16:38,219 - INFO - Inserted economic event with ID: 1212
2025-07-04 09:16:38,222 - INFO - Inserted economic event with ID: 1213
2025-07-04 09:16:38,225 - INFO - Inserted economic event with ID: 1214
2025-07-04 09:16:38,228 - INFO - Inserted economic event with ID: 1215
2025-07-04 09:16:38,231 - INFO - Inserted economic event with ID: 1216
2025-07-04 09:16:38,234 - INFO - Inserted economic event with ID: 1217
2025-07-04 09:16:38,237 - INFO - Inserted economic event with ID: 1218
2025-07-04 09:16:38,240 - INFO - Inserted economic event with ID: 1219
2025-07-04 09:16:38,242 - INFO - Inserted economic event with ID: 1220
2025-07-04 09:16:38,245 - INFO - Inserted economic event with ID: 1221
2025-07-04 09:16:38,248 - INFO - Inserted economic event with ID: 1222
2025-07-04 09:16:38,250 - INFO - Inserted economic event with ID: 1223
2025-07-04 09:16:38,253 - INFO - Inserted economic event with ID: 1224
2025-07-04 09:16:38,256 - INFO - Inserted economic event with ID: 1225
2025-07-04 09:16:38,259 - INFO - Inserted economic event with ID: 1226
2025-07-04 09:16:38,262 - INFO - Inserted economic event with ID: 1227
2025-07-04 09:16:38,264 - INFO - Inserted economic event with ID: 1228
2025-07-04 09:16:38,267 - INFO - Inserted economic event with ID: 1229
2025-07-04 09:16:38,270 - INFO - Inserted economic event with ID: 1230
2025-07-04 09:16:38,273 - INFO - Inserted economic event with ID: 1231
2025-07-04 09:16:38,275 - INFO - Inserted economic event with ID: 1232
2025-07-04 09:16:38,278 - INFO - Inserted economic event with ID: 1233
2025-07-04 09:16:38,281 - INFO - Inserted economic event with ID: 1234
2025-07-04 09:16:38,284 - INFO - Inserted economic event with ID: 1235
2025-07-04 09:16:38,287 - INFO - Inserted economic event with ID: 1236
2025-07-04 09:16:38,289 - INFO - Inserted economic event with ID: 1237
2025-07-04 09:16:38,292 - INFO - Inserted economic event with ID: 1238
2025-07-04 09:16:38,294 - INFO - Inserted economic event with ID: 1239
2025-07-04 09:16:38,297 - INFO - Inserted economic event with ID: 1240
2025-07-04 09:16:38,300 - INFO - Inserted economic event with ID: 1241
2025-07-04 09:16:38,303 - INFO - Inserted economic event with ID: 1242
2025-07-04 09:16:38,306 - INFO - Inserted economic event with ID: 1243
2025-07-04 09:16:38,308 - INFO - Inserted economic event with ID: 1244
2025-07-04 09:16:38,311 - INFO - Inserted economic event with ID: 1245
2025-07-04 09:16:38,314 - INFO - Inserted economic event with ID: 1246
2025-07-04 09:16:38,317 - INFO - Inserted economic event with ID: 1247
2025-07-04 09:16:38,320 - INFO - Inserted economic event with ID: 1248
2025-07-04 09:16:38,323 - INFO - Inserted economic event with ID: 1249
2025-07-04 09:16:38,325 - INFO - Inserted economic event with ID: 1250
2025-07-04 09:16:38,328 - INFO - Inserted economic event with ID: 1251
2025-07-04 09:16:38,331 - INFO - Inserted economic event with ID: 1252
2025-07-04 09:16:38,334 - INFO - Inserted economic event with ID: 1253
2025-07-04 09:16:38,337 - INFO - Inserted economic event with ID: 1254
2025-07-04 09:16:38,340 - INFO - Inserted economic event with ID: 1255
2025-07-04 09:16:38,343 - INFO - Inserted economic event with ID: 1256
2025-07-04 09:16:38,346 - INFO - Inserted economic event with ID: 1257
2025-07-04 09:16:38,349 - INFO - Inserted economic event with ID: 1258
2025-07-04 09:16:38,352 - INFO - Inserted economic event with ID: 1259
2025-07-04 09:16:38,354 - INFO - Inserted economic event with ID: 1260
2025-07-04 09:16:38,357 - INFO - Inserted economic event with ID: 1261
2025-07-04 09:16:38,360 - INFO - Inserted economic event with ID: 1262
2025-07-04 09:16:38,363 - INFO - Inserted economic event with ID: 1263
2025-07-04 09:16:38,365 - INFO - Inserted economic event with ID: 1264
2025-07-04 09:16:38,368 - INFO - Inserted economic event with ID: 1265
2025-07-04 09:16:38,370 - INFO - Inserted economic event with ID: 1266
2025-07-04 09:16:38,373 - INFO - Inserted economic event with ID: 1267
2025-07-04 09:16:38,376 - INFO - Inserted economic event with ID: 1268
2025-07-04 09:16:38,379 - INFO - Inserted economic event with ID: 1269
2025-07-04 09:16:38,382 - INFO - Inserted economic event with ID: 1270
2025-07-04 09:16:38,385 - INFO - Inserted economic event with ID: 1271
2025-07-04 09:16:38,387 - INFO - Inserted economic event with ID: 1272
2025-07-04 09:16:38,390 - INFO - Inserted economic event with ID: 1273
2025-07-04 09:16:38,393 - INFO - Inserted economic event with ID: 1274
2025-07-04 09:16:38,395 - INFO - Inserted economic event with ID: 1275
2025-07-04 09:16:38,398 - INFO - Inserted economic event with ID: 1276
2025-07-04 09:16:38,401 - INFO - Inserted economic event with ID: 1277
2025-07-04 09:16:38,404 - INFO - Inserted economic event with ID: 1278
2025-07-04 09:16:38,406 - INFO - Inserted economic event with ID: 1279
2025-07-04 09:16:38,409 - INFO - Inserted economic event with ID: 1280
2025-07-04 09:16:38,412 - INFO - Inserted economic event with ID: 1281
2025-07-04 09:16:38,415 - INFO - Inserted economic event with ID: 1282
2025-07-04 09:16:38,417 - INFO - Inserted economic event with ID: 1283
2025-07-04 09:16:38,420 - INFO - Inserted economic event with ID: 1284
2025-07-04 09:16:38,423 - INFO - Inserted economic event with ID: 1285
2025-07-04 09:16:38,426 - INFO - Inserted economic event with ID: 1286
2025-07-04 09:16:38,428 - INFO - Inserted economic event with ID: 1287
2025-07-04 09:16:38,431 - INFO - Inserted economic event with ID: 1288
2025-07-04 09:16:38,434 - INFO - Inserted economic event with ID: 1289
2025-07-04 09:16:38,437 - INFO - Inserted economic event with ID: 1290
2025-07-04 09:16:38,440 - INFO - Inserted economic event with ID: 1291
2025-07-04 09:16:38,443 - INFO - Inserted economic event with ID: 1292
2025-07-04 09:16:38,446 - INFO - Inserted economic event with ID: 1293
2025-07-04 09:16:38,448 - INFO - Inserted economic event with ID: 1294
2025-07-04 09:16:38,451 - INFO - Inserted economic event with ID: 1295
2025-07-04 09:16:38,454 - INFO - Inserted economic event with ID: 1296
2025-07-04 09:16:38,457 - INFO - Inserted economic event with ID: 1297
2025-07-04 09:16:38,460 - INFO - Inserted economic event with ID: 1298
2025-07-04 09:16:38,463 - INFO - Inserted economic event with ID: 1299
2025-07-04 09:16:38,466 - INFO - Inserted economic event with ID: 1300
2025-07-04 09:16:38,469 - INFO - Inserted economic event with ID: 1301
2025-07-04 09:16:38,472 - INFO - Inserted economic event with ID: 1302
2025-07-04 09:16:38,474 - INFO - Inserted economic event with ID: 1303
2025-07-04 09:16:38,477 - INFO - Inserted economic event with ID: 1304
2025-07-04 09:16:38,481 - INFO - Inserted economic event with ID: 1305
2025-07-04 09:16:38,484 - INFO - Inserted economic event with ID: 1306
2025-07-04 09:16:38,487 - INFO - Inserted economic event with ID: 1307
2025-07-04 09:16:38,490 - INFO - Inserted economic event with ID: 1308
2025-07-04 09:16:38,493 - INFO - Inserted economic event with ID: 1309
2025-07-04 09:16:38,495 - INFO - Inserted economic event with ID: 1310
2025-07-04 09:16:38,498 - INFO - Inserted economic event with ID: 1311
2025-07-04 09:16:38,501 - INFO - Inserted economic event with ID: 1312
2025-07-04 09:16:38,504 - INFO - Inserted economic event with ID: 1313
2025-07-04 09:16:38,506 - INFO - Inserted economic event with ID: 1314
2025-07-04 09:16:38,509 - INFO - Inserted economic event with ID: 1315
2025-07-04 09:16:38,512 - INFO - Inserted economic event with ID: 1316
2025-07-04 09:16:38,515 - INFO - Inserted economic event with ID: 1317
2025-07-04 09:16:38,518 - INFO - Inserted economic event with ID: 1318
2025-07-04 09:16:38,521 - INFO - Inserted economic event with ID: 1319
2025-07-04 09:16:38,523 - INFO - Inserted economic event with ID: 1320
2025-07-04 09:16:38,526 - INFO - Inserted economic event with ID: 1321
2025-07-04 09:16:38,529 - INFO - Inserted economic event with ID: 1322
2025-07-04 09:16:38,532 - INFO - Inserted economic event with ID: 1323
2025-07-04 09:16:38,535 - INFO - Inserted economic event with ID: 1324
2025-07-04 09:16:38,537 - INFO - Inserted economic event with ID: 1325
2025-07-04 09:16:38,540 - INFO - Inserted economic event with ID: 1326
2025-07-04 09:16:38,543 - INFO - Inserted economic event with ID: 1327
2025-07-04 09:16:38,546 - INFO - Inserted economic event with ID: 1328
2025-07-04 09:16:38,549 - INFO - Inserted economic event with ID: 1329
2025-07-04 09:16:38,552 - INFO - Inserted economic event with ID: 1330
2025-07-04 09:16:38,554 - INFO - Inserted economic event with ID: 1331
2025-07-04 09:16:38,557 - INFO - Inserted economic event with ID: 1332
2025-07-04 09:16:38,560 - INFO - Inserted economic event with ID: 1333
2025-07-04 09:16:38,563 - INFO - Inserted economic event with ID: 1334
2025-07-04 09:16:38,565 - INFO - Inserted economic event with ID: 1335
2025-07-04 09:16:38,568 - INFO - Inserted economic event with ID: 1336
2025-07-04 09:16:38,571 - INFO - Inserted economic event with ID: 1337
2025-07-04 09:16:38,573 - INFO - Inserted economic event with ID: 1338
2025-07-04 09:16:38,576 - INFO - Inserted economic event with ID: 1339
2025-07-04 09:16:38,579 - INFO - Inserted economic event with ID: 1340
2025-07-04 09:16:38,581 - INFO - Inserted economic event with ID: 1341
2025-07-04 09:16:38,584 - INFO - Inserted economic event with ID: 1342
2025-07-04 09:16:38,587 - INFO - Inserted economic event with ID: 1343
2025-07-04 09:16:38,589 - INFO - Inserted economic event with ID: 1344
2025-07-04 09:16:38,592 - INFO - Inserted economic event with ID: 1345
2025-07-04 09:16:38,595 - INFO - Inserted economic event with ID: 1346
2025-07-04 09:16:38,598 - INFO - Inserted economic event with ID: 1347
2025-07-04 09:16:38,601 - INFO - Inserted economic event with ID: 1348
2025-07-04 09:16:38,603 - INFO - Inserted economic event with ID: 1349
2025-07-04 09:16:38,607 - INFO - Inserted economic event with ID: 1350
2025-07-04 09:16:38,610 - INFO - Inserted economic event with ID: 1351
2025-07-04 09:16:38,613 - INFO - Inserted economic event with ID: 1352
2025-07-04 09:16:38,617 - INFO - Inserted economic event with ID: 1353
2025-07-04 09:16:38,619 - INFO - Inserted economic event with ID: 1354
2025-07-04 09:16:38,622 - INFO - Inserted economic event with ID: 1355
2025-07-04 09:16:38,625 - INFO - Inserted economic event with ID: 1356
2025-07-04 09:16:38,628 - INFO - Inserted economic event with ID: 1357
2025-07-04 09:16:38,630 - INFO - Inserted economic event with ID: 1358
2025-07-04 09:16:38,633 - INFO - Inserted economic event with ID: 1359
2025-07-04 09:16:38,636 - INFO - Inserted economic event with ID: 1360
2025-07-04 09:16:38,638 - INFO - Inserted economic event with ID: 1361
2025-07-04 09:16:38,641 - INFO - Inserted economic event with ID: 1362
2025-07-04 09:16:38,644 - INFO - Inserted economic event with ID: 1363
2025-07-04 09:16:38,647 - INFO - Inserted economic event with ID: 1364
2025-07-04 09:16:38,649 - INFO - Inserted economic event with ID: 1365
2025-07-04 09:16:38,652 - INFO - Inserted economic event with ID: 1366
2025-07-04 09:16:38,655 - INFO - Inserted economic event with ID: 1367
2025-07-04 09:16:38,657 - INFO - Inserted economic event with ID: 1368
2025-07-04 09:16:38,660 - INFO - Inserted economic event with ID: 1369
2025-07-04 09:16:38,662 - INFO - Inserted economic event with ID: 1370
2025-07-04 09:16:38,665 - INFO - Inserted economic event with ID: 1371
2025-07-04 09:16:38,667 - INFO - Inserted economic event with ID: 1372
2025-07-04 09:16:38,670 - INFO - Inserted economic event with ID: 1373
2025-07-04 09:16:38,673 - INFO - Inserted economic event with ID: 1374
2025-07-04 09:16:38,675 - INFO - Inserted economic event with ID: 1375
2025-07-04 09:16:38,678 - INFO - Inserted economic event with ID: 1376
2025-07-04 09:16:38,680 - INFO - Inserted economic event with ID: 1377
2025-07-04 09:16:38,683 - INFO - Inserted economic event with ID: 1378
2025-07-04 09:16:38,686 - INFO - Inserted economic event with ID: 1379
2025-07-04 09:16:38,689 - INFO - Inserted economic event with ID: 1380
2025-07-04 09:16:38,691 - INFO - Inserted economic event with ID: 1381
2025-07-04 09:16:38,693 - INFO - Inserted economic event with ID: 1382
2025-07-04 09:16:38,696 - INFO - Inserted economic event with ID: 1383
2025-07-04 09:16:38,699 - INFO - Inserted economic event with ID: 1384
2025-07-04 09:16:38,701 - INFO - Inserted economic event with ID: 1385
2025-07-04 09:16:38,704 - INFO - Inserted economic event with ID: 1386
2025-07-04 09:16:38,707 - INFO - Inserted economic event with ID: 1387
2025-07-04 09:16:38,710 - INFO - Inserted economic event with ID: 1388
2025-07-04 09:16:38,713 - INFO - Inserted economic event with ID: 1389
2025-07-04 09:16:38,716 - INFO - Inserted economic event with ID: 1390
2025-07-04 09:16:38,718 - INFO - Inserted economic event with ID: 1391
2025-07-04 09:16:38,721 - INFO - Inserted economic event with ID: 1392
2025-07-04 09:16:38,723 - INFO - Inserted economic event with ID: 1393
2025-07-04 09:16:38,726 - INFO - Inserted economic event with ID: 1394
2025-07-04 09:16:38,728 - INFO - Inserted economic event with ID: 1395
2025-07-04 09:16:38,731 - INFO - Inserted economic event with ID: 1396
2025-07-04 09:16:38,734 - INFO - Inserted economic event with ID: 1397
2025-07-04 09:16:38,736 - INFO - Inserted economic event with ID: 1398
2025-07-04 09:16:38,739 - INFO - Inserted economic event with ID: 1399
2025-07-04 09:16:38,742 - INFO - Inserted economic event with ID: 1400
2025-07-04 09:16:38,744 - INFO - Inserted economic event with ID: 1401
2025-07-04 09:16:38,747 - INFO - Inserted economic event with ID: 1402
2025-07-04 09:16:38,749 - INFO - Inserted economic event with ID: 1403
2025-07-04 09:16:38,752 - INFO - Inserted economic event with ID: 1404
2025-07-04 09:16:38,754 - INFO - Inserted economic event with ID: 1405
2025-07-04 09:16:38,756 - INFO - Inserted economic event with ID: 1406
2025-07-04 09:16:38,760 - INFO - Inserted economic event with ID: 1407
2025-07-04 09:16:38,763 - INFO - Inserted economic event with ID: 1408
2025-07-04 09:16:38,765 - INFO - Inserted economic event with ID: 1409
2025-07-04 09:16:38,768 - INFO - Inserted economic event with ID: 1410
2025-07-04 09:16:38,771 - INFO - Inserted economic event with ID: 1411
2025-07-04 09:16:38,773 - INFO - Inserted economic event with ID: 1412
2025-07-04 09:16:38,776 - INFO - Inserted economic event with ID: 1413
2025-07-04 09:16:38,779 - INFO - Inserted economic event with ID: 1414
2025-07-04 09:16:38,782 - INFO - Inserted economic event with ID: 1415
2025-07-04 09:16:38,784 - INFO - Inserted economic event with ID: 1416
2025-07-04 09:16:38,787 - INFO - Inserted economic event with ID: 1417
2025-07-04 09:16:38,789 - INFO - Inserted economic event with ID: 1418
2025-07-04 09:16:38,792 - INFO - Inserted economic event with ID: 1419
2025-07-04 09:16:38,795 - INFO - Inserted economic event with ID: 1420
2025-07-04 09:16:38,798 - INFO - Inserted economic event with ID: 1421
2025-07-04 09:16:38,801 - INFO - Inserted economic event with ID: 1422
2025-07-04 09:16:38,803 - INFO - Inserted economic event with ID: 1423
2025-07-04 09:16:38,806 - INFO - Inserted economic event with ID: 1424
2025-07-04 09:16:38,809 - INFO - Inserted economic event with ID: 1425
2025-07-04 09:16:38,811 - INFO - Inserted economic event with ID: 1426
2025-07-04 09:16:38,814 - INFO - Inserted economic event with ID: 1427
2025-07-04 09:16:38,816 - INFO - Inserted economic event with ID: 1428
2025-07-04 09:16:38,819 - INFO - Inserted economic event with ID: 1429
2025-07-04 09:16:38,822 - INFO - Inserted economic event with ID: 1430
2025-07-04 09:16:38,824 - INFO - Inserted economic event with ID: 1431
2025-07-04 09:16:38,827 - INFO - Inserted economic event with ID: 1432
2025-07-04 09:16:38,830 - INFO - Inserted economic event with ID: 1433
2025-07-04 09:16:38,832 - INFO - Inserted economic event with ID: 1434
2025-07-04 09:16:38,835 - INFO - Inserted economic event with ID: 1435
2025-07-04 09:16:38,837 - INFO - Inserted economic event with ID: 1436
2025-07-04 09:16:38,840 - INFO - Inserted economic event with ID: 1437
2025-07-04 09:16:38,842 - INFO - Inserted economic event with ID: 1438
2025-07-04 09:16:38,845 - INFO - Inserted economic event with ID: 1439


[MESSARI STDERR @ 2025-07-04 09:16:43.641195]


[TWELVE_DATA STDERR @ 2025-07-04 09:16:45.855925]


[BENZINGA STDERR @ 2025-07-04 14:59:27.673551]
2025-07-04 14:59:27,567 - WARNING - \u26a0\ufe0f Data store module not available: No module named 'sqlalchemy'


[POLYGON STDERR @ 2025-07-04 14:59:28.606349]


[FMP STDERR @ 2025-07-04 14:59:31.982915]
2025-07-04 14:59:29,342 - INFO - Database tables created successfully
2025-07-04 14:59:29,342 - INFO - Database initialization completed
2025-07-04 14:59:29,343 - INFO - MacroIntel Data Store initialized with SQLAlchemy ORM
2025-07-04 14:59:29,343 - INFO - \u2705 Data store module imported successfully
2025-07-04 14:59:29,903 - INFO - Inserted economic event with ID: 1440
2025-07-04 14:59:29,907 - INFO - Inserted economic event with ID: 1441
2025-07-04 14:59:29,910 - INFO - Inserted economic event with ID: 1442
2025-07-04 14:59:29,913 - INFO - Inserted economic event with ID: 1443
2025-07-04 14:59:29,917 - INFO - Inserted economic event with ID: 1444
2025-07-04 14:59:29,920 - INFO - Inserted economic event with ID: 1445
2025-07-04 14:59:29,924 - INFO - Inserted economic event with ID: 1446
2025-07-04 14:59:29,929 - INFO - Inserted economic event with ID: 1447
2025-07-04 14:59:29,934 - INFO - Inserted economic event with ID: 1448
2025-07-04 14:59:29,937 - INFO - Inserted economic event with ID: 1449
2025-07-04 14:59:29,941 - INFO - Inserted economic event with ID: 1450
2025-07-04 14:59:29,946 - INFO - Inserted economic event with ID: 1451
2025-07-04 14:59:29,952 - INFO - Inserted economic event with ID: 1452
2025-07-04 14:59:29,957 - INFO - Inserted economic event with ID: 1453
2025-07-04 14:59:29,961 - INFO - Inserted economic event with ID: 1454
2025-07-04 14:59:29,967 - INFO - Inserted economic event with ID: 1455
2025-07-04 14:59:29,973 - INFO - Inserted economic event with ID: 1456
2025-07-04 14:59:29,977 - INFO - Inserted economic event with ID: 1457
2025-07-04 14:59:29,980 - INFO - Inserted economic event with ID: 1458
2025-07-04 14:59:29,984 - INFO - Inserted economic event with ID: 1459
2025-07-04 14:59:29,989 - INFO - Inserted economic event with ID: 1460
2025-07-04 14:59:29,991 - INFO - Inserted economic event with ID: 1461
2025-07-04 14:59:29,994 - INFO - Inserted economic event with ID: 1462
2025-07-04 14:59:29,996 - INFO - Inserted economic event with ID: 1463
2025-07-04 14:59:29,999 - INFO - Inserted economic event with ID: 1464
2025-07-04 14:59:30,002 - INFO - Inserted economic event with ID: 1465
2025-07-04 14:59:30,004 - INFO - Inserted economic event with ID: 1466
2025-07-04 14:59:30,007 - INFO - Inserted economic event with ID: 1467
2025-07-04 14:59:30,009 - INFO - Inserted economic event with ID: 1468
2025-07-04 14:59:30,012 - INFO - Inserted economic event with ID: 1469
2025-07-04 14:59:30,014 - INFO - Inserted economic event with ID: 1470
2025-07-04 14:59:30,017 - INFO - Inserted economic event with ID: 1471
2025-07-04 14:59:30,020 - INFO - Inserted economic event with ID: 1472
2025-07-04 14:59:30,022 - INFO - Inserted economic event with ID: 1473
2025-07-04 14:59:30,025 - INFO - Inserted economic event with ID: 1474
2025-07-04 14:59:30,028 - INFO - Inserted economic event with ID: 1475
2025-07-04 14:59:30,031 - INFO - Inserted economic event with ID: 1476
2025-07-04 14:59:30,033 - INFO - Inserted economic event with ID: 1477
2025-07-04 14:59:30,036 - INFO - Inserted economic event with ID: 1478
2025-07-04 14:59:30,039 - INFO - Inserted economic event with ID: 1479
2025-07-04 14:59:30,041 - INFO - Inserted economic event with ID: 1480
2025-07-04 14:59:30,044 - INFO - Inserted economic event with ID: 1481
2025-07-04 14:59:30,047 - INFO - Inserted economic event with ID: 1482
2025-07-04 14:59:30,049 - INFO - Inserted economic event with ID: 1483
2025-07-04 14:59:30,052 - INFO - Inserted economic event with ID: 1484
2025-07-04 14:59:30,055 - INFO - Inserted economic event with ID: 1485
2025-07-04 14:59:30,057 - INFO - Inserted economic event with ID: 1486
2025-07-04 14:59:30,060 - INFO - Inserted economic event with ID: 1487
2025-07-04 14:59:30,062 - INFO - Inserted economic event with ID: 1488
2025-07-04 14:59:30,065 - INFO - Inserted economic event with ID: 1489
2025-07-04 14:59:30,067 - INFO - Inserted economic event with ID: 1490
2025-07-04 14:59:30,070 - INFO - Inserted economic event with ID: 1491
2025-07-04 14:59:30,072 - INFO - Inserted economic event with ID: 1492
2025-07-04 14:59:30,075 - INFO - Inserted economic event with ID: 1493
2025-07-04 14:59:30,077 - INFO - Inserted economic event with ID: 1494
2025-07-04 14:59:30,080 - INFO - Inserted economic event with ID: 1495
2025-07-04 14:59:30,082 - INFO - Inserted economic event with ID: 1496
2025-07-04 14:59:30,087 - INFO - Inserted economic event with ID: 1497
2025-07-04 14:59:30,090 - INFO - Inserted economic event with ID: 1498
2025-07-04 14:59:30,093 - INFO - Inserted economic event with ID: 1499
2025-07-04 14:59:30,096 - INFO - Inserted economic event with ID: 1500
2025-07-04 14:59:30,099 - INFO - Inserted economic event with ID: 1501
2025-07-04 14:59:30,101 - INFO - Inserted economic event with ID: 1502
2025-07-04 14:59:30,104 - INFO - Inserted economic event with ID: 1503
2025-07-04 14:59:30,107 - INFO - Inserted economic event with ID: 1504
2025-07-04 14:59:30,109 - INFO - Inserted economic event with ID: 1505
2025-07-04 14:59:30,112 - INFO - Inserted economic event with ID: 1506
2025-07-04 14:59:30,116 - INFO - Inserted economic event with ID: 1507
2025-07-04 14:59:30,119 - INFO - Inserted economic event with ID: 1508
2025-07-04 14:59:30,123 - INFO - Inserted economic event with ID: 1509
2025-07-04 14:59:30,127 - INFO - Inserted economic event with ID: 1510
2025-07-04 14:59:30,131 - INFO - Inserted economic event with ID: 1511
2025-07-04 14:59:30,136 - INFO - Inserted economic event with ID: 1512
2025-07-04 14:59:30,138 - INFO - Inserted economic event with ID: 1513
2025-07-04 14:59:30,141 - INFO - Inserted economic event with ID: 1514
2025-07-04 14:59:30,143 - INFO - Inserted economic event with ID: 1515
2025-07-04 14:59:30,146 - INFO - Inserted economic event with ID: 1516
2025-07-04 14:59:30,148 - INFO - Inserted economic event with ID: 1517
2025-07-04 14:59:30,152 - INFO - Inserted economic event with ID: 1518
2025-07-04 14:59:30,155 - INFO - Inserted economic event with ID: 1519
2025-07-04 14:59:30,159 - INFO - Inserted economic event with ID: 1520
2025-07-04 14:59:30,162 - INFO - Inserted economic event with ID: 1521
2025-07-04 14:59:30,165 - INFO - Inserted economic event with ID: 1522
2025-07-04 14:59:30,168 - INFO - Inserted economic event with ID: 1523
2025-07-04 14:59:30,171 - INFO - Inserted economic event with ID: 1524
2025-07-04 14:59:30,174 - INFO - Inserted economic event with ID: 1525
2025-07-04 14:59:30,176 - INFO - Inserted economic event with ID: 1526
2025-07-04 14:59:30,179 - INFO - Inserted economic event with ID: 1527
2025-07-04 14:59:30,182 - INFO - Inserted economic event with ID: 1528
2025-07-04 14:59:30,184 - INFO - Inserted economic event with ID: 1529
2025-07-04 14:59:30,187 - INFO - Inserted economic event with ID: 1530
2025-07-04 14:59:30,190 - INFO - Inserted economic event with ID: 1531
2025-07-04 14:59:30,192 - INFO - Inserted economic event with ID: 1532
2025-07-04 14:59:30,196 - INFO - Inserted economic event with ID: 1533
2025-07-04 14:59:30,198 - INFO - Inserted economic event with ID: 1534
2025-07-04 14:59:30,201 - INFO - Inserted economic event with ID: 1535
2025-07-04 14:59:30,203 - INFO - Inserted economic event with ID: 1536
2025-07-04 14:59:30,206 - INFO - Inserted economic event with ID: 1537
2025-07-04 14:59:30,209 - INFO - Inserted economic event with ID: 1538
2025-07-04 14:59:30,212 - INFO - Inserted economic event with ID: 1539
2025-07-04 14:59:30,215 - INFO - Inserted economic event with ID: 1540
2025-07-04 14:59:30,218 - INFO - Inserted economic event with ID: 1541
2025-07-04 14:59:30,221 - INFO - Inserted economic event with ID: 1542
2025-07-04 14:59:30,223 - INFO - Inserted economic event with ID: 1543
2025-07-04 14:59:30,226 - INFO - Inserted economic event with ID: 1544
2025-07-04 14:59:30,229 - INFO - Inserted economic event with ID: 1545
2025-07-04 14:59:30,232 - INFO - Inserted economic event with ID: 1546
2025-07-04 14:59:30,235 - INFO - Inserted economic event with ID: 1547
2025-07-04 14:59:30,237 - INFO - Inserted economic event with ID: 1548
2025-07-04 14:59:30,240 - INFO - Inserted economic event with ID: 1549
2025-07-04 14:59:30,243 - INFO - Inserted economic event with ID: 1550
2025-07-04 14:59:30,246 - INFO - Inserted economic event with ID: 1551
2025-07-04 14:59:30,249 - INFO - Inserted economic event with ID: 1552
2025-07-04 14:59:30,251 - INFO - Inserted economic event with ID: 1553
2025-07-04 14:59:30,254 - INFO - Inserted economic event with ID: 1554
2025-07-04 14:59:30,257 - INFO - Inserted economic event with ID: 1555
2025-07-04 14:59:30,260 - INFO - Inserted economic event with ID: 1556
2025-07-04 14:59:30,262 - INFO - Inserted economic event with ID: 1557
2025-07-04 14:59:30,265 - INFO - Inserted economic event with ID: 1558
2025-07-04 14:59:30,268 - INFO - Inserted economic event with ID: 1559
2025-07-04 14:59:30,270 - INFO - Inserted economic event with ID: 1560
2025-07-04 14:59:30,273 - INFO - Inserted economic event with ID: 1561
2025-07-04 14:59:30,276 - INFO - Inserted economic event with ID: 1562
2025-07-04 14:59:30,278 - INFO - Inserted economic event with ID: 1563
2025-07-04 14:59:30,281 - INFO - Inserted economic event with ID: 1564
2025-07-04 14:59:30,283 - INFO - Inserted economic event with ID: 1565
2025-07-04 14:59:30,286 - INFO - Inserted economic event with ID: 1566
2025-07-04 14:59:30,289 - INFO - Inserted economic event with ID: 1567
2025-07-04 14:59:30,291 - INFO - Inserted economic event with ID: 1568
2025-07-04 14:59:30,294 - INFO - Inserted economic event with ID: 1569
2025-07-04 14:59:30,297 - INFO - Inserted economic event with ID: 1570
2025-07-04 14:59:30,300 - INFO - Inserted economic event with ID: 1571
2025-07-04 14:59:30,304 - INFO - Inserted economic event with ID: 1572
2025-07-04 14:59:30,307 - INFO - Inserted economic event with ID: 1573
2025-07-04 14:59:30,310 - INFO - Inserted economic event with ID: 1574
2025-07-04 14:59:30,313 - INFO - Inserted economic event with ID: 1575
2025-07-04 14:59:30,316 - INFO - Inserted economic event with ID: 1576
2025-07-04 14:59:30,318 - INFO - Inserted economic event with ID: 1577
2025-07-04 14:59:30,321 - INFO - Inserted economic event with ID: 1578
2025-07-04 14:59:30,324 - INFO - Inserted economic event with ID: 1579
2025-07-04 14:59:30,327 - INFO - Inserted economic event with ID: 1580
2025-07-04 14:59:30,330 - INFO - Inserted economic event with ID: 1581
2025-07-04 14:59:30,333 - INFO - Inserted economic event with ID: 1582
2025-07-04 14:59:30,336 - INFO - Inserted economic event with ID: 1583
2025-07-04 14:59:30,339 - INFO - Inserted economic event with ID: 1584
2025-07-04 14:59:30,342 - INFO - Inserted economic event with ID: 1585
2025-07-04 14:59:30,345 - INFO - Inserted economic event with ID: 1586
2025-07-04 14:59:30,348 - INFO - Inserted economic event with ID: 1587
2025-07-04 14:59:30,351 - INFO - Inserted economic event with ID: 1588
2025-07-04 14:59:30,353 - INFO - Inserted economic event with ID: 1589
2025-07-04 14:59:30,356 - INFO - Inserted economic event with ID: 1590
2025-07-04 14:59:30,359 - INFO - Inserted economic event with ID: 1591
2025-07-04 14:59:30,362 - INFO - Inserted economic event with ID: 1592
2025-07-04 14:59:30,364 - INFO - Inserted economic event with ID: 1593
2025-07-04 14:59:30,368 - INFO - Inserted economic event with ID: 1594
2025-07-04 14:59:30,371 - INFO - Inserted economic event with ID: 1595
2025-07-04 14:59:30,373 - INFO - Inserted economic event with ID: 1596
2025-07-04 14:59:30,376 - INFO - Inserted economic event with ID: 1597
2025-07-04 14:59:30,378 - INFO - Inserted economic event with ID: 1598
2025-07-04 14:59:30,381 - INFO - Inserted economic event with ID: 1599
2025-07-04 14:59:30,384 - INFO - Inserted economic event with ID: 1600
2025-07-04 14:59:30,386 - INFO - Inserted economic event with ID: 1601
2025-07-04 14:59:30,389 - INFO - Inserted economic event with ID: 1602
2025-07-04 14:59:30,391 - INFO - Inserted economic event with ID: 1603
2025-07-04 14:59:30,394 - INFO - Inserted economic event with ID: 1604
2025-07-04 14:59:30,397 - INFO - Inserted economic event with ID: 1605
2025-07-04 14:59:30,400 - INFO - Inserted economic event with ID: 1606
2025-07-04 14:59:30,403 - INFO - Inserted economic event with ID: 1607
2025-07-04 14:59:30,406 - INFO - Inserted economic event with ID: 1608
2025-07-04 14:59:30,409 - INFO - Inserted economic event with ID: 1609
2025-07-04 14:59:30,412 - INFO - Inserted economic event with ID: 1610
2025-07-04 14:59:30,414 - INFO - Inserted economic event with ID: 1611
2025-07-04 14:59:30,417 - INFO - Inserted economic event with ID: 1612
2025-07-04 14:59:30,420 - INFO - Inserted economic event with ID: 1613
2025-07-04 14:59:30,423 - INFO - Inserted economic event with ID: 1614
2025-07-04 14:59:30,425 - INFO - Inserted economic event with ID: 1615
2025-07-04 14:59:30,428 - INFO - Inserted economic event with ID: 1616
2025-07-04 14:59:30,431 - INFO - Inserted economic event with ID: 1617
2025-07-04 14:59:30,433 - INFO - Inserted economic event with ID: 1618
2025-07-04 14:59:30,436 - INFO - Inserted economic event with ID: 1619
2025-07-04 14:59:30,439 - INFO - Inserted economic event with ID: 1620
2025-07-04 14:59:30,442 - INFO - Inserted economic event with ID: 1621
2025-07-04 14:59:30,444 - INFO - Inserted economic event with ID: 1622
2025-07-04 14:59:30,447 - INFO - Inserted economic event with ID: 1623
2025-07-04 14:59:30,450 - INFO - Inserted economic event with ID: 1624
2025-07-04 14:59:30,452 - INFO - Inserted economic event with ID: 1625
2025-07-04 14:59:30,455 - INFO - Inserted economic event with ID: 1626
2025-07-04 14:59:30,457 - INFO - Inserted economic event with ID: 1627
2025-07-04 14:59:30,460 - INFO - Inserted economic event with ID: 1628
2025-07-04 14:59:30,463 - INFO - Inserted economic event with ID: 1629
2025-07-04 14:59:30,466 - INFO - Inserted economic event with ID: 1630
2025-07-04 14:59:30,469 - INFO - Inserted economic event with ID: 1631
2025-07-04 14:59:30,472 - INFO - Inserted economic event with ID: 1632
2025-07-04 14:59:30,474 - INFO - Inserted economic event with ID: 1633
2025-07-04 14:59:30,477 - INFO - Inserted economic event with ID: 1634
2025-07-04 14:59:30,479 - INFO - Inserted economic event with ID: 1635
2025-07-04 14:59:30,482 - INFO - Inserted economic event with ID: 1636
2025-07-04 14:59:30,485 - INFO - Inserted economic event with ID: 1637
2025-07-04 14:59:30,487 - INFO - Inserted economic event with ID: 1638
2025-07-04 14:59:30,490 - INFO - Inserted economic event with ID: 1639
2025-07-04 14:59:30,493 - INFO - Inserted economic event with ID: 1640
2025-07-04 14:59:30,496 - INFO - Inserted economic event with ID: 1641
2025-07-04 14:59:30,498 - INFO - Inserted economic event with ID: 1642
2025-07-04 14:59:30,501 - INFO - Inserted economic event with ID: 1643
2025-07-04 14:59:30,503 - INFO - Inserted economic event with ID: 1644
2025-07-04 14:59:30,506 - INFO - Inserted economic event with ID: 1645
2025-07-04 14:59:30,509 - INFO - Inserted economic event with ID: 1646
2025-07-04 14:59:30,512 - INFO - Inserted economic event with ID: 1647
2025-07-04 14:59:30,514 - INFO - Inserted economic event with ID: 1648
2025-07-04 14:59:30,517 - INFO - Inserted economic event with ID: 1649
2025-07-04 14:59:30,520 - INFO - Inserted economic event with ID: 1650
2025-07-04 14:59:30,523 - INFO - Inserted economic event with ID: 1651
2025-07-04 14:59:30,525 - INFO - Inserted economic event with ID: 1652
2025-07-04 14:59:30,528 - INFO - Inserted economic event with ID: 1653
2025-07-04 14:59:30,531 - INFO - Inserted economic event with ID: 1654
2025-07-04 14:59:30,533 - INFO - Inserted economic event with ID: 1655
2025-07-04 14:59:30,536 - INFO - Inserted economic event with ID: 1656
2025-07-04 14:59:30,539 - INFO - Inserted economic event with ID: 1657
2025-07-04 14:59:30,541 - INFO - Inserted economic event with ID: 1658
2025-07-04 14:59:30,544 - INFO - Inserted economic event with ID: 1659
2025-07-04 14:59:30,547 - INFO - Inserted economic event with ID: 1660
2025-07-04 14:59:30,550 - INFO - Inserted economic event with ID: 1661
2025-07-04 14:59:30,554 - INFO - Inserted economic event with ID: 1662
2025-07-04 14:59:30,557 - INFO - Inserted economic event with ID: 1663
2025-07-04 14:59:30,559 - INFO - Inserted economic event with ID: 1664
2025-07-04 14:59:30,561 - INFO - Inserted economic event with ID: 1665
2025-07-04 14:59:30,564 - INFO - Inserted economic event with ID: 1666
2025-07-04 14:59:30,566 - INFO - Inserted economic event with ID: 1667
2025-07-04 14:59:30,569 - INFO - Inserted economic event with ID: 1668
2025-07-04 14:59:30,573 - INFO - Inserted economic event with ID: 1669
2025-07-04 14:59:30,576 - INFO - Inserted economic event with ID: 1670
2025-07-04 14:59:30,578 - INFO - Inserted economic event with ID: 1671
2025-07-04 14:59:30,581 - INFO - Inserted economic event with ID: 1672
2025-07-04 14:59:30,583 - INFO - Inserted economic event with ID: 1673
2025-07-04 14:59:30,587 - INFO - Inserted economic event with ID: 1674
2025-07-04 14:59:30,589 - INFO - Inserted economic event with ID: 1675
2025-07-04 14:59:30,592 - INFO - Inserted economic event with ID: 1676
2025-07-04 14:59:30,595 - INFO - Inserted economic event with ID: 1677
2025-07-04 14:59:30,597 - INFO - Inserted economic event with ID: 1678
2025-07-04 14:59:30,600 - INFO - Inserted economic event with ID: 1679
2025-07-04 14:59:30,602 - INFO - Inserted economic event with ID: 1680
2025-07-04 14:59:30,605 - INFO - Inserted economic event with ID: 1681
2025-07-04 14:59:30,608 - INFO - Inserted economic event with ID: 1682
2025-07-04 14:59:30,610 - INFO - Inserted economic event with ID: 1683
2025-07-04 14:59:30,612 - INFO - Inserted economic event with ID: 1684
2025-07-04 14:59:30,616 - INFO - Inserted economic event with ID: 1685
2025-07-04 14:59:30,618 - INFO - Inserted economic event with ID: 1686
2025-07-04 14:59:30,621 - INFO - Inserted economic event with ID: 1687
2025-07-04 14:59:30,624 - INFO - Inserted economic event with ID: 1688
2025-07-04 14:59:30,627 - INFO - Inserted economic event with ID: 1689
2025-07-04 14:59:30,629 - INFO - Inserted economic event with ID: 1690
2025-07-04 14:59:30,632 - INFO - Inserted economic event with ID: 1691
2025-07-04 14:59:30,635 - INFO - Inserted economic event with ID: 1692
2025-07-04 14:59:30,637 - INFO - Inserted economic event with ID: 1693
2025-07-04 14:59:30,640 - INFO - Inserted economic event with ID: 1694
2025-07-04 14:59:30,643 - INFO - Inserted economic event with ID: 1695
2025-07-04 14:59:30,645 - INFO - Inserted economic event with ID: 1696
2025-07-04 14:59:30,648 - INFO - Inserted economic event with ID: 1697
2025-07-04 14:59:30,650 - INFO - Inserted economic event with ID: 1698
2025-07-04 14:59:30,653 - INFO - Inserted economic event with ID: 1699
2025-07-04 14:59:30,656 - INFO - Inserted economic event with ID: 1700
2025-07-04 14:59:30,658 - INFO - Inserted economic event with ID: 1701
2025-07-04 14:59:30,661 - INFO - Inserted economic event with ID: 1702
2025-07-04 14:59:30,664 - INFO - Inserted economic event with ID: 1703
2025-07-04 14:59:30,667 - INFO - Inserted economic event with ID: 1704
2025-07-04 14:59:30,670 - INFO - Inserted economic event with ID: 1705
2025-07-04 14:59:30,674 - INFO - Inserted economic event with ID: 1706
2025-07-04 14:59:30,676 - INFO - Inserted economic event with ID: 1707
2025-07-04 14:59:30,680 - INFO - Inserted economic event with ID: 1708
2025-07-04 14:59:30,682 - INFO - Inserted economic event with ID: 1709
2025-07-04 14:59:30,685 - INFO - Inserted economic event with ID: 1710
2025-07-04 14:59:30,687 - INFO - Inserted economic event with ID: 1711
2025-07-04 14:59:30,690 - INFO - Inserted economic event with ID: 1712
2025-07-04 14:59:30,693 - INFO - Inserted economic event with ID: 1713
2025-07-04 14:59:30,696 - INFO - Inserted economic event with ID: 1714
2025-07-04 14:59:30,699 - INFO - Inserted economic event with ID: 1715
2025-07-04 14:59:30,701 - INFO - Inserted economic event with ID: 1716
2025-07-04 14:59:30,704 - INFO - Inserted economic event with ID: 1717
2025-07-04 14:59:30,706 - INFO - Inserted economic event with ID: 1718
2025-07-04 14:59:30,709 - INFO - Inserted economic event with ID: 1719
2025-07-04 14:59:30,712 - INFO - Inserted economic event with ID: 1720
2025-07-04 14:59:30,714 - INFO - Inserted economic event with ID: 1721
2025-07-04 14:59:30,717 - INFO - Inserted economic event with ID: 1722
2025-07-04 14:59:30,719 - INFO - Inserted economic event with ID: 1723
2025-07-04 14:59:30,723 - INFO - Inserted economic event with ID: 1724
2025-07-04 14:59:30,725 - INFO - Inserted economic event with ID: 1725
2025-07-04 14:59:30,729 - INFO - Inserted economic event with ID: 1726
2025-07-04 14:59:30,731 - INFO - Inserted economic event with ID: 1727
2025-07-04 14:59:30,734 - INFO - Inserted economic event with ID: 1728
2025-07-04 14:59:30,736 - INFO - Inserted economic event with ID: 1729
2025-07-04 14:59:30,739 - INFO - Inserted economic event with ID: 1730
2025-07-04 14:59:30,741 - INFO - Inserted economic event with ID: 1731
2025-07-04 14:59:30,744 - INFO - Inserted economic event with ID: 1732
2025-07-04 14:59:30,747 - INFO - Inserted economic event with ID: 1733
2025-07-04 14:59:30,750 - INFO - Inserted economic event with ID: 1734
2025-07-04 14:59:30,753 - INFO - Inserted economic event with ID: 1735
2025-07-04 14:59:30,755 - INFO - Inserted economic event with ID: 1736
2025-07-04 14:59:30,758 - INFO - Inserted economic event with ID: 1737
2025-07-04 14:59:30,761 - INFO - Inserted economic event with ID: 1738
2025-07-04 14:59:30,764 - INFO - Inserted economic event with ID: 1739
2025-07-04 14:59:30,766 - INFO - Inserted economic event with ID: 1740
2025-07-04 14:59:30,769 - INFO - Inserted economic event with ID: 1741
2025-07-04 14:59:30,772 - INFO - Inserted economic event with ID: 1742
2025-07-04 14:59:30,775 - INFO - Inserted economic event with ID: 1743
2025-07-04 14:59:30,777 - INFO - Inserted economic event with ID: 1744
2025-07-04 14:59:30,780 - INFO - Inserted economic event with ID: 1745
2025-07-04 14:59:30,783 - INFO - Inserted economic event with ID: 1746
2025-07-04 14:59:30,786 - INFO - Inserted economic event with ID: 1747
2025-07-04 14:59:30,788 - INFO - Inserted economic event with ID: 1748
2025-07-04 14:59:30,791 - INFO - Inserted economic event with ID: 1749
2025-07-04 14:59:30,794 - INFO - Inserted economic event with ID: 1750
2025-07-04 14:59:30,797 - INFO - Inserted economic event with ID: 1751
2025-07-04 14:59:30,800 - INFO - Inserted economic event with ID: 1752
2025-07-04 14:59:30,802 - INFO - Inserted economic event with ID: 1753
2025-07-04 14:59:30,805 - INFO - Inserted economic event with ID: 1754
2025-07-04 14:59:30,807 - INFO - Inserted economic event with ID: 1755
2025-07-04 14:59:30,810 - INFO - Inserted economic event with ID: 1756
2025-07-04 14:59:30,812 - INFO - Inserted economic event with ID: 1757
2025-07-04 14:59:30,815 - INFO - Inserted economic event with ID: 1758
2025-07-04 14:59:30,818 - INFO - Inserted economic event with ID: 1759
2025-07-04 14:59:30,821 - INFO - Inserted economic event with ID: 1760
2025-07-04 14:59:30,824 - INFO - Inserted economic event with ID: 1761
2025-07-04 14:59:30,827 - INFO - Inserted economic event with ID: 1762
2025-07-04 14:59:30,830 - INFO - Inserted economic event with ID: 1763
2025-07-04 14:59:30,833 - INFO - Inserted economic event with ID: 1764
2025-07-04 14:59:30,835 - INFO - Inserted economic event with ID: 1765
2025-07-04 14:59:30,838 - INFO - Inserted economic event with ID: 1766
2025-07-04 14:59:30,840 - INFO - Inserted economic event with ID: 1767
2025-07-04 14:59:30,843 - INFO - Inserted economic event with ID: 1768
2025-07-04 14:59:30,845 - INFO - Inserted economic event with ID: 1769
2025-07-04 14:59:30,848 - INFO - Inserted economic event with ID: 1770
2025-07-04 14:59:30,851 - INFO - Inserted economic event with ID: 1771
2025-07-04 14:59:30,854 - INFO - Inserted economic event with ID: 1772
2025-07-04 14:59:30,856 - INFO - Inserted economic event with ID: 1773
2025-07-04 14:59:30,859 - INFO - Inserted economic event with ID: 1774
2025-07-04 14:59:30,862 - INFO - Inserted economic event with ID: 1775
2025-07-04 14:59:30,865 - INFO - Inserted economic event with ID: 1776
2025-07-04 14:59:30,867 - INFO - Inserted economic event with ID: 1777
2025-07-04 14:59:30,870 - INFO - Inserted economic event with ID: 1778
2025-07-04 14:59:30,874 - INFO - Inserted economic event with ID: 1779
2025-07-04 14:59:30,877 - INFO - Inserted economic event with ID: 1780
2025-07-04 14:59:30,880 - INFO - Inserted economic event with ID: 1781
2025-07-04 14:59:30,883 - INFO - Inserted economic event with ID: 1782
2025-07-04 14:59:30,885 - INFO - Inserted economic event with ID: 1783
2025-07-04 14:59:30,888 - INFO - Inserted economic event with ID: 1784
2025-07-04 14:59:30,890 - INFO - Inserted economic event with ID: 1785
2025-07-04 14:59:30,893 - INFO - Inserted economic event with ID: 1786
2025-07-04 14:59:30,896 - INFO - Inserted economic event with ID: 1787
2025-07-04 14:59:30,898 - INFO - Inserted economic event with ID: 1788
2025-07-04 14:59:30,901 - INFO - Inserted economic event with ID: 1789
2025-07-04 14:59:30,904 - INFO - Inserted economic event with ID: 1790
2025-07-04 14:59:30,907 - INFO - Inserted economic event with ID: 1791
2025-07-04 14:59:30,910 - INFO - Inserted economic event with ID: 1792
2025-07-04 14:59:30,913 - INFO - Inserted economic event with ID: 1793
2025-07-04 14:59:30,915 - INFO - Inserted economic event with ID: 1794
2025-07-04 14:59:30,918 - INFO - Inserted economic event with ID: 1795
2025-07-04 14:59:30,921 - INFO - Inserted economic event with ID: 1796
2025-07-04 14:59:30,923 - INFO - Inserted economic event with ID: 1797
2025-07-04 14:59:30,926 - INFO - Inserted economic event with ID: 1798
2025-07-04 14:59:30,928 - INFO - Inserted economic event with ID: 1799
2025-07-04 14:59:30,931 - INFO - Inserted economic event with ID: 1800
2025-07-04 14:59:30,934 - INFO - Inserted economic event with ID: 1801
2025-07-04 14:59:30,937 - INFO - Inserted economic event with ID: 1802
2025-07-04 14:59:30,940 - INFO - Inserted economic event with ID: 1803
2025-07-04 14:59:30,943 - INFO - Inserted economic event with ID: 1804
2025-07-04 14:59:30,946 - INFO - Inserted economic event with ID: 1805
2025-07-04 14:59:30,949 - INFO - Inserted economic event with ID: 1806
2025-07-04 14:59:30,952 - INFO - Inserted economic event with ID: 1807
2025-07-04 14:59:30,955 - INFO - Inserted economic event with ID: 1808
2025-07-04 14:59:30,958 - INFO - Inserted economic event with ID: 1809
2025-07-04 14:59:30,961 - INFO - Inserted economic event with ID: 1810
2025-07-04 14:59:30,964 - INFO - Inserted economic event with ID: 1811
2025-07-04 14:59:30,967 - INFO - Inserted economic event with ID: 1812
2025-07-04 14:59:30,970 - INFO - Inserted economic event with ID: 1813
2025-07-04 14:59:30,973 - INFO - Inserted economic event with ID: 1814
2025-07-04 14:59:30,975 - INFO - Inserted economic event with ID: 1815
2025-07-04 14:59:30,978 - INFO - Inserted economic event with ID: 1816
2025-07-04 14:59:30,981 - INFO - Inserted economic event with ID: 1817
2025-07-04 14:59:30,984 - INFO - Inserted economic event with ID: 1818
2025-07-04 14:59:30,986 - INFO - Inserted economic event with ID: 1819
2025-07-04 14:59:30,989 - INFO - Inserted economic event with ID: 1820
2025-07-04 14:59:30,992 - INFO - Inserted economic event with ID: 1821
2025-07-04 14:59:30,995 - INFO - Inserted economic event with ID: 1822
2025-07-04 14:59:30,998 - INFO - Inserted economic event with ID: 1823
2025-07-04 14:59:31,000 - INFO - Inserted economic event with ID: 1824
2025-07-04 14:59:31,003 - INFO - Inserted economic event with ID: 1825
2025-07-04 14:59:31,006 - INFO - Inserted economic event with ID: 1826
2025-07-04 14:59:31,009 - INFO - Inserted economic event with ID: 1827
2025-07-04 14:59:31,012 - INFO - Inserted economic event with ID: 1828
2025-07-04 14:59:31,014 - INFO - Inserted economic event with ID: 1829
2025-07-04 14:59:31,017 - INFO - Inserted economic event with ID: 1830
2025-07-04 14:59:31,021 - INFO - Inserted economic event with ID: 1831
2025-07-04 14:59:31,026 - INFO - Inserted economic event with ID: 1832
2025-07-04 14:59:31,030 - INFO - Inserted economic event with ID: 1833
2025-07-04 14:59:31,034 - INFO - Inserted economic event with ID: 1834
2025-07-04 14:59:31,038 - INFO - Inserted economic event with ID: 1835
2025-07-04 14:59:31,041 - INFO - Inserted economic event with ID: 1836
2025-07-04 14:59:31,045 - INFO - Inserted economic event with ID: 1837
2025-07-04 14:59:31,048 - INFO - Inserted economic event with ID: 1838
2025-07-04 14:59:31,052 - INFO - Inserted economic event with ID: 1839
2025-07-04 14:59:31,055 - INFO - Inserted economic event with ID: 1840
2025-07-04 14:59:31,059 - INFO - Inserted economic event with ID: 1841
2025-07-04 14:59:31,062 - INFO - Inserted economic event with ID: 1842
2025-07-04 14:59:31,065 - INFO - Inserted economic event with ID: 1843
2025-07-04 14:59:31,067 - INFO - Inserted economic event with ID: 1844
2025-07-04 14:59:31,070 - INFO - Inserted economic event with ID: 1845
2025-07-04 14:59:31,073 - INFO - Inserted economic event with ID: 1846
2025-07-04 14:59:31,076 - INFO - Inserted economic event with ID: 1847
2025-07-04 14:59:31,078 - INFO - Inserted economic event with ID: 1848
2025-07-04 14:59:31,081 - INFO - Inserted economic event with ID: 1849
2025-07-04 14:59:31,084 - INFO - Inserted economic event with ID: 1850
2025-07-04 14:59:31,086 - INFO - Inserted economic event with ID: 1851
2025-07-04 14:59:31,090 - INFO - Inserted economic event with ID: 1852
2025-07-04 14:59:31,093 - INFO - Inserted economic event with ID: 1853
2025-07-04 14:59:31,095 - INFO - Inserted economic event with ID: 1854
2025-07-04 14:59:31,098 - INFO - Inserted economic event with ID: 1855
2025-07-04 14:59:31,101 - INFO - Inserted economic event with ID: 1856
2025-07-04 14:59:31,104 - INFO - Inserted economic event with ID: 1857
2025-07-04 14:59:31,106 - INFO - Inserted economic event with ID: 1858
2025-07-04 14:59:31,109 - INFO - Inserted economic event with ID: 1859
2025-07-04 14:59:31,112 - INFO - Inserted economic event with ID: 1860
2025-07-04 14:59:31,115 - INFO - Inserted economic event with ID: 1861
2025-07-04 14:59:31,118 - INFO - Inserted economic event with ID: 1862
2025-07-04 14:59:31,121 - INFO - Inserted economic event with ID: 1863
2025-07-04 14:59:31,124 - INFO - Inserted economic event with ID: 1864
2025-07-04 14:59:31,127 - INFO - Inserted economic event with ID: 1865
2025-07-04 14:59:31,129 - INFO - Inserted economic event with ID: 1866
2025-07-04 14:59:31,132 - INFO - Inserted economic event with ID: 1867
2025-07-04 14:59:31,135 - INFO - Inserted economic event with ID: 1868
2025-07-04 14:59:31,138 - INFO - Inserted economic event with ID: 1869
2025-07-04 14:59:31,140 - INFO - Inserted economic event with ID: 1870
2025-07-04 14:59:31,143 - INFO - Inserted economic event with ID: 1871
2025-07-04 14:59:31,146 - INFO - Inserted economic event with ID: 1872
2025-07-04 14:59:31,149 - INFO - Inserted economic event with ID: 1873
2025-07-04 14:59:31,152 - INFO - Inserted economic event with ID: 1874
2025-07-04 14:59:31,155 - INFO - Inserted economic event with ID: 1875
2025-07-04 14:59:31,157 - INFO - Inserted economic event with ID: 1876
2025-07-04 14:59:31,161 - INFO - Inserted economic event with ID: 1877
2025-07-04 14:59:31,164 - INFO - Inserted economic event with ID: 1878
2025-07-04 14:59:31,167 - INFO - Inserted economic event with ID: 1879
2025-07-04 14:59:31,170 - INFO - Inserted economic event with ID: 1880
2025-07-04 14:59:31,172 - INFO - Inserted economic event with ID: 1881
2025-07-04 14:59:31,175 - INFO - Inserted economic event with ID: 1882
2025-07-04 14:59:31,178 - INFO - Inserted economic event with ID: 1883
2025-07-04 14:59:31,181 - INFO - Inserted economic event with ID: 1884
2025-07-04 14:59:31,183 - INFO - Inserted economic event with ID: 1885
2025-07-04 14:59:31,186 - INFO - Inserted economic event with ID: 1886
2025-07-04 14:59:31,188 - INFO - Inserted economic event with ID: 1887
2025-07-04 14:59:31,191 - INFO - Inserted economic event with ID: 1888
2025-07-04 14:59:31,194 - INFO - Inserted economic event with ID: 1889
2025-07-04 14:59:31,197 - INFO - Inserted economic event with ID: 1890
2025-07-04 14:59:31,200 - INFO - Inserted economic event with ID: 1891
2025-07-04 14:59:31,202 - INFO - Inserted economic event with ID: 1892
2025-07-04 14:59:31,205 - INFO - Inserted economic event with ID: 1893
2025-07-04 14:59:31,208 - INFO - Inserted economic event with ID: 1894
2025-07-04 14:59:31,212 - INFO - Inserted economic event with ID: 1895
2025-07-04 14:59:31,215 - INFO - Inserted economic event with ID: 1896
2025-07-04 14:59:31,218 - INFO - Inserted economic event with ID: 1897
2025-07-04 14:59:31,221 - INFO - Inserted economic event with ID: 1898
2025-07-04 14:59:31,224 - INFO - Inserted economic event with ID: 1899
2025-07-04 14:59:31,227 - INFO - Inserted economic event with ID: 1900
2025-07-04 14:59:31,230 - INFO - Inserted economic event with ID: 1901
2025-07-04 14:59:31,233 - INFO - Inserted economic event with ID: 1902
2025-07-04 14:59:31,236 - INFO - Inserted economic event with ID: 1903
2025-07-04 14:59:31,239 - INFO - Inserted economic event with ID: 1904
2025-07-04 14:59:31,242 - INFO - Inserted economic event with ID: 1905
2025-07-04 14:59:31,244 - INFO - Inserted economic event with ID: 1906
2025-07-04 14:59:31,247 - INFO - Inserted economic event with ID: 1907
2025-07-04 14:59:31,250 - INFO - Inserted economic event with ID: 1908
2025-07-04 14:59:31,252 - INFO - Inserted economic event with ID: 1909
2025-07-04 14:59:31,255 - INFO - Inserted economic event with ID: 1910
2025-07-04 14:59:31,258 - INFO - Inserted economic event with ID: 1911
2025-07-04 14:59:31,261 - INFO - Inserted economic event with ID: 1912
2025-07-04 14:59:31,264 - INFO - Inserted economic event with ID: 1913
2025-07-04 14:59:31,266 - INFO - Inserted economic event with ID: 1914
2025-07-04 14:59:31,269 - INFO - Inserted economic event with ID: 1915
2025-07-04 14:59:31,272 - INFO - Inserted economic event with ID: 1916
2025-07-04 14:59:31,275 - INFO - Inserted economic event with ID: 1917
2025-07-04 14:59:31,278 - INFO - Inserted economic event with ID: 1918
2025-07-04 14:59:31,281 - INFO - Inserted economic event with ID: 1919
2025-07-04 14:59:31,284 - INFO - Inserted economic event with ID: 1920
2025-07-04 14:59:31,287 - INFO - Inserted economic event with ID: 1921
2025-07-04 14:59:31,289 - INFO - Inserted economic event with ID: 1922
2025-07-04 14:59:31,292 - INFO - Inserted economic event with ID: 1923
2025-07-04 14:59:31,295 - INFO - Inserted economic event with ID: 1924
2025-07-04 14:59:31,298 - INFO - Inserted economic event with ID: 1925
2025-07-04 14:59:31,301 - INFO - Inserted economic event with ID: 1926
2025-07-04 14:59:31,304 - INFO - Inserted economic event with ID: 1927
2025-07-04 14:59:31,306 - INFO - Inserted economic event with ID: 1928
2025-07-04 14:59:31,309 - INFO - Inserted economic event with ID: 1929
2025-07-04 14:59:31,312 - INFO - Inserted economic event with ID: 1930
2025-07-04 14:59:31,314 - INFO - Inserted economic event with ID: 1931
2025-07-04 14:59:31,317 - INFO - Inserted economic event with ID: 1932
2025-07-04 14:59:31,320 - INFO - Inserted economic event with ID: 1933
2025-07-04 14:59:31,323 - INFO - Inserted economic event with ID: 1934
2025-07-04 14:59:31,325 - INFO - Inserted economic event with ID: 1935
2025-07-04 14:59:31,328 - INFO - Inserted economic event with ID: 1936
2025-07-04 14:59:31,331 - INFO - Inserted economic event with ID: 1937
2025-07-04 14:59:31,334 - INFO - Inserted economic event with ID: 1938
2025-07-04 14:59:31,337 - INFO - Inserted economic event with ID: 1939
2025-07-04 14:59:31,340 - INFO - Inserted economic event with ID: 1940
2025-07-04 14:59:31,343 - INFO - Inserted economic event with ID: 1941
2025-07-04 14:59:31,345 - INFO - Inserted economic event with ID: 1942
2025-07-04 14:59:31,348 - INFO - Inserted economic event with ID: 1943
2025-07-04 14:59:31,352 - INFO - Inserted economic event with ID: 1944
2025-07-04 14:59:31,355 - INFO - Inserted economic event with ID: 1945
2025-07-04 14:59:31,357 - INFO - Inserted economic event with ID: 1946
2025-07-04 14:59:31,360 - INFO - Inserted economic event with ID: 1947
2025-07-04 14:59:31,363 - INFO - Inserted economic event with ID: 1948
2025-07-04 14:59:31,365 - INFO - Inserted economic event with ID: 1949
2025-07-04 14:59:31,368 - INFO - Inserted economic event with ID: 1950
2025-07-04 14:59:31,371 - INFO - Inserted economic event with ID: 1951
2025-07-04 14:59:31,373 - INFO - Inserted economic event with ID: 1952
2025-07-04 14:59:31,376 - INFO - Inserted economic event with ID: 1953
2025-07-04 14:59:31,379 - INFO - Inserted economic event with ID: 1954
2025-07-04 14:59:31,381 - INFO - Inserted economic event with ID: 1955
2025-07-04 14:59:31,385 - INFO - Inserted economic event with ID: 1956
2025-07-04 14:59:31,388 - INFO - Inserted economic event with ID: 1957
2025-07-04 14:59:31,390 - INFO - Inserted economic event with ID: 1958
2025-07-04 14:59:31,393 - INFO - Inserted economic event with ID: 1959
2025-07-04 14:59:31,396 - INFO - Inserted economic event with ID: 1960
2025-07-04 14:59:31,398 - INFO - Inserted economic event with ID: 1961
2025-07-04 14:59:31,401 - INFO - Inserted economic event with ID: 1962
2025-07-04 14:59:31,404 - INFO - Inserted economic event with ID: 1963
2025-07-04 14:59:31,407 - INFO - Inserted economic event with ID: 1964
2025-07-04 14:59:31,409 - INFO - Inserted economic event with ID: 1965
2025-07-04 14:59:31,413 - INFO - Inserted economic event with ID: 1966
2025-07-04 14:59:31,415 - INFO - Inserted economic event with ID: 1967
2025-07-04 14:59:31,418 - INFO - Inserted economic event with ID: 1968
2025-07-04 14:59:31,421 - INFO - Inserted economic event with ID: 1969
2025-07-04 14:59:31,423 - INFO - Inserted economic event with ID: 1970
2025-07-04 14:59:31,426 - INFO - Inserted economic event with ID: 1971
2025-07-04 14:59:31,429 - INFO - Inserted economic event with ID: 1972
2025-07-04 14:59:31,432 - INFO - Inserted economic event with ID: 1973
2025-07-04 14:59:31,434 - INFO - Inserted economic event with ID: 1974
2025-07-04 14:59:31,437 - INFO - Inserted economic event with ID: 1975
2025-07-04 14:59:31,440 - INFO - Inserted economic event with ID: 1976
2025-07-04 14:59:31,442 - INFO - Inserted economic event with ID: 1977
2025-07-04 14:59:31,445 - INFO - Inserted economic event with ID: 1978
2025-07-04 14:59:31,447 - INFO - Inserted economic event with ID: 1979
2025-07-04 14:59:31,450 - INFO - Inserted economic event with ID: 1980
2025-07-04 14:59:31,453 - INFO - Inserted economic event with ID: 1981
2025-07-04 14:59:31,457 - INFO - Inserted economic event with ID: 1982
2025-07-04 14:59:31,459 - INFO - Inserted economic event with ID: 1983
2025-07-04 14:59:31,462 - INFO - Inserted economic event with ID: 1984
2025-07-04 14:59:31,465 - INFO - Inserted economic event with ID: 1985
2025-07-04 14:59:31,467 - INFO - Inserted economic event with ID: 1986
2025-07-04 14:59:31,470 - INFO - Inserted economic event with ID: 1987
2025-07-04 14:59:31,472 - INFO - Inserted economic event with ID: 1988
2025-07-04 14:59:31,475 - INFO - Inserted economic event with ID: 1989
2025-07-04 14:59:31,478 - INFO - Inserted economic event with ID: 1990
2025-07-04 14:59:31,481 - INFO - Inserted economic event with ID: 1991
2025-07-04 14:59:31,483 - INFO - Inserted economic event with ID: 1992
2025-07-04 14:59:31,486 - INFO - Inserted economic event with ID: 1993
2025-07-04 14:59:31,488 - INFO - Inserted economic event with ID: 1994
2025-07-04 14:59:31,491 - INFO - Inserted economic event with ID: 1995
2025-07-04 14:59:31,493 - INFO - Inserted economic event with ID: 1996
2025-07-04 14:59:31,496 - INFO - Inserted economic event with ID: 1997
2025-07-04 14:59:31,498 - INFO - Inserted economic event with ID: 1998
2025-07-04 14:59:31,501 - INFO - Inserted economic event with ID: 1999
2025-07-04 14:59:31,503 - INFO - Inserted economic event with ID: 2000
2025-07-04 14:59:31,506 - INFO - Inserted economic event with ID: 2001
2025-07-04 14:59:31,509 - INFO - Inserted economic event with ID: 2002
2025-07-04 14:59:31,511 - INFO - Inserted economic event with ID: 2003
2025-07-04 14:59:31,514 - INFO - Inserted economic event with ID: 2004
2025-07-04 14:59:31,516 - INFO - Inserted economic event with ID: 2005
2025-07-04 14:59:31,518 - INFO - Inserted economic event with ID: 2006
2025-07-04 14:59:31,521 - INFO - Inserted economic event with ID: 2007
2025-07-04 14:59:31,523 - INFO - Inserted economic event with ID: 2008
2025-07-04 14:59:31,526 - INFO - Inserted economic event with ID: 2009
2025-07-04 14:59:31,529 - INFO - Inserted economic event with ID: 2010
2025-07-04 14:59:31,532 - INFO - Inserted economic event with ID: 2011
2025-07-04 14:59:31,535 - INFO - Inserted economic event with ID: 2012
2025-07-04 14:59:31,538 - INFO - Inserted economic event with ID: 2013
2025-07-04 14:59:31,540 - INFO - Inserted economic event with ID: 2014
2025-07-04 14:59:31,543 - INFO - Inserted economic event with ID: 2015
2025-07-04 14:59:31,546 - INFO - Inserted economic event with ID: 2016
2025-07-04 14:59:31,548 - INFO - Inserted economic event with ID: 2017
2025-07-04 14:59:31,551 - INFO - Inserted economic event with ID: 2018
2025-07-04 14:59:31,554 - INFO - Inserted economic event with ID: 2019
2025-07-04 14:59:31,556 - INFO - Inserted economic event with ID: 2020
2025-07-04 14:59:31,559 - INFO - Inserted economic event with ID: 2021
2025-07-04 14:59:31,562 - INFO - Inserted economic event with ID: 2022
2025-07-04 14:59:31,565 - INFO - Inserted economic event with ID: 2023
2025-07-04 14:59:31,567 - INFO - Inserted economic event with ID: 2024
2025-07-04 14:59:31,570 - INFO - Inserted economic event with ID: 2025
2025-07-04 14:59:31,572 - INFO - Inserted economic event with ID: 2026
2025-07-04 14:59:31,575 - INFO - Inserted economic event with ID: 2027
2025-07-04 14:59:31,577 - INFO - Inserted economic event with ID: 2028
2025-07-04 14:59:31,580 - INFO - Inserted economic event with ID: 2029
2025-07-04 14:59:31,582 - INFO - Inserted economic event with ID: 2030
2025-07-04 14:59:31,585 - INFO - Inserted economic event with ID: 2031
2025-07-04 14:59:31,588 - INFO - Inserted economic event with ID: 2032
2025-07-04 14:59:31,590 - INFO - Inserted economic event with ID: 2033
2025-07-04 14:59:31,593 - INFO - Inserted economic event with ID: 2034
2025-07-04 14:59:31,596 - INFO - Inserted economic event with ID: 2035
2025-07-04 14:59:31,598 - INFO - Inserted economic event with ID: 2036
2025-07-04 14:59:31,601 - INFO - Inserted economic event with ID: 2037
2025-07-04 14:59:31,603 - INFO - Inserted economic event with ID: 2038
2025-07-04 14:59:31,606 - INFO - Inserted economic event with ID: 2039
2025-07-04 14:59:31,609 - INFO - Inserted economic event with ID: 2040
2025-07-04 14:59:31,612 - INFO - Inserted economic event with ID: 2041
2025-07-04 14:59:31,617 - INFO - Inserted economic event with ID: 2042
2025-07-04 14:59:31,620 - INFO - Inserted economic event with ID: 2043
2025-07-04 14:59:31,622 - INFO - Inserted economic event with ID: 2044
2025-07-04 14:59:31,625 - INFO - Inserted economic event with ID: 2045
2025-07-04 14:59:31,627 - INFO - Inserted economic event with ID: 2046
2025-07-04 14:59:31,630 - INFO - Inserted economic event with ID: 2047
2025-07-04 14:59:31,633 - INFO - Inserted economic event with ID: 2048
2025-07-04 14:59:31,635 - INFO - Inserted economic event with ID: 2049
2025-07-04 14:59:31,638 - INFO - Inserted economic event with ID: 2050
2025-07-04 14:59:31,640 - INFO - Inserted economic event with ID: 2051
2025-07-04 14:59:31,643 - INFO - Inserted economic event with ID: 2052
2025-07-04 14:59:31,645 - INFO - Inserted economic event with ID: 2053
2025-07-04 14:59:31,648 - INFO - Inserted economic event with ID: 2054
2025-07-04 14:59:31,651 - INFO - Inserted economic event with ID: 2055
2025-07-04 14:59:31,653 - INFO - Inserted economic event with ID: 2056
2025-07-04 14:59:31,656 - INFO - Inserted economic event with ID: 2057
2025-07-04 14:59:31,658 - INFO - Inserted economic event with ID: 2058
2025-07-04 14:59:31,661 - INFO - Inserted economic event with ID: 2059
2025-07-04 14:59:31,664 - INFO - Inserted economic event with ID: 2060
2025-07-04 14:59:31,667 - INFO - Inserted economic event with ID: 2061
2025-07-04 14:59:31,669 - INFO - Inserted economic event with ID: 2062
2025-07-04 14:59:31,672 - INFO - Inserted economic event with ID: 2063
2025-07-04 14:59:31,675 - INFO - Inserted economic event with ID: 2064
2025-07-04 14:59:31,677 - INFO - Inserted economic event with ID: 2065
2025-07-04 14:59:31,680 - INFO - Inserted economic event with ID: 2066
2025-07-04 14:59:31,683 - INFO - Inserted economic event with ID: 2067
2025-07-04 14:59:31,686 - INFO - Inserted economic event with ID: 2068
2025-07-04 14:59:31,688 - INFO - Inserted economic event with ID: 2069
2025-07-04 14:59:31,691 - INFO - Inserted economic event with ID: 2070
2025-07-04 14:59:31,694 - INFO - Inserted economic event with ID: 2071
2025-07-04 14:59:31,696 - INFO - Inserted economic event with ID: 2072
2025-07-04 14:59:31,699 - INFO - Inserted economic event with ID: 2073
2025-07-04 14:59:31,701 - INFO - Inserted economic event with ID: 2074
2025-07-04 14:59:31,704 - INFO - Inserted economic event with ID: 2075
2025-07-04 14:59:31,706 - INFO - Inserted economic event with ID: 2076
2025-07-04 14:59:31,712 - INFO - Inserted economic event with ID: 2077
2025-07-04 14:59:31,716 - INFO - Inserted economic event with ID: 2078
2025-07-04 14:59:31,719 - INFO - Inserted economic event with ID: 2079
2025-07-04 14:59:31,722 - INFO - Inserted economic event with ID: 2080
2025-07-04 14:59:31,726 - INFO - Inserted economic event with ID: 2081
2025-07-04 14:59:31,729 - INFO - Inserted economic event with ID: 2082
2025-07-04 14:59:31,732 - INFO - Inserted economic event with ID: 2083
2025-07-04 14:59:31,735 - INFO - Inserted economic event with ID: 2084
2025-07-04 14:59:31,738 - INFO - Inserted economic event with ID: 2085
2025-07-04 14:59:31,742 - INFO - Inserted economic event with ID: 2086
2025-07-04 14:59:31,745 - INFO - Inserted economic event with ID: 2087
2025-07-04 14:59:31,748 - INFO - Inserted economic event with ID: 2088
2025-07-04 14:59:31,751 - INFO - Inserted economic event with ID: 2089
2025-07-04 14:59:31,754 - INFO - Inserted economic event with ID: 2090
2025-07-04 14:59:31,757 - INFO - Inserted economic event with ID: 2091
2025-07-04 14:59:31,759 - INFO - Inserted economic event with ID: 2092
2025-07-04 14:59:31,762 - INFO - Inserted economic event with ID: 2093
2025-07-04 14:59:31,765 - INFO - Inserted economic event with ID: 2094
2025-07-04 14:59:31,767 - INFO - Inserted economic event with ID: 2095
2025-07-04 14:59:31,770 - INFO - Inserted economic event with ID: 2096
2025-07-04 14:59:31,773 - INFO - Inserted economic event with ID: 2097
2025-07-04 14:59:31,776 - INFO - Inserted economic event with ID: 2098
2025-07-04 14:59:31,778 - INFO - Inserted economic event with ID: 2099
2025-07-04 14:59:31,781 - INFO - Inserted economic event with ID: 2100
2025-07-04 14:59:31,783 - INFO - Inserted economic event with ID: 2101
2025-07-04 14:59:31,786 - INFO - Inserted economic event with ID: 2102
2025-07-04 14:59:31,789 - INFO - Inserted economic event with ID: 2103
2025-07-04 14:59:31,791 - INFO - Inserted economic event with ID: 2104
2025-07-04 14:59:31,794 - INFO - Inserted economic event with ID: 2105
2025-07-04 14:59:31,796 - INFO - Inserted economic event with ID: 2106
2025-07-04 14:59:31,799 - INFO - Inserted economic event with ID: 2107
2025-07-04 14:59:31,802 - INFO - Inserted economic event with ID: 2108
2025-07-04 14:59:31,805 - INFO - Inserted economic event with ID: 2109
2025-07-04 14:59:31,807 - INFO - Inserted economic event with ID: 2110
2025-07-04 14:59:31,810 - INFO - Inserted economic event with ID: 2111
2025-07-04 14:59:31,813 - INFO - Inserted economic event with ID: 2112
2025-07-04 14:59:31,815 - INFO - Inserted economic event with ID: 2113
2025-07-04 14:59:31,818 - INFO - Inserted economic event with ID: 2114
2025-07-04 14:59:31,821 - INFO - Inserted economic event with ID: 2115
2025-07-04 14:59:31,824 - INFO - Inserted economic event with ID: 2116
2025-07-04 14:59:31,827 - INFO - Inserted economic event with ID: 2117
2025-07-04 14:59:31,829 - INFO - Inserted economic event with ID: 2118
2025-07-04 14:59:31,832 - INFO - Inserted economic event with ID: 2119
2025-07-04 14:59:31,835 - INFO - Inserted economic event with ID: 2120
2025-07-04 14:59:31,838 - INFO - Inserted economic event with ID: 2121
2025-07-04 14:59:31,840 - INFO - Inserted economic event with ID: 2122
2025-07-04 14:59:31,843 - INFO - Inserted economic event with ID: 2123
2025-07-04 14:59:31,846 - INFO - Inserted economic event with ID: 2124
2025-07-04 14:59:31,849 - INFO - Inserted economic event with ID: 2125
2025-07-04 14:59:31,852 - INFO - Inserted economic event with ID: 2126
2025-07-04 14:59:31,855 - INFO - Inserted economic event with ID: 2127
2025-07-04 14:59:31,858 - INFO - Inserted economic event with ID: 2128
2025-07-04 14:59:31,861 - INFO - Inserted economic event with ID: 2129
2025-07-04 14:59:31,864 - INFO - Inserted economic event with ID: 2130
2025-07-04 14:59:31,867 - INFO - Inserted economic event with ID: 2131
2025-07-04 14:59:31,870 - INFO - Inserted economic event with ID: 2132
2025-07-04 14:59:31,872 - INFO - Inserted economic event with ID: 2133
2025-07-04 14:59:31,875 - INFO - Inserted economic event with ID: 2134
2025-07-04 14:59:31,878 - INFO - Inserted economic event with ID: 2135
2025-07-04 14:59:31,880 - INFO - Inserted economic event with ID: 2136
2025-07-04 14:59:31,883 - INFO - Inserted economic event with ID: 2137
2025-07-04 14:59:31,886 - INFO - Inserted economic event with ID: 2138
2025-07-04 14:59:31,889 - INFO - Inserted economic event with ID: 2139
2025-07-04 14:59:31,891 - INFO - Inserted economic event with ID: 2140
2025-07-04 14:59:31,894 - INFO - Inserted economic event with ID: 2141
2025-07-04 14:59:31,897 - INFO - Inserted economic event with ID: 2142
2025-07-04 14:59:31,899 - INFO - Inserted economic event with ID: 2143
2025-07-04 14:59:31,902 - INFO - Inserted economic event with ID: 2144
2025-07-04 14:59:31,904 - INFO - Inserted economic event with ID: 2145
2025-07-04 14:59:31,907 - INFO - Inserted economic event with ID: 2146
2025-07-04 14:59:31,910 - INFO - Inserted economic event with ID: 2147
2025-07-04 14:59:31,912 - INFO - Inserted economic event with ID: 2148
2025-07-04 14:59:31,915 - INFO - Inserted economic event with ID: 2149
2025-07-04 14:59:31,917 - INFO - Inserted economic event with ID: 2150
2025-07-04 14:59:31,920 - INFO - Inserted economic event with ID: 2151
2025-07-04 14:59:31,922 - INFO - Inserted economic event with ID: 2152
2025-07-04 14:59:31,925 - INFO - Inserted economic event with ID: 2153
2025-07-04 14:59:31,928 - INFO - Inserted economic event with ID: 2154
2025-07-04 14:59:31,930 - INFO - Inserted economic event with ID: 2155


[MESSARI STDERR @ 2025-07-04 14:59:37.126023]


[TWELVE_DATA STDERR @ 2025-07-04 14:59:39.377965]


[BENZINGA STDERR @ 2025-07-04 15:32:58.215871]
2025-07-04 15:32:58,125 - WARNING - \u26a0\ufe0f Data store module not available: No module named 'sqlalchemy'


[POLYGON STDERR @ 2025-07-04 15:33:00.872598]
2025-07-04 15:32:58,814 - ERROR - [Polygon] Error fetching SPX: 'v'
2025-07-04 15:32:58,921 - ERROR - [Polygon] Error fetching NDX: 'v'
2025-07-04 15:33:00,852 - ERROR - [Polygon] Error fetching RUT: 'v'


[FMP STDERR @ 2025-07-04 15:33:04.028462]
2025-07-04 15:33:01,496 - INFO - Database tables created successfully
2025-07-04 15:33:01,496 - INFO - Database initialization completed
2025-07-04 15:33:01,496 - INFO - MacroIntel Data Store initialized with SQLAlchemy ORM
2025-07-04 15:33:01,496 - INFO - \u2705 Data store module imported successfully
2025-07-04 15:33:01,950 - INFO - Inserted economic event with ID: 2156
2025-07-04 15:33:01,953 - INFO - Inserted economic event with ID: 2157
2025-07-04 15:33:01,956 - INFO - Inserted economic event with ID: 2158
2025-07-04 15:33:01,960 - INFO - Inserted economic event with ID: 2159
2025-07-04 15:33:01,963 - INFO - Inserted economic event with ID: 2160
2025-07-04 15:33:01,966 - INFO - Inserted economic event with ID: 2161
2025-07-04 15:33:01,968 - INFO - Inserted economic event with ID: 2162
2025-07-04 15:33:01,971 - INFO - Inserted economic event with ID: 2163
2025-07-04 15:33:01,974 - INFO - Inserted economic event with ID: 2164
2025-07-04 15:33:01,976 - INFO - Inserted economic event with ID: 2165
2025-07-04 15:33:01,979 - INFO - Inserted economic event with ID: 2166
2025-07-04 15:33:01,982 - INFO - Inserted economic event with ID: 2167
2025-07-04 15:33:01,985 - INFO - Inserted economic event with ID: 2168
2025-07-04 15:33:01,987 - INFO - Inserted economic event with ID: 2169
2025-07-04 15:33:01,989 - INFO - Inserted economic event with ID: 2170
2025-07-04 15:33:01,992 - INFO - Inserted economic event with ID: 2171
2025-07-04 15:33:01,995 - INFO - Inserted economic event with ID: 2172
2025-07-04 15:33:01,998 - INFO - Inserted economic event with ID: 2173
2025-07-04 15:33:02,000 - INFO - Inserted economic event with ID: 2174
2025-07-04 15:33:02,003 - INFO - Inserted economic event with ID: 2175
2025-07-04 15:33:02,006 - INFO - Inserted economic event with ID: 2176
2025-07-04 15:33:02,008 - INFO - Inserted economic event with ID: 2177
2025-07-04 15:33:02,011 - INFO - Inserted economic event with ID: 2178
2025-07-04 15:33:02,014 - INFO - Inserted economic event with ID: 2179
2025-07-04 15:33:02,016 - INFO - Inserted economic event with ID: 2180
2025-07-04 15:33:02,019 - INFO - Inserted economic event with ID: 2181
2025-07-04 15:33:02,021 - INFO - Inserted economic event with ID: 2182
2025-07-04 15:33:02,024 - INFO - Inserted economic event with ID: 2183
2025-07-04 15:33:02,027 - INFO - Inserted economic event with ID: 2184
2025-07-04 15:33:02,030 - INFO - Inserted economic event with ID: 2185
2025-07-04 15:33:02,032 - INFO - Inserted economic event with ID: 2186
2025-07-04 15:33:02,035 - INFO - Inserted economic event with ID: 2187
2025-07-04 15:33:02,037 - INFO - Inserted economic event with ID: 2188
2025-07-04 15:33:02,042 - INFO - Inserted economic event with ID: 2189
2025-07-04 15:33:02,044 - INFO - Inserted economic event with ID: 2190
2025-07-04 15:33:02,046 - INFO - Inserted economic event with ID: 2191
2025-07-04 15:33:02,050 - INFO - Inserted economic event with ID: 2192
2025-07-04 15:33:02,053 - INFO - Inserted economic event with ID: 2193
2025-07-04 15:33:02,055 - INFO - Inserted economic event with ID: 2194
2025-07-04 15:33:02,059 - INFO - Inserted economic event with ID: 2195
2025-07-04 15:33:02,061 - INFO - Inserted economic event with ID: 2196
2025-07-04 15:33:02,064 - INFO - Inserted economic event with ID: 2197
2025-07-04 15:33:02,067 - INFO - Inserted economic event with ID: 2198
2025-07-04 15:33:02,070 - INFO - Inserted economic event with ID: 2199
2025-07-04 15:33:02,072 - INFO - Inserted economic event with ID: 2200
2025-07-04 15:33:02,076 - INFO - Inserted economic event with ID: 2201
2025-07-04 15:33:02,078 - INFO - Inserted economic event with ID: 2202
2025-07-04 15:33:02,081 - INFO - Inserted economic event with ID: 2203
2025-07-04 15:33:02,084 - INFO - Inserted economic event with ID: 2204
2025-07-04 15:33:02,087 - INFO - Inserted economic event with ID: 2205
2025-07-04 15:33:02,089 - INFO - Inserted economic event with ID: 2206
2025-07-04 15:33:02,093 - INFO - Inserted economic event with ID: 2207
2025-07-04 15:33:02,095 - INFO - Inserted economic event with ID: 2208
2025-07-04 15:33:02,098 - INFO - Inserted economic event with ID: 2209
2025-07-04 15:33:02,100 - INFO - Inserted economic event with ID: 2210
2025-07-04 15:33:02,103 - INFO - Inserted economic event with ID: 2211
2025-07-04 15:33:02,105 - INFO - Inserted economic event with ID: 2212
2025-07-04 15:33:02,107 - INFO - Inserted economic event with ID: 2213
2025-07-04 15:33:02,111 - INFO - Inserted economic event with ID: 2214
2025-07-04 15:33:02,114 - INFO - Inserted economic event with ID: 2215
2025-07-04 15:33:02,116 - INFO - Inserted economic event with ID: 2216
2025-07-04 15:33:02,119 - INFO - Inserted economic event with ID: 2217
2025-07-04 15:33:02,123 - INFO - Inserted economic event with ID: 2218
2025-07-04 15:33:02,125 - INFO - Inserted economic event with ID: 2219
2025-07-04 15:33:02,127 - INFO - Inserted economic event with ID: 2220
2025-07-04 15:33:02,130 - INFO - Inserted economic event with ID: 2221
2025-07-04 15:33:02,134 - INFO - Inserted economic event with ID: 2222
2025-07-04 15:33:02,136 - INFO - Inserted economic event with ID: 2223
2025-07-04 15:33:02,139 - INFO - Inserted economic event with ID: 2224
2025-07-04 15:33:02,142 - INFO - Inserted economic event with ID: 2225
2025-07-04 15:33:02,145 - INFO - Inserted economic event with ID: 2226
2025-07-04 15:33:02,147 - INFO - Inserted economic event with ID: 2227
2025-07-04 15:33:02,150 - INFO - Inserted economic event with ID: 2228
2025-07-04 15:33:02,152 - INFO - Inserted economic event with ID: 2229
2025-07-04 15:33:02,155 - INFO - Inserted economic event with ID: 2230
2025-07-04 15:33:02,157 - INFO - Inserted economic event with ID: 2231
2025-07-04 15:33:02,160 - INFO - Inserted economic event with ID: 2232
2025-07-04 15:33:02,163 - INFO - Inserted economic event with ID: 2233
2025-07-04 15:33:02,166 - INFO - Inserted economic event with ID: 2234
2025-07-04 15:33:02,168 - INFO - Inserted economic event with ID: 2235
2025-07-04 15:33:02,171 - INFO - Inserted economic event with ID: 2236
2025-07-04 15:33:02,174 - INFO - Inserted economic event with ID: 2237
2025-07-04 15:33:02,177 - INFO - Inserted economic event with ID: 2238
2025-07-04 15:33:02,180 - INFO - Inserted economic event with ID: 2239
2025-07-04 15:33:02,182 - INFO - Inserted economic event with ID: 2240
2025-07-04 15:33:02,185 - INFO - Inserted economic event with ID: 2241
2025-07-04 15:33:02,188 - INFO - Inserted economic event with ID: 2242
2025-07-04 15:33:02,191 - INFO - Inserted economic event with ID: 2243
2025-07-04 15:33:02,194 - INFO - Inserted economic event with ID: 2244
2025-07-04 15:33:02,197 - INFO - Inserted economic event with ID: 2245
2025-07-04 15:33:02,200 - INFO - Inserted economic event with ID: 2246
2025-07-04 15:33:02,201 - INFO - Inserted economic event with ID: 2247
2025-07-04 15:33:02,205 - INFO - Inserted economic event with ID: 2248
2025-07-04 15:33:02,207 - INFO - Inserted economic event with ID: 2249
2025-07-04 15:33:02,211 - INFO - Inserted economic event with ID: 2250
2025-07-04 15:33:02,213 - INFO - Inserted economic event with ID: 2251
2025-07-04 15:33:02,215 - INFO - Inserted economic event with ID: 2252
2025-07-04 15:33:02,218 - INFO - Inserted economic event with ID: 2253
2025-07-04 15:33:02,221 - INFO - Inserted economic event with ID: 2254
2025-07-04 15:33:02,224 - INFO - Inserted economic event with ID: 2255
2025-07-04 15:33:02,226 - INFO - Inserted economic event with ID: 2256
2025-07-04 15:33:02,229 - INFO - Inserted economic event with ID: 2257
2025-07-04 15:33:02,232 - INFO - Inserted economic event with ID: 2258
2025-07-04 15:33:02,234 - INFO - Inserted economic event with ID: 2259
2025-07-04 15:33:02,238 - INFO - Inserted economic event with ID: 2260
2025-07-04 15:33:02,240 - INFO - Inserted economic event with ID: 2261
2025-07-04 15:33:02,242 - INFO - Inserted economic event with ID: 2262
2025-07-04 15:33:02,246 - INFO - Inserted economic event with ID: 2263
2025-07-04 15:33:02,248 - INFO - Inserted economic event with ID: 2264
2025-07-04 15:33:02,251 - INFO - Inserted economic event with ID: 2265
2025-07-04 15:33:02,254 - INFO - Inserted economic event with ID: 2266
2025-07-04 15:33:02,256 - INFO - Inserted economic event with ID: 2267
2025-07-04 15:33:02,259 - INFO - Inserted economic event with ID: 2268
2025-07-04 15:33:02,262 - INFO - Inserted economic event with ID: 2269
2025-07-04 15:33:02,265 - INFO - Inserted economic event with ID: 2270
2025-07-04 15:33:02,268 - INFO - Inserted economic event with ID: 2271
2025-07-04 15:33:02,270 - INFO - Inserted economic event with ID: 2272
2025-07-04 15:33:02,274 - INFO - Inserted economic event with ID: 2273
2025-07-04 15:33:02,276 - INFO - Inserted economic event with ID: 2274
2025-07-04 15:33:02,279 - INFO - Inserted economic event with ID: 2275
2025-07-04 15:33:02,281 - INFO - Inserted economic event with ID: 2276
2025-07-04 15:33:02,283 - INFO - Inserted economic event with ID: 2277
2025-07-04 15:33:02,285 - INFO - Inserted economic event with ID: 2278
2025-07-04 15:33:02,289 - INFO - Inserted economic event with ID: 2279
2025-07-04 15:33:02,290 - INFO - Inserted economic event with ID: 2280
2025-07-04 15:33:02,294 - INFO - Inserted economic event with ID: 2281
2025-07-04 15:33:02,297 - INFO - Inserted economic event with ID: 2282
2025-07-04 15:33:02,299 - INFO - Inserted economic event with ID: 2283
2025-07-04 15:33:02,302 - INFO - Inserted economic event with ID: 2284
2025-07-04 15:33:02,304 - INFO - Inserted economic event with ID: 2285
2025-07-04 15:33:02,307 - INFO - Inserted economic event with ID: 2286
2025-07-04 15:33:02,310 - INFO - Inserted economic event with ID: 2287
2025-07-04 15:33:02,312 - INFO - Inserted economic event with ID: 2288
2025-07-04 15:33:02,316 - INFO - Inserted economic event with ID: 2289
2025-07-04 15:33:02,318 - INFO - Inserted economic event with ID: 2290
2025-07-04 15:33:02,321 - INFO - Inserted economic event with ID: 2291
2025-07-04 15:33:02,324 - INFO - Inserted economic event with ID: 2292
2025-07-04 15:33:02,327 - INFO - Inserted economic event with ID: 2293
2025-07-04 15:33:02,329 - INFO - Inserted economic event with ID: 2294
2025-07-04 15:33:02,333 - INFO - Inserted economic event with ID: 2295
2025-07-04 15:33:02,336 - INFO - Inserted economic event with ID: 2296
2025-07-04 15:33:02,338 - INFO - Inserted economic event with ID: 2297
2025-07-04 15:33:02,340 - INFO - Inserted economic event with ID: 2298
2025-07-04 15:33:02,343 - INFO - Inserted economic event with ID: 2299
2025-07-04 15:33:02,346 - INFO - Inserted economic event with ID: 2300
2025-07-04 15:33:02,348 - INFO - Inserted economic event with ID: 2301
2025-07-04 15:33:02,351 - INFO - Inserted economic event with ID: 2302
2025-07-04 15:33:02,354 - INFO - Inserted economic event with ID: 2303
2025-07-04 15:33:02,357 - INFO - Inserted economic event with ID: 2304
2025-07-04 15:33:02,360 - INFO - Inserted economic event with ID: 2305
2025-07-04 15:33:02,363 - INFO - Inserted economic event with ID: 2306
2025-07-04 15:33:02,366 - INFO - Inserted economic event with ID: 2307
2025-07-04 15:33:02,367 - INFO - Inserted economic event with ID: 2308
2025-07-04 15:33:02,371 - INFO - Inserted economic event with ID: 2309
2025-07-04 15:33:02,373 - INFO - Inserted economic event with ID: 2310
2025-07-04 15:33:02,376 - INFO - Inserted economic event with ID: 2311
2025-07-04 15:33:02,378 - INFO - Inserted economic event with ID: 2312
2025-07-04 15:33:02,381 - INFO - Inserted economic event with ID: 2313
2025-07-04 15:33:02,383 - INFO - Inserted economic event with ID: 2314
2025-07-04 15:33:02,386 - INFO - Inserted economic event with ID: 2315
2025-07-04 15:33:02,389 - INFO - Inserted economic event with ID: 2316
2025-07-04 15:33:02,392 - INFO - Inserted economic event with ID: 2317
2025-07-04 15:33:02,394 - INFO - Inserted economic event with ID: 2318
2025-07-04 15:33:02,397 - INFO - Inserted economic event with ID: 2319
2025-07-04 15:33:02,401 - INFO - Inserted economic event with ID: 2320
2025-07-04 15:33:02,403 - INFO - Inserted economic event with ID: 2321
2025-07-04 15:33:02,406 - INFO - Inserted economic event with ID: 2322
2025-07-04 15:33:02,408 - INFO - Inserted economic event with ID: 2323
2025-07-04 15:33:02,410 - INFO - Inserted economic event with ID: 2324
2025-07-04 15:33:02,414 - INFO - Inserted economic event with ID: 2325
2025-07-04 15:33:02,415 - INFO - Inserted economic event with ID: 2326
2025-07-04 15:33:02,419 - INFO - Inserted economic event with ID: 2327
2025-07-04 15:33:02,421 - INFO - Inserted economic event with ID: 2328
2025-07-04 15:33:02,425 - INFO - Inserted economic event with ID: 2329
2025-07-04 15:33:02,427 - INFO - Inserted economic event with ID: 2330
2025-07-04 15:33:02,430 - INFO - Inserted economic event with ID: 2331
2025-07-04 15:33:02,433 - INFO - Inserted economic event with ID: 2332
2025-07-04 15:33:02,436 - INFO - Inserted economic event with ID: 2333
2025-07-04 15:33:02,438 - INFO - Inserted economic event with ID: 2334
2025-07-04 15:33:02,442 - INFO - Inserted economic event with ID: 2335
2025-07-04 15:33:02,445 - INFO - Inserted economic event with ID: 2336
2025-07-04 15:33:02,448 - INFO - Inserted economic event with ID: 2337
2025-07-04 15:33:02,451 - INFO - Inserted economic event with ID: 2338
2025-07-04 15:33:02,453 - INFO - Inserted economic event with ID: 2339
2025-07-04 15:33:02,456 - INFO - Inserted economic event with ID: 2340
2025-07-04 15:33:02,459 - INFO - Inserted economic event with ID: 2341
2025-07-04 15:33:02,462 - INFO - Inserted economic event with ID: 2342
2025-07-04 15:33:02,464 - INFO - Inserted economic event with ID: 2343
2025-07-04 15:33:02,467 - INFO - Inserted economic event with ID: 2344
2025-07-04 15:33:02,470 - INFO - Inserted economic event with ID: 2345
2025-07-04 15:33:02,473 - INFO - Inserted economic event with ID: 2346
2025-07-04 15:33:02,476 - INFO - Inserted economic event with ID: 2347
2025-07-04 15:33:02,480 - INFO - Inserted economic event with ID: 2348
2025-07-04 15:33:02,482 - INFO - Inserted economic event with ID: 2349
2025-07-04 15:33:02,485 - INFO - Inserted economic event with ID: 2350
2025-07-04 15:33:02,488 - INFO - Inserted economic event with ID: 2351
2025-07-04 15:33:02,490 - INFO - Inserted economic event with ID: 2352
2025-07-04 15:33:02,494 - INFO - Inserted economic event with ID: 2353
2025-07-04 15:33:02,497 - INFO - Inserted economic event with ID: 2354
2025-07-04 15:33:02,500 - INFO - Inserted economic event with ID: 2355
2025-07-04 15:33:02,503 - INFO - Inserted economic event with ID: 2356
2025-07-04 15:33:02,505 - INFO - Inserted economic event with ID: 2357
2025-07-04 15:33:02,509 - INFO - Inserted economic event with ID: 2358
2025-07-04 15:33:02,513 - INFO - Inserted economic event with ID: 2359
2025-07-04 15:33:02,515 - INFO - Inserted economic event with ID: 2360
2025-07-04 15:33:02,518 - INFO - Inserted economic event with ID: 2361
2025-07-04 15:33:02,520 - INFO - Inserted economic event with ID: 2362
2025-07-04 15:33:02,524 - INFO - Inserted economic event with ID: 2363
2025-07-04 15:33:02,527 - INFO - Inserted economic event with ID: 2364
2025-07-04 15:33:02,530 - INFO - Inserted economic event with ID: 2365
2025-07-04 15:33:02,534 - INFO - Inserted economic event with ID: 2366
2025-07-04 15:33:02,536 - INFO - Inserted economic event with ID: 2367
2025-07-04 15:33:02,540 - INFO - Inserted economic event with ID: 2368
2025-07-04 15:33:02,542 - INFO - Inserted economic event with ID: 2369
2025-07-04 15:33:02,545 - INFO - Inserted economic event with ID: 2370
2025-07-04 15:33:02,549 - INFO - Inserted economic event with ID: 2371
2025-07-04 15:33:02,552 - INFO - Inserted economic event with ID: 2372
2025-07-04 15:33:02,554 - INFO - Inserted economic event with ID: 2373
2025-07-04 15:33:02,558 - INFO - Inserted economic event with ID: 2374
2025-07-04 15:33:02,561 - INFO - Inserted economic event with ID: 2375
2025-07-04 15:33:02,564 - INFO - Inserted economic event with ID: 2376
2025-07-04 15:33:02,566 - INFO - Inserted economic event with ID: 2377
2025-07-04 15:33:02,570 - INFO - Inserted economic event with ID: 2378
2025-07-04 15:33:02,572 - INFO - Inserted economic event with ID: 2379
2025-07-04 15:33:02,576 - INFO - Inserted economic event with ID: 2380
2025-07-04 15:33:02,579 - INFO - Inserted economic event with ID: 2381
2025-07-04 15:33:02,581 - INFO - Inserted economic event with ID: 2382
2025-07-04 15:33:02,584 - INFO - Inserted economic event with ID: 2383
2025-07-04 15:33:02,587 - INFO - Inserted economic event with ID: 2384
2025-07-04 15:33:02,589 - INFO - Inserted economic event with ID: 2385
2025-07-04 15:33:02,593 - INFO - Inserted economic event with ID: 2386
2025-07-04 15:33:02,595 - INFO - Inserted economic event with ID: 2387
2025-07-04 15:33:02,599 - INFO - Inserted economic event with ID: 2388
2025-07-04 15:33:02,601 - INFO - Inserted economic event with ID: 2389
2025-07-04 15:33:02,603 - INFO - Inserted economic event with ID: 2390
2025-07-04 15:33:02,606 - INFO - Inserted economic event with ID: 2391
2025-07-04 15:33:02,609 - INFO - Inserted economic event with ID: 2392
2025-07-04 15:33:02,611 - INFO - Inserted economic event with ID: 2393
2025-07-04 15:33:02,613 - INFO - Inserted economic event with ID: 2394
2025-07-04 15:33:02,616 - INFO - Inserted economic event with ID: 2395
2025-07-04 15:33:02,619 - INFO - Inserted economic event with ID: 2396
2025-07-04 15:33:02,622 - INFO - Inserted economic event with ID: 2397
2025-07-04 15:33:02,625 - INFO - Inserted economic event with ID: 2398
2025-07-04 15:33:02,628 - INFO - Inserted economic event with ID: 2399
2025-07-04 15:33:02,630 - INFO - Inserted economic event with ID: 2400
2025-07-04 15:33:02,633 - INFO - Inserted economic event with ID: 2401
2025-07-04 15:33:02,636 - INFO - Inserted economic event with ID: 2402
2025-07-04 15:33:02,638 - INFO - Inserted economic event with ID: 2403
2025-07-04 15:33:02,641 - INFO - Inserted economic event with ID: 2404
2025-07-04 15:33:02,644 - INFO - Inserted economic event with ID: 2405
2025-07-04 15:33:02,647 - INFO - Inserted economic event with ID: 2406
2025-07-04 15:33:02,650 - INFO - Inserted economic event with ID: 2407
2025-07-04 15:33:02,652 - INFO - Inserted economic event with ID: 2408
2025-07-04 15:33:02,655 - INFO - Inserted economic event with ID: 2409
2025-07-04 15:33:02,657 - INFO - Inserted economic event with ID: 2410
2025-07-04 15:33:02,660 - INFO - Inserted economic event with ID: 2411
2025-07-04 15:33:02,662 - INFO - Inserted economic event with ID: 2412
2025-07-04 15:33:02,665 - INFO - Inserted economic event with ID: 2413
2025-07-04 15:33:02,667 - INFO - Inserted economic event with ID: 2414
2025-07-04 15:33:02,670 - INFO - Inserted economic event with ID: 2415
2025-07-04 15:33:02,673 - INFO - Inserted economic event with ID: 2416
2025-07-04 15:33:02,675 - INFO - Inserted economic event with ID: 2417
2025-07-04 15:33:02,678 - INFO - Inserted economic event with ID: 2418
2025-07-04 15:33:02,681 - INFO - Inserted economic event with ID: 2419
2025-07-04 15:33:02,683 - INFO - Inserted economic event with ID: 2420
2025-07-04 15:33:02,686 - INFO - Inserted economic event with ID: 2421
2025-07-04 15:33:02,689 - INFO - Inserted economic event with ID: 2422
2025-07-04 15:33:02,691 - INFO - Inserted economic event with ID: 2423
2025-07-04 15:33:02,693 - INFO - Inserted economic event with ID: 2424
2025-07-04 15:33:02,696 - INFO - Inserted economic event with ID: 2425
2025-07-04 15:33:02,699 - INFO - Inserted economic event with ID: 2426
2025-07-04 15:33:02,702 - INFO - Inserted economic event with ID: 2427
2025-07-04 15:33:02,704 - INFO - Inserted economic event with ID: 2428
2025-07-04 15:33:02,707 - INFO - Inserted economic event with ID: 2429
2025-07-04 15:33:02,710 - INFO - Inserted economic event with ID: 2430
2025-07-04 15:33:02,712 - INFO - Inserted economic event with ID: 2431
2025-07-04 15:33:02,715 - INFO - Inserted economic event with ID: 2432
2025-07-04 15:33:02,718 - INFO - Inserted economic event with ID: 2433
2025-07-04 15:33:02,720 - INFO - Inserted economic event with ID: 2434
2025-07-04 15:33:02,722 - INFO - Inserted economic event with ID: 2435
2025-07-04 15:33:02,725 - INFO - Inserted economic event with ID: 2436
2025-07-04 15:33:02,728 - INFO - Inserted economic event with ID: 2437
2025-07-04 15:33:02,730 - INFO - Inserted economic event with ID: 2438
2025-07-04 15:33:02,733 - INFO - Inserted economic event with ID: 2439
2025-07-04 15:33:02,736 - INFO - Inserted economic event with ID: 2440
2025-07-04 15:33:02,739 - INFO - Inserted economic event with ID: 2441
2025-07-04 15:33:02,741 - INFO - Inserted economic event with ID: 2442
2025-07-04 15:33:02,744 - INFO - Inserted economic event with ID: 2443
2025-07-04 15:33:02,747 - INFO - Inserted economic event with ID: 2444
2025-07-04 15:33:02,750 - INFO - Inserted economic event with ID: 2445
2025-07-04 15:33:02,752 - INFO - Inserted economic event with ID: 2446
2025-07-04 15:33:02,754 - INFO - Inserted economic event with ID: 2447
2025-07-04 15:33:02,757 - INFO - Inserted economic event with ID: 2448
2025-07-04 15:33:02,759 - INFO - Inserted economic event with ID: 2449
2025-07-04 15:33:02,762 - INFO - Inserted economic event with ID: 2450
2025-07-04 15:33:02,766 - INFO - Inserted economic event with ID: 2451
2025-07-04 15:33:02,769 - INFO - Inserted economic event with ID: 2452
2025-07-04 15:33:02,772 - INFO - Inserted economic event with ID: 2453
2025-07-04 15:33:02,774 - INFO - Inserted economic event with ID: 2454
2025-07-04 15:33:02,777 - INFO - Inserted economic event with ID: 2455
2025-07-04 15:33:02,780 - INFO - Inserted economic event with ID: 2456
2025-07-04 15:33:02,783 - INFO - Inserted economic event with ID: 2457
2025-07-04 15:33:02,786 - INFO - Inserted economic event with ID: 2458
2025-07-04 15:33:02,789 - INFO - Inserted economic event with ID: 2459
2025-07-04 15:33:02,791 - INFO - Inserted economic event with ID: 2460
2025-07-04 15:33:02,794 - INFO - Inserted economic event with ID: 2461
2025-07-04 15:33:02,797 - INFO - Inserted economic event with ID: 2462
2025-07-04 15:33:02,799 - INFO - Inserted economic event with ID: 2463
2025-07-04 15:33:02,802 - INFO - Inserted economic event with ID: 2464
2025-07-04 15:33:02,804 - INFO - Inserted economic event with ID: 2465
2025-07-04 15:33:02,807 - INFO - Inserted economic event with ID: 2466
2025-07-04 15:33:02,809 - INFO - Inserted economic event with ID: 2467
2025-07-04 15:33:02,812 - INFO - Inserted economic event with ID: 2468
2025-07-04 15:33:02,813 - INFO - Inserted economic event with ID: 2469
2025-07-04 15:33:02,816 - INFO - Inserted economic event with ID: 2470
2025-07-04 15:33:02,819 - INFO - Inserted economic event with ID: 2471
2025-07-04 15:33:02,822 - INFO - Inserted economic event with ID: 2472
2025-07-04 15:33:02,824 - INFO - Inserted economic event with ID: 2473
2025-07-04 15:33:02,827 - INFO - Inserted economic event with ID: 2474
2025-07-04 15:33:02,830 - INFO - Inserted economic event with ID: 2475
2025-07-04 15:33:02,833 - INFO - Inserted economic event with ID: 2476
2025-07-04 15:33:02,836 - INFO - Inserted economic event with ID: 2477
2025-07-04 15:33:02,838 - INFO - Inserted economic event with ID: 2478
2025-07-04 15:33:02,841 - INFO - Inserted economic event with ID: 2479
2025-07-04 15:33:02,843 - INFO - Inserted economic event with ID: 2480
2025-07-04 15:33:02,846 - INFO - Inserted economic event with ID: 2481
2025-07-04 15:33:02,848 - INFO - Inserted economic event with ID: 2482
2025-07-04 15:33:02,851 - INFO - Inserted economic event with ID: 2483
2025-07-04 15:33:02,854 - INFO - Inserted economic event with ID: 2484
2025-07-04 15:33:02,857 - INFO - Inserted economic event with ID: 2485
2025-07-04 15:33:02,860 - INFO - Inserted economic event with ID: 2486
2025-07-04 15:33:02,862 - INFO - Inserted economic event with ID: 2487
2025-07-04 15:33:02,865 - INFO - Inserted economic event with ID: 2488
2025-07-04 15:33:02,867 - INFO - Inserted economic event with ID: 2489
2025-07-04 15:33:02,869 - INFO - Inserted economic event with ID: 2490
2025-07-04 15:33:02,872 - INFO - Inserted economic event with ID: 2491
2025-07-04 15:33:02,875 - INFO - Inserted economic event with ID: 2492
2025-07-04 15:33:02,878 - INFO - Inserted economic event with ID: 2493
2025-07-04 15:33:02,881 - INFO - Inserted economic event with ID: 2494
2025-07-04 15:33:02,883 - INFO - Inserted economic event with ID: 2495
2025-07-04 15:33:02,885 - INFO - Inserted economic event with ID: 2496
2025-07-04 15:33:02,888 - INFO - Inserted economic event with ID: 2497
2025-07-04 15:33:02,891 - INFO - Inserted economic event with ID: 2498
2025-07-04 15:33:02,893 - INFO - Inserted economic event with ID: 2499
2025-07-04 15:33:02,896 - INFO - Inserted economic event with ID: 2500
2025-07-04 15:33:02,898 - INFO - Inserted economic event with ID: 2501
2025-07-04 15:33:02,902 - INFO - Inserted economic event with ID: 2502
2025-07-04 15:33:02,904 - INFO - Inserted economic event with ID: 2503
2025-07-04 15:33:02,906 - INFO - Inserted economic event with ID: 2504
2025-07-04 15:33:02,909 - INFO - Inserted economic event with ID: 2505
2025-07-04 15:33:02,911 - INFO - Inserted economic event with ID: 2506
2025-07-04 15:33:02,914 - INFO - Inserted economic event with ID: 2507
2025-07-04 15:33:02,917 - INFO - Inserted economic event with ID: 2508
2025-07-04 15:33:02,919 - INFO - Inserted economic event with ID: 2509
2025-07-04 15:33:02,922 - INFO - Inserted economic event with ID: 2510
2025-07-04 15:33:02,925 - INFO - Inserted economic event with ID: 2511
2025-07-04 15:33:02,927 - INFO - Inserted economic event with ID: 2512
2025-07-04 15:33:02,930 - INFO - Inserted economic event with ID: 2513
2025-07-04 15:33:02,933 - INFO - Inserted economic event with ID: 2514
2025-07-04 15:33:02,938 - INFO - Inserted economic event with ID: 2515
2025-07-04 15:33:02,941 - INFO - Inserted economic event with ID: 2516
2025-07-04 15:33:02,944 - INFO - Inserted economic event with ID: 2517
2025-07-04 15:33:02,946 - INFO - Inserted economic event with ID: 2518
2025-07-04 15:33:02,949 - INFO - Inserted economic event with ID: 2519
2025-07-04 15:33:02,952 - INFO - Inserted economic event with ID: 2520
2025-07-04 15:33:02,956 - INFO - Inserted economic event with ID: 2521
2025-07-04 15:33:02,958 - INFO - Inserted economic event with ID: 2522
2025-07-04 15:33:02,961 - INFO - Inserted economic event with ID: 2523
2025-07-04 15:33:02,964 - INFO - Inserted economic event with ID: 2524
2025-07-04 15:33:02,967 - INFO - Inserted economic event with ID: 2525
2025-07-04 15:33:02,970 - INFO - Inserted economic event with ID: 2526
2025-07-04 15:33:02,973 - INFO - Inserted economic event with ID: 2527
2025-07-04 15:33:02,975 - INFO - Inserted economic event with ID: 2528
2025-07-04 15:33:02,978 - INFO - Inserted economic event with ID: 2529
2025-07-04 15:33:02,981 - INFO - Inserted economic event with ID: 2530
2025-07-04 15:33:02,983 - INFO - Inserted economic event with ID: 2531
2025-07-04 15:33:02,986 - INFO - Inserted economic event with ID: 2532
2025-07-04 15:33:02,989 - INFO - Inserted economic event with ID: 2533
2025-07-04 15:33:02,992 - INFO - Inserted economic event with ID: 2534
2025-07-04 15:33:02,995 - INFO - Inserted economic event with ID: 2535
2025-07-04 15:33:02,998 - INFO - Inserted economic event with ID: 2536
2025-07-04 15:33:03,002 - INFO - Inserted economic event with ID: 2537
2025-07-04 15:33:03,005 - INFO - Inserted economic event with ID: 2538
2025-07-04 15:33:03,007 - INFO - Inserted economic event with ID: 2539
2025-07-04 15:33:03,010 - INFO - Inserted economic event with ID: 2540
2025-07-04 15:33:03,014 - INFO - Inserted economic event with ID: 2541
2025-07-04 15:33:03,016 - INFO - Inserted economic event with ID: 2542
2025-07-04 15:33:03,019 - INFO - Inserted economic event with ID: 2543
2025-07-04 15:33:03,023 - INFO - Inserted economic event with ID: 2544
2025-07-04 15:33:03,027 - INFO - Inserted economic event with ID: 2545
2025-07-04 15:33:03,030 - INFO - Inserted economic event with ID: 2546
2025-07-04 15:33:03,033 - INFO - Inserted economic event with ID: 2547
2025-07-04 15:33:03,036 - INFO - Inserted economic event with ID: 2548
2025-07-04 15:33:03,039 - INFO - Inserted economic event with ID: 2549
2025-07-04 15:33:03,042 - INFO - Inserted economic event with ID: 2550
2025-07-04 15:33:03,045 - INFO - Inserted economic event with ID: 2551
2025-07-04 15:33:03,048 - INFO - Inserted economic event with ID: 2552
2025-07-04 15:33:03,051 - INFO - Inserted economic event with ID: 2553
2025-07-04 15:33:03,054 - INFO - Inserted economic event with ID: 2554
2025-07-04 15:33:03,056 - INFO - Inserted economic event with ID: 2555
2025-07-04 15:33:03,060 - INFO - Inserted economic event with ID: 2556
2025-07-04 15:33:03,063 - INFO - Inserted economic event with ID: 2557
2025-07-04 15:33:03,066 - INFO - Inserted economic event with ID: 2558
2025-07-04 15:33:03,069 - INFO - Inserted economic event with ID: 2559
2025-07-04 15:33:03,072 - INFO - Inserted economic event with ID: 2560
2025-07-04 15:33:03,076 - INFO - Inserted economic event with ID: 2561
2025-07-04 15:33:03,079 - INFO - Inserted economic event with ID: 2562
2025-07-04 15:33:03,082 - INFO - Inserted economic event with ID: 2563
2025-07-04 15:33:03,085 - INFO - Inserted economic event with ID: 2564
2025-07-04 15:33:03,088 - INFO - Inserted economic event with ID: 2565
2025-07-04 15:33:03,091 - INFO - Inserted economic event with ID: 2566
2025-07-04 15:33:03,094 - INFO - Inserted economic event with ID: 2567
2025-07-04 15:33:03,097 - INFO - Inserted economic event with ID: 2568
2025-07-04 15:33:03,099 - INFO - Inserted economic event with ID: 2569
2025-07-04 15:33:03,102 - INFO - Inserted economic event with ID: 2570
2025-07-04 15:33:03,105 - INFO - Inserted economic event with ID: 2571
2025-07-04 15:33:03,108 - INFO - Inserted economic event with ID: 2572
2025-07-04 15:33:03,111 - INFO - Inserted economic event with ID: 2573
2025-07-04 15:33:03,114 - INFO - Inserted economic event with ID: 2574
2025-07-04 15:33:03,117 - INFO - Inserted economic event with ID: 2575
2025-07-04 15:33:03,121 - INFO - Inserted economic event with ID: 2576
2025-07-04 15:33:03,123 - INFO - Inserted economic event with ID: 2577
2025-07-04 15:33:03,126 - INFO - Inserted economic event with ID: 2578
2025-07-04 15:33:03,130 - INFO - Inserted economic event with ID: 2579
2025-07-04 15:33:03,131 - INFO - Inserted economic event with ID: 2580
2025-07-04 15:33:03,134 - INFO - Inserted economic event with ID: 2581
2025-07-04 15:33:03,138 - INFO - Inserted economic event with ID: 2582
2025-07-04 15:33:03,140 - INFO - Inserted economic event with ID: 2583
2025-07-04 15:33:03,142 - INFO - Inserted economic event with ID: 2584
2025-07-04 15:33:03,146 - INFO - Inserted economic event with ID: 2585
2025-07-04 15:33:03,148 - INFO - Inserted economic event with ID: 2586
2025-07-04 15:33:03,152 - INFO - Inserted economic event with ID: 2587
2025-07-04 15:33:03,155 - INFO - Inserted economic event with ID: 2588
2025-07-04 15:33:03,157 - INFO - Inserted economic event with ID: 2589
2025-07-04 15:33:03,160 - INFO - Inserted economic event with ID: 2590
2025-07-04 15:33:03,162 - INFO - Inserted economic event with ID: 2591
2025-07-04 15:33:03,166 - INFO - Inserted economic event with ID: 2592
2025-07-04 15:33:03,168 - INFO - Inserted economic event with ID: 2593
2025-07-04 15:33:03,170 - INFO - Inserted economic event with ID: 2594
2025-07-04 15:33:03,173 - INFO - Inserted economic event with ID: 2595
2025-07-04 15:33:03,176 - INFO - Inserted economic event with ID: 2596
2025-07-04 15:33:03,178 - INFO - Inserted economic event with ID: 2597
2025-07-04 15:33:03,181 - INFO - Inserted economic event with ID: 2598
2025-07-04 15:33:03,183 - INFO - Inserted economic event with ID: 2599
2025-07-04 15:33:03,186 - INFO - Inserted economic event with ID: 2600
2025-07-04 15:33:03,188 - INFO - Inserted economic event with ID: 2601
2025-07-04 15:33:03,191 - INFO - Inserted economic event with ID: 2602
2025-07-04 15:33:03,195 - INFO - Inserted economic event with ID: 2603
2025-07-04 15:33:03,198 - INFO - Inserted economic event with ID: 2604
2025-07-04 15:33:03,201 - INFO - Inserted economic event with ID: 2605
2025-07-04 15:33:03,205 - INFO - Inserted economic event with ID: 2606
2025-07-04 15:33:03,208 - INFO - Inserted economic event with ID: 2607
2025-07-04 15:33:03,211 - INFO - Inserted economic event with ID: 2608
2025-07-04 15:33:03,216 - INFO - Inserted economic event with ID: 2609
2025-07-04 15:33:03,221 - INFO - Inserted economic event with ID: 2610
2025-07-04 15:33:03,224 - INFO - Inserted economic event with ID: 2611
2025-07-04 15:33:03,227 - INFO - Inserted economic event with ID: 2612
2025-07-04 15:33:03,230 - INFO - Inserted economic event with ID: 2613
2025-07-04 15:33:03,233 - INFO - Inserted economic event with ID: 2614
2025-07-04 15:33:03,236 - INFO - Inserted economic event with ID: 2615
2025-07-04 15:33:03,239 - INFO - Inserted economic event with ID: 2616
2025-07-04 15:33:03,242 - INFO - Inserted economic event with ID: 2617
2025-07-04 15:33:03,245 - INFO - Inserted economic event with ID: 2618
2025-07-04 15:33:03,248 - INFO - Inserted economic event with ID: 2619
2025-07-04 15:33:03,251 - INFO - Inserted economic event with ID: 2620
2025-07-04 15:33:03,253 - INFO - Inserted economic event with ID: 2621
2025-07-04 15:33:03,256 - INFO - Inserted economic event with ID: 2622
2025-07-04 15:33:03,259 - INFO - Inserted economic event with ID: 2623
2025-07-04 15:33:03,262 - INFO - Inserted economic event with ID: 2624
2025-07-04 15:33:03,265 - INFO - Inserted economic event with ID: 2625
2025-07-04 15:33:03,268 - INFO - Inserted economic event with ID: 2626
2025-07-04 15:33:03,271 - INFO - Inserted economic event with ID: 2627
2025-07-04 15:33:03,274 - INFO - Inserted economic event with ID: 2628
2025-07-04 15:33:03,278 - INFO - Inserted economic event with ID: 2629
2025-07-04 15:33:03,280 - INFO - Inserted economic event with ID: 2630
2025-07-04 15:33:03,284 - INFO - Inserted economic event with ID: 2631
2025-07-04 15:33:03,287 - INFO - Inserted economic event with ID: 2632
2025-07-04 15:33:03,289 - INFO - Inserted economic event with ID: 2633
2025-07-04 15:33:03,292 - INFO - Inserted economic event with ID: 2634
2025-07-04 15:33:03,295 - INFO - Inserted economic event with ID: 2635
2025-07-04 15:33:03,298 - INFO - Inserted economic event with ID: 2636
2025-07-04 15:33:03,301 - INFO - Inserted economic event with ID: 2637
2025-07-04 15:33:03,303 - INFO - Inserted economic event with ID: 2638
2025-07-04 15:33:03,307 - INFO - Inserted economic event with ID: 2639
2025-07-04 15:33:03,309 - INFO - Inserted economic event with ID: 2640
2025-07-04 15:33:03,312 - INFO - Inserted economic event with ID: 2641
2025-07-04 15:33:03,314 - INFO - Inserted economic event with ID: 2642
2025-07-04 15:33:03,317 - INFO - Inserted economic event with ID: 2643
2025-07-04 15:33:03,321 - INFO - Inserted economic event with ID: 2644
2025-07-04 15:33:03,323 - INFO - Inserted economic event with ID: 2645
2025-07-04 15:33:03,326 - INFO - Inserted economic event with ID: 2646
2025-07-04 15:33:03,328 - INFO - Inserted economic event with ID: 2647
2025-07-04 15:33:03,332 - INFO - Inserted economic event with ID: 2648
2025-07-04 15:33:03,335 - INFO - Inserted economic event with ID: 2649
2025-07-04 15:33:03,338 - INFO - Inserted economic event with ID: 2650
2025-07-04 15:33:03,341 - INFO - Inserted economic event with ID: 2651
2025-07-04 15:33:03,344 - INFO - Inserted economic event with ID: 2652
2025-07-04 15:33:03,347 - INFO - Inserted economic event with ID: 2653
2025-07-04 15:33:03,349 - INFO - Inserted economic event with ID: 2654
2025-07-04 15:33:03,352 - INFO - Inserted economic event with ID: 2655
2025-07-04 15:33:03,355 - INFO - Inserted economic event with ID: 2656
2025-07-04 15:33:03,358 - INFO - Inserted economic event with ID: 2657
2025-07-04 15:33:03,361 - INFO - Inserted economic event with ID: 2658
2025-07-04 15:33:03,364 - INFO - Inserted economic event with ID: 2659
2025-07-04 15:33:03,367 - INFO - Inserted economic event with ID: 2660
2025-07-04 15:33:03,370 - INFO - Inserted economic event with ID: 2661
2025-07-04 15:33:03,372 - INFO - Inserted economic event with ID: 2662
2025-07-04 15:33:03,374 - INFO - Inserted economic event with ID: 2663
2025-07-04 15:33:03,378 - INFO - Inserted economic event with ID: 2664
2025-07-04 15:33:03,381 - INFO - Inserted economic event with ID: 2665
2025-07-04 15:33:03,384 - INFO - Inserted economic event with ID: 2666
2025-07-04 15:33:03,387 - INFO - Inserted economic event with ID: 2667
2025-07-04 15:33:03,390 - INFO - Inserted economic event with ID: 2668
2025-07-04 15:33:03,392 - INFO - Inserted economic event with ID: 2669
2025-07-04 15:33:03,395 - INFO - Inserted economic event with ID: 2670
2025-07-04 15:33:03,398 - INFO - Inserted economic event with ID: 2671
2025-07-04 15:33:03,401 - INFO - Inserted economic event with ID: 2672
2025-07-04 15:33:03,404 - INFO - Inserted economic event with ID: 2673
2025-07-04 15:33:03,407 - INFO - Inserted economic event with ID: 2674
2025-07-04 15:33:03,410 - INFO - Inserted economic event with ID: 2675
2025-07-04 15:33:03,413 - INFO - Inserted economic event with ID: 2676
2025-07-04 15:33:03,416 - INFO - Inserted economic event with ID: 2677
2025-07-04 15:33:03,419 - INFO - Inserted economic event with ID: 2678
2025-07-04 15:33:03,421 - INFO - Inserted economic event with ID: 2679
2025-07-04 15:33:03,425 - INFO - Inserted economic event with ID: 2680
2025-07-04 15:33:03,427 - INFO - Inserted economic event with ID: 2681
2025-07-04 15:33:03,430 - INFO - Inserted economic event with ID: 2682
2025-07-04 15:33:03,433 - INFO - Inserted economic event with ID: 2683
2025-07-04 15:33:03,436 - INFO - Inserted economic event with ID: 2684
2025-07-04 15:33:03,439 - INFO - Inserted economic event with ID: 2685
2025-07-04 15:33:03,442 - INFO - Inserted economic event with ID: 2686
2025-07-04 15:33:03,444 - INFO - Inserted economic event with ID: 2687
2025-07-04 15:33:03,447 - INFO - Inserted economic event with ID: 2688
2025-07-04 15:33:03,450 - INFO - Inserted economic event with ID: 2689
2025-07-04 15:33:03,453 - INFO - Inserted economic event with ID: 2690
2025-07-04 15:33:03,455 - INFO - Inserted economic event with ID: 2691
2025-07-04 15:33:03,458 - INFO - Inserted economic event with ID: 2692
2025-07-04 15:33:03,462 - INFO - Inserted economic event with ID: 2693
2025-07-04 15:33:03,465 - INFO - Inserted economic event with ID: 2694
2025-07-04 15:33:03,467 - INFO - Inserted economic event with ID: 2695
2025-07-04 15:33:03,470 - INFO - Inserted economic event with ID: 2696
2025-07-04 15:33:03,473 - INFO - Inserted economic event with ID: 2697
2025-07-04 15:33:03,475 - INFO - Inserted economic event with ID: 2698
2025-07-04 15:33:03,478 - INFO - Inserted economic event with ID: 2699
2025-07-04 15:33:03,482 - INFO - Inserted economic event with ID: 2700
2025-07-04 15:33:03,486 - INFO - Inserted economic event with ID: 2701
2025-07-04 15:33:03,490 - INFO - Inserted economic event with ID: 2702
2025-07-04 15:33:03,494 - INFO - Inserted economic event with ID: 2703
2025-07-04 15:33:03,497 - INFO - Inserted economic event with ID: 2704
2025-07-04 15:33:03,500 - INFO - Inserted economic event with ID: 2705
2025-07-04 15:33:03,503 - INFO - Inserted economic event with ID: 2706
2025-07-04 15:33:03,506 - INFO - Inserted economic event with ID: 2707
2025-07-04 15:33:03,509 - INFO - Inserted economic event with ID: 2708
2025-07-04 15:33:03,511 - INFO - Inserted economic event with ID: 2709
2025-07-04 15:33:03,514 - INFO - Inserted economic event with ID: 2710
2025-07-04 15:33:03,517 - INFO - Inserted economic event with ID: 2711
2025-07-04 15:33:03,520 - INFO - Inserted economic event with ID: 2712
2025-07-04 15:33:03,522 - INFO - Inserted economic event with ID: 2713
2025-07-04 15:33:03,526 - INFO - Inserted economic event with ID: 2714
2025-07-04 15:33:03,529 - INFO - Inserted economic event with ID: 2715
2025-07-04 15:33:03,532 - INFO - Inserted economic event with ID: 2716
2025-07-04 15:33:03,534 - INFO - Inserted economic event with ID: 2717
2025-07-04 15:33:03,537 - INFO - Inserted economic event with ID: 2718
2025-07-04 15:33:03,541 - INFO - Inserted economic event with ID: 2719
2025-07-04 15:33:03,544 - INFO - Inserted economic event with ID: 2720
2025-07-04 15:33:03,549 - INFO - Inserted economic event with ID: 2721
2025-07-04 15:33:03,551 - INFO - Inserted economic event with ID: 2722
2025-07-04 15:33:03,554 - INFO - Inserted economic event with ID: 2723
2025-07-04 15:33:03,557 - INFO - Inserted economic event with ID: 2724
2025-07-04 15:33:03,560 - INFO - Inserted economic event with ID: 2725
2025-07-04 15:33:03,563 - INFO - Inserted economic event with ID: 2726
2025-07-04 15:33:03,566 - INFO - Inserted economic event with ID: 2727
2025-07-04 15:33:03,569 - INFO - Inserted economic event with ID: 2728
2025-07-04 15:33:03,572 - INFO - Inserted economic event with ID: 2729
2025-07-04 15:33:03,575 - INFO - Inserted economic event with ID: 2730
2025-07-04 15:33:03,578 - INFO - Inserted economic event with ID: 2731
2025-07-04 15:33:03,580 - INFO - Inserted economic event with ID: 2732
2025-07-04 15:33:03,583 - INFO - Inserted economic event with ID: 2733
2025-07-04 15:33:03,587 - INFO - Inserted economic event with ID: 2734
2025-07-04 15:33:03,591 - INFO - Inserted economic event with ID: 2735
2025-07-04 15:33:03,594 - INFO - Inserted economic event with ID: 2736
2025-07-04 15:33:03,597 - INFO - Inserted economic event with ID: 2737
2025-07-04 15:33:03,600 - INFO - Inserted economic event with ID: 2738
2025-07-04 15:33:03,603 - INFO - Inserted economic event with ID: 2739
2025-07-04 15:33:03,606 - INFO - Inserted economic event with ID: 2740
2025-07-04 15:33:03,609 - INFO - Inserted economic event with ID: 2741
2025-07-04 15:33:03,611 - INFO - Inserted economic event with ID: 2742
2025-07-04 15:33:03,614 - INFO - Inserted economic event with ID: 2743
2025-07-04 15:33:03,617 - INFO - Inserted economic event with ID: 2744
2025-07-04 15:33:03,620 - INFO - Inserted economic event with ID: 2745
2025-07-04 15:33:03,622 - INFO - Inserted economic event with ID: 2746
2025-07-04 15:33:03,625 - INFO - Inserted economic event with ID: 2747
2025-07-04 15:33:03,627 - INFO - Inserted economic event with ID: 2748
2025-07-04 15:33:03,630 - INFO - Inserted economic event with ID: 2749
2025-07-04 15:33:03,632 - INFO - Inserted economic event with ID: 2750
2025-07-04 15:33:03,636 - INFO - Inserted economic event with ID: 2751
2025-07-04 15:33:03,639 - INFO - Inserted economic event with ID: 2752
2025-07-04 15:33:03,641 - INFO - Inserted economic event with ID: 2753
2025-07-04 15:33:03,644 - INFO - Inserted economic event with ID: 2754
2025-07-04 15:33:03,647 - INFO - Inserted economic event with ID: 2755
2025-07-04 15:33:03,650 - INFO - Inserted economic event with ID: 2756
2025-07-04 15:33:03,653 - INFO - Inserted economic event with ID: 2757
2025-07-04 15:33:03,656 - INFO - Inserted economic event with ID: 2758
2025-07-04 15:33:03,659 - INFO - Inserted economic event with ID: 2759
2025-07-04 15:33:03,661 - INFO - Inserted economic event with ID: 2760
2025-07-04 15:33:03,664 - INFO - Inserted economic event with ID: 2761
2025-07-04 15:33:03,667 - INFO - Inserted economic event with ID: 2762
2025-07-04 15:33:03,670 - INFO - Inserted economic event with ID: 2763
2025-07-04 15:33:03,673 - INFO - Inserted economic event with ID: 2764
2025-07-04 15:33:03,675 - INFO - Inserted economic event with ID: 2765
2025-07-04 15:33:03,678 - INFO - Inserted economic event with ID: 2766
2025-07-04 15:33:03,681 - INFO - Inserted economic event with ID: 2767
2025-07-04 15:33:03,684 - INFO - Inserted economic event with ID: 2768
2025-07-04 15:33:03,687 - INFO - Inserted economic event with ID: 2769
2025-07-04 15:33:03,689 - INFO - Inserted economic event with ID: 2770
2025-07-04 15:33:03,692 - INFO - Inserted economic event with ID: 2771
2025-07-04 15:33:03,695 - INFO - Inserted economic event with ID: 2772
2025-07-04 15:33:03,699 - INFO - Inserted economic event with ID: 2773
2025-07-04 15:33:03,702 - INFO - Inserted economic event with ID: 2774
2025-07-04 15:33:03,705 - INFO - Inserted economic event with ID: 2775
2025-07-04 15:33:03,708 - INFO - Inserted economic event with ID: 2776
2025-07-04 15:33:03,712 - INFO - Inserted economic event with ID: 2777
2025-07-04 15:33:03,714 - INFO - Inserted economic event with ID: 2778
2025-07-04 15:33:03,717 - INFO - Inserted economic event with ID: 2779
2025-07-04 15:33:03,719 - INFO - Inserted economic event with ID: 2780
2025-07-04 15:33:03,722 - INFO - Inserted economic event with ID: 2781
2025-07-04 15:33:03,726 - INFO - Inserted economic event with ID: 2782
2025-07-04 15:33:03,729 - INFO - Inserted economic event with ID: 2783
2025-07-04 15:33:03,732 - INFO - Inserted economic event with ID: 2784
2025-07-04 15:33:03,735 - INFO - Inserted economic event with ID: 2785
2025-07-04 15:33:03,737 - INFO - Inserted economic event with ID: 2786
2025-07-04 15:33:03,740 - INFO - Inserted economic event with ID: 2787
2025-07-04 15:33:03,742 - INFO - Inserted economic event with ID: 2788
2025-07-04 15:33:03,746 - INFO - Inserted economic event with ID: 2789
2025-07-04 15:33:03,749 - INFO - Inserted economic event with ID: 2790
2025-07-04 15:33:03,752 - INFO - Inserted economic event with ID: 2791
2025-07-04 15:33:03,754 - INFO - Inserted economic event with ID: 2792
2025-07-04 15:33:03,757 - INFO - Inserted economic event with ID: 2793
2025-07-04 15:33:03,760 - INFO - Inserted economic event with ID: 2794
2025-07-04 15:33:03,763 - INFO - Inserted economic event with ID: 2795
2025-07-04 15:33:03,765 - INFO - Inserted economic event with ID: 2796
2025-07-04 15:33:03,768 - INFO - Inserted economic event with ID: 2797
2025-07-04 15:33:03,770 - INFO - Inserted economic event with ID: 2798
2025-07-04 15:33:03,773 - INFO - Inserted economic event with ID: 2799
2025-07-04 15:33:03,776 - INFO - Inserted economic event with ID: 2800
2025-07-04 15:33:03,780 - INFO - Inserted economic event with ID: 2801
2025-07-04 15:33:03,783 - INFO - Inserted economic event with ID: 2802
2025-07-04 15:33:03,786 - INFO - Inserted economic event with ID: 2803
2025-07-04 15:33:03,788 - INFO - Inserted economic event with ID: 2804
2025-07-04 15:33:03,791 - INFO - Inserted economic event with ID: 2805
2025-07-04 15:33:03,794 - INFO - Inserted economic event with ID: 2806
2025-07-04 15:33:03,797 - INFO - Inserted economic event with ID: 2807
2025-07-04 15:33:03,800 - INFO - Inserted economic event with ID: 2808
2025-07-04 15:33:03,802 - INFO - Inserted economic event with ID: 2809
2025-07-04 15:33:03,805 - INFO - Inserted economic event with ID: 2810
2025-07-04 15:33:03,808 - INFO - Inserted economic event with ID: 2811
2025-07-04 15:33:03,810 - INFO - Inserted economic event with ID: 2812
2025-07-04 15:33:03,813 - INFO - Inserted economic event with ID: 2813
2025-07-04 15:33:03,816 - INFO - Inserted economic event with ID: 2814
2025-07-04 15:33:03,818 - INFO - Inserted economic event with ID: 2815
2025-07-04 15:33:03,821 - INFO - Inserted economic event with ID: 2816
2025-07-04 15:33:03,824 - INFO - Inserted economic event with ID: 2817
2025-07-04 15:33:03,827 - INFO - Inserted economic event with ID: 2818
2025-07-04 15:33:03,829 - INFO - Inserted economic event with ID: 2819
2025-07-04 15:33:03,832 - INFO - Inserted economic event with ID: 2820
2025-07-04 15:33:03,836 - INFO - Inserted economic event with ID: 2821
2025-07-04 15:33:03,838 - INFO - Inserted economic event with ID: 2822
2025-07-04 15:33:03,841 - INFO - Inserted economic event with ID: 2823
2025-07-04 15:33:03,844 - INFO - Inserted economic event with ID: 2824
2025-07-04 15:33:03,847 - INFO - Inserted economic event with ID: 2825
2025-07-04 15:33:03,850 - INFO - Inserted economic event with ID: 2826
2025-07-04 15:33:03,852 - INFO - Inserted economic event with ID: 2827
2025-07-04 15:33:03,855 - INFO - Inserted economic event with ID: 2828
2025-07-04 15:33:03,858 - INFO - Inserted economic event with ID: 2829
2025-07-04 15:33:03,861 - INFO - Inserted economic event with ID: 2830
2025-07-04 15:33:03,864 - INFO - Inserted economic event with ID: 2831
2025-07-04 15:33:03,867 - INFO - Inserted economic event with ID: 2832
2025-07-04 15:33:03,869 - INFO - Inserted economic event with ID: 2833
2025-07-04 15:33:03,872 - INFO - Inserted economic event with ID: 2834
2025-07-04 15:33:03,875 - INFO - Inserted economic event with ID: 2835
2025-07-04 15:33:03,877 - INFO - Inserted economic event with ID: 2836
2025-07-04 15:33:03,880 - INFO - Inserted economic event with ID: 2837
2025-07-04 15:33:03,883 - INFO - Inserted economic event with ID: 2838
2025-07-04 15:33:03,886 - INFO - Inserted economic event with ID: 2839
2025-07-04 15:33:03,888 - INFO - Inserted economic event with ID: 2840
2025-07-04 15:33:03,891 - INFO - Inserted economic event with ID: 2841
2025-07-04 15:33:03,894 - INFO - Inserted economic event with ID: 2842
2025-07-04 15:33:03,897 - INFO - Inserted economic event with ID: 2843
2025-07-04 15:33:03,900 - INFO - Inserted economic event with ID: 2844
2025-07-04 15:33:03,902 - INFO - Inserted economic event with ID: 2845
2025-07-04 15:33:03,905 - INFO - Inserted economic event with ID: 2846
2025-07-04 15:33:03,908 - INFO - Inserted economic event with ID: 2847
2025-07-04 15:33:03,911 - INFO - Inserted economic event with ID: 2848
2025-07-04 15:33:03,913 - INFO - Inserted economic event with ID: 2849
2025-07-04 15:33:03,916 - INFO - Inserted economic event with ID: 2850
2025-07-04 15:33:03,919 - INFO - Inserted economic event with ID: 2851
2025-07-04 15:33:03,922 - INFO - Inserted economic event with ID: 2852
2025-07-04 15:33:03,925 - INFO - Inserted economic event with ID: 2853
2025-07-04 15:33:03,928 - INFO - Inserted economic event with ID: 2854
2025-07-04 15:33:03,930 - INFO - Inserted economic event with ID: 2855
2025-07-04 15:33:03,933 - INFO - Inserted economic event with ID: 2856
2025-07-04 15:33:03,936 - INFO - Inserted economic event with ID: 2857
2025-07-04 15:33:03,938 - INFO - Inserted economic event with ID: 2858
2025-07-04 15:33:03,941 - INFO - Inserted economic event with ID: 2859
2025-07-04 15:33:03,944 - INFO - Inserted economic event with ID: 2860
2025-07-04 15:33:03,947 - INFO - Inserted economic event with ID: 2861
2025-07-04 15:33:03,950 - INFO - Inserted economic event with ID: 2862
2025-07-04 15:33:03,952 - INFO - Inserted economic event with ID: 2863
2025-07-04 15:33:03,955 - INFO - Inserted economic event with ID: 2864
2025-07-04 15:33:03,958 - INFO - Inserted economic event with ID: 2865
2025-07-04 15:33:03,961 - INFO - Inserted economic event with ID: 2866
2025-07-04 15:33:03,963 - INFO - Inserted economic event with ID: 2867
2025-07-04 15:33:03,966 - INFO - Inserted economic event with ID: 2868
2025-07-04 15:33:03,970 - INFO - Inserted economic event with ID: 2869
2025-07-04 15:33:03,972 - INFO - Inserted economic event with ID: 2870
2025-07-04 15:33:03,975 - INFO - Inserted economic event with ID: 2871


[MESSARI STDERR @ 2025-07-04 15:33:15.922295]


[TWELVE_DATA STDERR @ 2025-07-04 15:33:20.611531]


[BENZINGA STDERR @ 2025-07-04 15:35:20.913010]
2025-07-04 15:35:20,828 - WARNING - \u26a0\ufe0f Data store module not available: No module named 'sqlalchemy'


[POLYGON STDERR @ 2025-07-04 15:35:25.635295]
2025-07-04 15:35:25,417 - ERROR - [Polygon] Error fetching SPX: 'v'
2025-07-04 15:35:25,530 - ERROR - [Polygon] Error fetching NDX: 'v'
2025-07-04 15:35:25,619 - ERROR - [Polygon] Error fetching RUT: 'v'


[FMP STDERR @ 2025-07-04 15:35:28.400603]
2025-07-04 15:35:25,991 - INFO - Database tables created successfully
2025-07-04 15:35:25,991 - INFO - Database initialization completed
2025-07-04 15:35:25,991 - INFO - MacroIntel Data Store initialized with SQLAlchemy ORM
2025-07-04 15:35:25,991 - INFO - \u2705 Data store module imported successfully
2025-07-04 15:35:26,299 - INFO - Inserted economic event with ID: 2872
2025-07-04 15:35:26,302 - INFO - Inserted economic event with ID: 2873
2025-07-04 15:35:26,305 - INFO - Inserted economic event with ID: 2874
2025-07-04 15:35:26,308 - INFO - Inserted economic event with ID: 2875
2025-07-04 15:35:26,311 - INFO - Inserted economic event with ID: 2876
2025-07-04 15:35:26,314 - INFO - Inserted economic event with ID: 2877
2025-07-04 15:35:26,316 - INFO - Inserted economic event with ID: 2878
2025-07-04 15:35:26,320 - INFO - Inserted economic event with ID: 2879
2025-07-04 15:35:26,323 - INFO - Inserted economic event with ID: 2880
2025-07-04 15:35:26,325 - INFO - Inserted economic event with ID: 2881
2025-07-04 15:35:26,328 - INFO - Inserted economic event with ID: 2882
2025-07-04 15:35:26,331 - INFO - Inserted economic event with ID: 2883
2025-07-04 15:35:26,334 - INFO - Inserted economic event with ID: 2884
2025-07-04 15:35:26,336 - INFO - Inserted economic event with ID: 2885
2025-07-04 15:35:26,339 - INFO - Inserted economic event with ID: 2886
2025-07-04 15:35:26,341 - INFO - Inserted economic event with ID: 2887
2025-07-04 15:35:26,344 - INFO - Inserted economic event with ID: 2888
2025-07-04 15:35:26,347 - INFO - Inserted economic event with ID: 2889
2025-07-04 15:35:26,350 - INFO - Inserted economic event with ID: 2890
2025-07-04 15:35:26,353 - INFO - Inserted economic event with ID: 2891
2025-07-04 15:35:26,356 - INFO - Inserted economic event with ID: 2892
2025-07-04 15:35:26,358 - INFO - Inserted economic event with ID: 2893
2025-07-04 15:35:26,361 - INFO - Inserted economic event with ID: 2894
2025-07-04 15:35:26,364 - INFO - Inserted economic event with ID: 2895
2025-07-04 15:35:26,366 - INFO - Inserted economic event with ID: 2896
2025-07-04 15:35:26,368 - INFO - Inserted economic event with ID: 2897
2025-07-04 15:35:26,371 - INFO - Inserted economic event with ID: 2898
2025-07-04 15:35:26,374 - INFO - Inserted economic event with ID: 2899
2025-07-04 15:35:26,377 - INFO - Inserted economic event with ID: 2900
2025-07-04 15:35:26,380 - INFO - Inserted economic event with ID: 2901
2025-07-04 15:35:26,383 - INFO - Inserted economic event with ID: 2902
2025-07-04 15:35:26,386 - INFO - Inserted economic event with ID: 2903
2025-07-04 15:35:26,388 - INFO - Inserted economic event with ID: 2904
2025-07-04 15:35:26,391 - INFO - Inserted economic event with ID: 2905
2025-07-04 15:35:26,394 - INFO - Inserted economic event with ID: 2906
2025-07-04 15:35:26,396 - INFO - Inserted economic event with ID: 2907
2025-07-04 15:35:26,399 - INFO - Inserted economic event with ID: 2908
2025-07-04 15:35:26,401 - INFO - Inserted economic event with ID: 2909
2025-07-04 15:35:26,404 - INFO - Inserted economic event with ID: 2910
2025-07-04 15:35:26,407 - INFO - Inserted economic event with ID: 2911
2025-07-04 15:35:26,410 - INFO - Inserted economic event with ID: 2912
2025-07-04 15:35:26,412 - INFO - Inserted economic event with ID: 2913
2025-07-04 15:35:26,415 - INFO - Inserted economic event with ID: 2914
2025-07-04 15:35:26,418 - INFO - Inserted economic event with ID: 2915
2025-07-04 15:35:26,420 - INFO - Inserted economic event with ID: 2916
2025-07-04 15:35:26,422 - INFO - Inserted economic event with ID: 2917
2025-07-04 15:35:26,425 - INFO - Inserted economic event with ID: 2918
2025-07-04 15:35:26,427 - INFO - Inserted economic event with ID: 2919
2025-07-04 15:35:26,430 - INFO - Inserted economic event with ID: 2920
2025-07-04 15:35:26,432 - INFO - Inserted economic event with ID: 2921
2025-07-04 15:35:26,435 - INFO - Inserted economic event with ID: 2922
2025-07-04 15:35:26,437 - INFO - Inserted economic event with ID: 2923
2025-07-04 15:35:26,440 - INFO - Inserted economic event with ID: 2924
2025-07-04 15:35:26,443 - INFO - Inserted economic event with ID: 2925
2025-07-04 15:35:26,446 - INFO - Inserted economic event with ID: 2926
2025-07-04 15:35:26,448 - INFO - Inserted economic event with ID: 2927
2025-07-04 15:35:26,452 - INFO - Inserted economic event with ID: 2928
2025-07-04 15:35:26,454 - INFO - Inserted economic event with ID: 2929
2025-07-04 15:35:26,457 - INFO - Inserted economic event with ID: 2930
2025-07-04 15:35:26,460 - INFO - Inserted economic event with ID: 2931
2025-07-04 15:35:26,462 - INFO - Inserted economic event with ID: 2932
2025-07-04 15:35:26,465 - INFO - Inserted economic event with ID: 2933
2025-07-04 15:35:26,467 - INFO - Inserted economic event with ID: 2934
2025-07-04 15:35:26,469 - INFO - Inserted economic event with ID: 2935
2025-07-04 15:35:26,472 - INFO - Inserted economic event with ID: 2936
2025-07-04 15:35:26,475 - INFO - Inserted economic event with ID: 2937
2025-07-04 15:35:26,478 - INFO - Inserted economic event with ID: 2938
2025-07-04 15:35:26,480 - INFO - Inserted economic event with ID: 2939
2025-07-04 15:35:26,483 - INFO - Inserted economic event with ID: 2940
2025-07-04 15:35:26,486 - INFO - Inserted economic event with ID: 2941
2025-07-04 15:35:26,489 - INFO - Inserted economic event with ID: 2942
2025-07-04 15:35:26,492 - INFO - Inserted economic event with ID: 2943
2025-07-04 15:35:26,494 - INFO - Inserted economic event with ID: 2944
2025-07-04 15:35:26,497 - INFO - Inserted economic event with ID: 2945
2025-07-04 15:35:26,500 - INFO - Inserted economic event with ID: 2946
2025-07-04 15:35:26,502 - INFO - Inserted economic event with ID: 2947
2025-07-04 15:35:26,505 - INFO - Inserted economic event with ID: 2948
2025-07-04 15:35:26,507 - INFO - Inserted economic event with ID: 2949
2025-07-04 15:35:26,510 - INFO - Inserted economic event with ID: 2950
2025-07-04 15:35:26,512 - INFO - Inserted economic event with ID: 2951
2025-07-04 15:35:26,515 - INFO - Inserted economic event with ID: 2952
2025-07-04 15:35:26,518 - INFO - Inserted economic event with ID: 2953
2025-07-04 15:35:26,521 - INFO - Inserted economic event with ID: 2954
2025-07-04 15:35:26,524 - INFO - Inserted economic event with ID: 2955
2025-07-04 15:35:26,527 - INFO - Inserted economic event with ID: 2956
2025-07-04 15:35:26,530 - INFO - Inserted economic event with ID: 2957
2025-07-04 15:35:26,533 - INFO - Inserted economic event with ID: 2958
2025-07-04 15:35:26,536 - INFO - Inserted economic event with ID: 2959
2025-07-04 15:35:26,538 - INFO - Inserted economic event with ID: 2960
2025-07-04 15:35:26,540 - INFO - Inserted economic event with ID: 2961
2025-07-04 15:35:26,543 - INFO - Inserted economic event with ID: 2962
2025-07-04 15:35:26,546 - INFO - Inserted economic event with ID: 2963
2025-07-04 15:35:26,550 - INFO - Inserted economic event with ID: 2964
2025-07-04 15:35:26,552 - INFO - Inserted economic event with ID: 2965
2025-07-04 15:35:26,555 - INFO - Inserted economic event with ID: 2966
2025-07-04 15:35:26,558 - INFO - Inserted economic event with ID: 2967
2025-07-04 15:35:26,561 - INFO - Inserted economic event with ID: 2968
2025-07-04 15:35:26,564 - INFO - Inserted economic event with ID: 2969
2025-07-04 15:35:26,566 - INFO - Inserted economic event with ID: 2970
2025-07-04 15:35:26,570 - INFO - Inserted economic event with ID: 2971
2025-07-04 15:35:26,572 - INFO - Inserted economic event with ID: 2972
2025-07-04 15:35:26,575 - INFO - Inserted economic event with ID: 2973
2025-07-04 15:35:26,578 - INFO - Inserted economic event with ID: 2974
2025-07-04 15:35:26,581 - INFO - Inserted economic event with ID: 2975
2025-07-04 15:35:26,584 - INFO - Inserted economic event with ID: 2976
2025-07-04 15:35:26,587 - INFO - Inserted economic event with ID: 2977
2025-07-04 15:35:26,590 - INFO - Inserted economic event with ID: 2978
2025-07-04 15:35:26,592 - INFO - Inserted economic event with ID: 2979
2025-07-04 15:35:26,594 - INFO - Inserted economic event with ID: 2980
2025-07-04 15:35:26,598 - INFO - Inserted economic event with ID: 2981
2025-07-04 15:35:26,601 - INFO - Inserted economic event with ID: 2982
2025-07-04 15:35:26,604 - INFO - Inserted economic event with ID: 2983
2025-07-04 15:35:26,606 - INFO - Inserted economic event with ID: 2984
2025-07-04 15:35:26,609 - INFO - Inserted economic event with ID: 2985
2025-07-04 15:35:26,612 - INFO - Inserted economic event with ID: 2986
2025-07-04 15:35:26,614 - INFO - Inserted economic event with ID: 2987
2025-07-04 15:35:26,616 - INFO - Inserted economic event with ID: 2988
2025-07-04 15:35:26,620 - INFO - Inserted economic event with ID: 2989
2025-07-04 15:35:26,622 - INFO - Inserted economic event with ID: 2990
2025-07-04 15:35:26,624 - INFO - Inserted economic event with ID: 2991
2025-07-04 15:35:26,628 - INFO - Inserted economic event with ID: 2992
2025-07-04 15:35:26,630 - INFO - Inserted economic event with ID: 2993
2025-07-04 15:35:26,633 - INFO - Inserted economic event with ID: 2994
2025-07-04 15:35:26,635 - INFO - Inserted economic event with ID: 2995
2025-07-04 15:35:26,638 - INFO - Inserted economic event with ID: 2996
2025-07-04 15:35:26,642 - INFO - Inserted economic event with ID: 2997
2025-07-04 15:35:26,645 - INFO - Inserted economic event with ID: 2998
2025-07-04 15:35:26,647 - INFO - Inserted economic event with ID: 2999
2025-07-04 15:35:26,649 - INFO - Inserted economic event with ID: 3000
2025-07-04 15:35:26,652 - INFO - Inserted economic event with ID: 3001
2025-07-04 15:35:26,655 - INFO - Inserted economic event with ID: 3002
2025-07-04 15:35:26,658 - INFO - Inserted economic event with ID: 3003
2025-07-04 15:35:26,660 - INFO - Inserted economic event with ID: 3004
2025-07-04 15:35:26,662 - INFO - Inserted economic event with ID: 3005
2025-07-04 15:35:26,665 - INFO - Inserted economic event with ID: 3006
2025-07-04 15:35:26,668 - INFO - Inserted economic event with ID: 3007
2025-07-04 15:35:26,671 - INFO - Inserted economic event with ID: 3008
2025-07-04 15:35:26,674 - INFO - Inserted economic event with ID: 3009
2025-07-04 15:35:26,677 - INFO - Inserted economic event with ID: 3010
2025-07-04 15:35:26,679 - INFO - Inserted economic event with ID: 3011
2025-07-04 15:35:26,681 - INFO - Inserted economic event with ID: 3012
2025-07-04 15:35:26,684 - INFO - Inserted economic event with ID: 3013
2025-07-04 15:35:26,687 - INFO - Inserted economic event with ID: 3014
2025-07-04 15:35:26,690 - INFO - Inserted economic event with ID: 3015
2025-07-04 15:35:26,693 - INFO - Inserted economic event with ID: 3016
2025-07-04 15:35:26,695 - INFO - Inserted economic event with ID: 3017
2025-07-04 15:35:26,698 - INFO - Inserted economic event with ID: 3018
2025-07-04 15:35:26,700 - INFO - Inserted economic event with ID: 3019
2025-07-04 15:35:26,704 - INFO - Inserted economic event with ID: 3020
2025-07-04 15:35:26,707 - INFO - Inserted economic event with ID: 3021
2025-07-04 15:35:26,709 - INFO - Inserted economic event with ID: 3022
2025-07-04 15:35:26,712 - INFO - Inserted economic event with ID: 3023
2025-07-04 15:35:26,715 - INFO - Inserted economic event with ID: 3024
2025-07-04 15:35:26,718 - INFO - Inserted economic event with ID: 3025
2025-07-04 15:35:26,720 - INFO - Inserted economic event with ID: 3026
2025-07-04 15:35:26,723 - INFO - Inserted economic event with ID: 3027
2025-07-04 15:35:26,725 - INFO - Inserted economic event with ID: 3028
2025-07-04 15:35:26,728 - INFO - Inserted economic event with ID: 3029
2025-07-04 15:35:26,731 - INFO - Inserted economic event with ID: 3030
2025-07-04 15:35:26,734 - INFO - Inserted economic event with ID: 3031
2025-07-04 15:35:26,737 - INFO - Inserted economic event with ID: 3032
2025-07-04 15:35:26,740 - INFO - Inserted economic event with ID: 3033
2025-07-04 15:35:26,743 - INFO - Inserted economic event with ID: 3034
2025-07-04 15:35:26,747 - INFO - Inserted economic event with ID: 3035
2025-07-04 15:35:26,750 - INFO - Inserted economic event with ID: 3036
2025-07-04 15:35:26,753 - INFO - Inserted economic event with ID: 3037
2025-07-04 15:35:26,755 - INFO - Inserted economic event with ID: 3038
2025-07-04 15:35:26,758 - INFO - Inserted economic event with ID: 3039
2025-07-04 15:35:26,760 - INFO - Inserted economic event with ID: 3040
2025-07-04 15:35:26,763 - INFO - Inserted economic event with ID: 3041
2025-07-04 15:35:26,766 - INFO - Inserted economic event with ID: 3042
2025-07-04 15:35:26,769 - INFO - Inserted economic event with ID: 3043
2025-07-04 15:35:26,771 - INFO - Inserted economic event with ID: 3044
2025-07-04 15:35:26,774 - INFO - Inserted economic event with ID: 3045
2025-07-04 15:35:26,777 - INFO - Inserted economic event with ID: 3046
2025-07-04 15:35:26,780 - INFO - Inserted economic event with ID: 3047
2025-07-04 15:35:26,782 - INFO - Inserted economic event with ID: 3048
2025-07-04 15:35:26,785 - INFO - Inserted economic event with ID: 3049
2025-07-04 15:35:26,788 - INFO - Inserted economic event with ID: 3050
2025-07-04 15:35:26,790 - INFO - Inserted economic event with ID: 3051
2025-07-04 15:35:26,793 - INFO - Inserted economic event with ID: 3052
2025-07-04 15:35:26,796 - INFO - Inserted economic event with ID: 3053
2025-07-04 15:35:26,799 - INFO - Inserted economic event with ID: 3054
2025-07-04 15:35:26,802 - INFO - Inserted economic event with ID: 3055
2025-07-04 15:35:26,805 - INFO - Inserted economic event with ID: 3056
2025-07-04 15:35:26,808 - INFO - Inserted economic event with ID: 3057
2025-07-04 15:35:26,810 - INFO - Inserted economic event with ID: 3058
2025-07-04 15:35:26,813 - INFO - Inserted economic event with ID: 3059
2025-07-04 15:35:26,816 - INFO - Inserted economic event with ID: 3060
2025-07-04 15:35:26,818 - INFO - Inserted economic event with ID: 3061
2025-07-04 15:35:26,821 - INFO - Inserted economic event with ID: 3062
2025-07-04 15:35:26,824 - INFO - Inserted economic event with ID: 3063
2025-07-04 15:35:26,827 - INFO - Inserted economic event with ID: 3064
2025-07-04 15:35:26,831 - INFO - Inserted economic event with ID: 3065
2025-07-04 15:35:26,833 - INFO - Inserted economic event with ID: 3066
2025-07-04 15:35:26,835 - INFO - Inserted economic event with ID: 3067
2025-07-04 15:35:26,839 - INFO - Inserted economic event with ID: 3068
2025-07-04 15:35:26,842 - INFO - Inserted economic event with ID: 3069
2025-07-04 15:35:26,844 - INFO - Inserted economic event with ID: 3070
2025-07-04 15:35:26,847 - INFO - Inserted economic event with ID: 3071
2025-07-04 15:35:26,849 - INFO - Inserted economic event with ID: 3072
2025-07-04 15:35:26,854 - INFO - Inserted economic event with ID: 3073
2025-07-04 15:35:26,856 - INFO - Inserted economic event with ID: 3074
2025-07-04 15:35:26,858 - INFO - Inserted economic event with ID: 3075
2025-07-04 15:35:26,861 - INFO - Inserted economic event with ID: 3076
2025-07-04 15:35:26,863 - INFO - Inserted economic event with ID: 3077
2025-07-04 15:35:26,867 - INFO - Inserted economic event with ID: 3078
2025-07-04 15:35:26,870 - INFO - Inserted economic event with ID: 3079
2025-07-04 15:35:26,872 - INFO - Inserted economic event with ID: 3080
2025-07-04 15:35:26,876 - INFO - Inserted economic event with ID: 3081
2025-07-04 15:35:26,878 - INFO - Inserted economic event with ID: 3082
2025-07-04 15:35:26,882 - INFO - Inserted economic event with ID: 3083
2025-07-04 15:35:26,884 - INFO - Inserted economic event with ID: 3084
2025-07-04 15:35:26,887 - INFO - Inserted economic event with ID: 3085
2025-07-04 15:35:26,891 - INFO - Inserted economic event with ID: 3086
2025-07-04 15:35:26,895 - INFO - Inserted economic event with ID: 3087
2025-07-04 15:35:26,899 - INFO - Inserted economic event with ID: 3088
2025-07-04 15:35:26,903 - INFO - Inserted economic event with ID: 3089
2025-07-04 15:35:26,906 - INFO - Inserted economic event with ID: 3090
2025-07-04 15:35:26,909 - INFO - Inserted economic event with ID: 3091
2025-07-04 15:35:26,912 - INFO - Inserted economic event with ID: 3092
2025-07-04 15:35:26,915 - INFO - Inserted economic event with ID: 3093
2025-07-04 15:35:26,919 - INFO - Inserted economic event with ID: 3094
2025-07-04 15:35:26,922 - INFO - Inserted economic event with ID: 3095
2025-07-04 15:35:26,926 - INFO - Inserted economic event with ID: 3096
2025-07-04 15:35:26,929 - INFO - Inserted economic event with ID: 3097
2025-07-04 15:35:26,934 - INFO - Inserted economic event with ID: 3098
2025-07-04 15:35:26,937 - INFO - Inserted economic event with ID: 3099
2025-07-04 15:35:26,940 - INFO - Inserted economic event with ID: 3100
2025-07-04 15:35:26,944 - INFO - Inserted economic event with ID: 3101
2025-07-04 15:35:26,947 - INFO - Inserted economic event with ID: 3102
2025-07-04 15:35:26,950 - INFO - Inserted economic event with ID: 3103
2025-07-04 15:35:26,953 - INFO - Inserted economic event with ID: 3104
2025-07-04 15:35:26,957 - INFO - Inserted economic event with ID: 3105
2025-07-04 15:35:26,961 - INFO - Inserted economic event with ID: 3106
2025-07-04 15:35:26,964 - INFO - Inserted economic event with ID: 3107
2025-07-04 15:35:26,967 - INFO - Inserted economic event with ID: 3108
2025-07-04 15:35:26,970 - INFO - Inserted economic event with ID: 3109
2025-07-04 15:35:26,974 - INFO - Inserted economic event with ID: 3110
2025-07-04 15:35:26,977 - INFO - Inserted economic event with ID: 3111
2025-07-04 15:35:26,981 - INFO - Inserted economic event with ID: 3112
2025-07-04 15:35:26,985 - INFO - Inserted economic event with ID: 3113
2025-07-04 15:35:26,988 - INFO - Inserted economic event with ID: 3114
2025-07-04 15:35:26,992 - INFO - Inserted economic event with ID: 3115
2025-07-04 15:35:26,995 - INFO - Inserted economic event with ID: 3116
2025-07-04 15:35:26,998 - INFO - Inserted economic event with ID: 3117
2025-07-04 15:35:27,002 - INFO - Inserted economic event with ID: 3118
2025-07-04 15:35:27,005 - INFO - Inserted economic event with ID: 3119
2025-07-04 15:35:27,008 - INFO - Inserted economic event with ID: 3120
2025-07-04 15:35:27,010 - INFO - Inserted economic event with ID: 3121
2025-07-04 15:35:27,013 - INFO - Inserted economic event with ID: 3122
2025-07-04 15:35:27,016 - INFO - Inserted economic event with ID: 3123
2025-07-04 15:35:27,019 - INFO - Inserted economic event with ID: 3124
2025-07-04 15:35:27,023 - INFO - Inserted economic event with ID: 3125
2025-07-04 15:35:27,025 - INFO - Inserted economic event with ID: 3126
2025-07-04 15:35:27,028 - INFO - Inserted economic event with ID: 3127
2025-07-04 15:35:27,031 - INFO - Inserted economic event with ID: 3128
2025-07-04 15:35:27,034 - INFO - Inserted economic event with ID: 3129
2025-07-04 15:35:27,037 - INFO - Inserted economic event with ID: 3130
2025-07-04 15:35:27,040 - INFO - Inserted economic event with ID: 3131
2025-07-04 15:35:27,043 - INFO - Inserted economic event with ID: 3132
2025-07-04 15:35:27,045 - INFO - Inserted economic event with ID: 3133
2025-07-04 15:35:27,047 - INFO - Inserted economic event with ID: 3134
2025-07-04 15:35:27,051 - INFO - Inserted economic event with ID: 3135
2025-07-04 15:35:27,054 - INFO - Inserted economic event with ID: 3136
2025-07-04 15:35:27,057 - INFO - Inserted economic event with ID: 3137
2025-07-04 15:35:27,060 - INFO - Inserted economic event with ID: 3138
2025-07-04 15:35:27,062 - INFO - Inserted economic event with ID: 3139
2025-07-04 15:35:27,067 - INFO - Inserted economic event with ID: 3140
2025-07-04 15:35:27,071 - INFO - Inserted economic event with ID: 3141
2025-07-04 15:35:27,075 - INFO - Inserted economic event with ID: 3142
2025-07-04 15:35:27,079 - INFO - Inserted economic event with ID: 3143
2025-07-04 15:35:27,084 - INFO - Inserted economic event with ID: 3144
2025-07-04 15:35:27,088 - INFO - Inserted economic event with ID: 3145
2025-07-04 15:35:27,092 - INFO - Inserted economic event with ID: 3146
2025-07-04 15:35:27,094 - INFO - Inserted economic event with ID: 3147
2025-07-04 15:35:27,097 - INFO - Inserted economic event with ID: 3148
2025-07-04 15:35:27,100 - INFO - Inserted economic event with ID: 3149
2025-07-04 15:35:27,103 - INFO - Inserted economic event with ID: 3150
2025-07-04 15:35:27,106 - INFO - Inserted economic event with ID: 3151
2025-07-04 15:35:27,108 - INFO - Inserted economic event with ID: 3152
2025-07-04 15:35:27,111 - INFO - Inserted economic event with ID: 3153
2025-07-04 15:35:27,113 - INFO - Inserted economic event with ID: 3154
2025-07-04 15:35:27,116 - INFO - Inserted economic event with ID: 3155
2025-07-04 15:35:27,118 - INFO - Inserted economic event with ID: 3156
2025-07-04 15:35:27,121 - INFO - Inserted economic event with ID: 3157
2025-07-04 15:35:27,124 - INFO - Inserted economic event with ID: 3158
2025-07-04 15:35:27,127 - INFO - Inserted economic event with ID: 3159
2025-07-04 15:35:27,129 - INFO - Inserted economic event with ID: 3160
2025-07-04 15:35:27,132 - INFO - Inserted economic event with ID: 3161
2025-07-04 15:35:27,134 - INFO - Inserted economic event with ID: 3162
2025-07-04 15:35:27,137 - INFO - Inserted economic event with ID: 3163
2025-07-04 15:35:27,140 - INFO - Inserted economic event with ID: 3164
2025-07-04 15:35:27,143 - INFO - Inserted economic event with ID: 3165
2025-07-04 15:35:27,146 - INFO - Inserted economic event with ID: 3166
2025-07-04 15:35:27,148 - INFO - Inserted economic event with ID: 3167
2025-07-04 15:35:27,151 - INFO - Inserted economic event with ID: 3168
2025-07-04 15:35:27,154 - INFO - Inserted economic event with ID: 3169
2025-07-04 15:35:27,157 - INFO - Inserted economic event with ID: 3170
2025-07-04 15:35:27,160 - INFO - Inserted economic event with ID: 3171
2025-07-04 15:35:27,163 - INFO - Inserted economic event with ID: 3172
2025-07-04 15:35:27,165 - INFO - Inserted economic event with ID: 3173
2025-07-04 15:35:27,168 - INFO - Inserted economic event with ID: 3174
2025-07-04 15:35:27,171 - INFO - Inserted economic event with ID: 3175
2025-07-04 15:35:27,174 - INFO - Inserted economic event with ID: 3176
2025-07-04 15:35:27,177 - INFO - Inserted economic event with ID: 3177
2025-07-04 15:35:27,179 - INFO - Inserted economic event with ID: 3178
2025-07-04 15:35:27,182 - INFO - Inserted economic event with ID: 3179
2025-07-04 15:35:27,186 - INFO - Inserted economic event with ID: 3180
2025-07-04 15:35:27,188 - INFO - Inserted economic event with ID: 3181
2025-07-04 15:35:27,192 - INFO - Inserted economic event with ID: 3182
2025-07-04 15:35:27,194 - INFO - Inserted economic event with ID: 3183
2025-07-04 15:35:27,197 - INFO - Inserted economic event with ID: 3184
2025-07-04 15:35:27,200 - INFO - Inserted economic event with ID: 3185
2025-07-04 15:35:27,204 - INFO - Inserted economic event with ID: 3186
2025-07-04 15:35:27,206 - INFO - Inserted economic event with ID: 3187
2025-07-04 15:35:27,209 - INFO - Inserted economic event with ID: 3188
2025-07-04 15:35:27,211 - INFO - Inserted economic event with ID: 3189
2025-07-04 15:35:27,214 - INFO - Inserted economic event with ID: 3190
2025-07-04 15:35:27,217 - INFO - Inserted economic event with ID: 3191
2025-07-04 15:35:27,220 - INFO - Inserted economic event with ID: 3192
2025-07-04 15:35:27,223 - INFO - Inserted economic event with ID: 3193
2025-07-04 15:35:27,225 - INFO - Inserted economic event with ID: 3194
2025-07-04 15:35:27,229 - INFO - Inserted economic event with ID: 3195
2025-07-04 15:35:27,232 - INFO - Inserted economic event with ID: 3196
2025-07-04 15:35:27,234 - INFO - Inserted economic event with ID: 3197
2025-07-04 15:35:27,237 - INFO - Inserted economic event with ID: 3198
2025-07-04 15:35:27,240 - INFO - Inserted economic event with ID: 3199
2025-07-04 15:35:27,242 - INFO - Inserted economic event with ID: 3200
2025-07-04 15:35:27,245 - INFO - Inserted economic event with ID: 3201
2025-07-04 15:35:27,248 - INFO - Inserted economic event with ID: 3202
2025-07-04 15:35:27,250 - INFO - Inserted economic event with ID: 3203
2025-07-04 15:35:27,253 - INFO - Inserted economic event with ID: 3204
2025-07-04 15:35:27,255 - INFO - Inserted economic event with ID: 3205
2025-07-04 15:35:27,259 - INFO - Inserted economic event with ID: 3206
2025-07-04 15:35:27,261 - INFO - Inserted economic event with ID: 3207
2025-07-04 15:35:27,264 - INFO - Inserted economic event with ID: 3208
2025-07-04 15:35:27,267 - INFO - Inserted economic event with ID: 3209
2025-07-04 15:35:27,270 - INFO - Inserted economic event with ID: 3210
2025-07-04 15:35:27,273 - INFO - Inserted economic event with ID: 3211
2025-07-04 15:35:27,274 - INFO - Inserted economic event with ID: 3212
2025-07-04 15:35:27,278 - INFO - Inserted economic event with ID: 3213
2025-07-04 15:35:27,281 - INFO - Inserted economic event with ID: 3214
2025-07-04 15:35:27,284 - INFO - Inserted economic event with ID: 3215
2025-07-04 15:35:27,286 - INFO - Inserted economic event with ID: 3216
2025-07-04 15:35:27,289 - INFO - Inserted economic event with ID: 3217
2025-07-04 15:35:27,292 - INFO - Inserted economic event with ID: 3218
2025-07-04 15:35:27,296 - INFO - Inserted economic event with ID: 3219
2025-07-04 15:35:27,299 - INFO - Inserted economic event with ID: 3220
2025-07-04 15:35:27,302 - INFO - Inserted economic event with ID: 3221
2025-07-04 15:35:27,305 - INFO - Inserted economic event with ID: 3222
2025-07-04 15:35:27,308 - INFO - Inserted economic event with ID: 3223
2025-07-04 15:35:27,312 - INFO - Inserted economic event with ID: 3224
2025-07-04 15:35:27,314 - INFO - Inserted economic event with ID: 3225
2025-07-04 15:35:27,317 - INFO - Inserted economic event with ID: 3226
2025-07-04 15:35:27,320 - INFO - Inserted economic event with ID: 3227
2025-07-04 15:35:27,323 - INFO - Inserted economic event with ID: 3228
2025-07-04 15:35:27,326 - INFO - Inserted economic event with ID: 3229
2025-07-04 15:35:27,329 - INFO - Inserted economic event with ID: 3230
2025-07-04 15:35:27,332 - INFO - Inserted economic event with ID: 3231
2025-07-04 15:35:27,335 - INFO - Inserted economic event with ID: 3232
2025-07-04 15:35:27,338 - INFO - Inserted economic event with ID: 3233
2025-07-04 15:35:27,340 - INFO - Inserted economic event with ID: 3234
2025-07-04 15:35:27,343 - INFO - Inserted economic event with ID: 3235
2025-07-04 15:35:27,345 - INFO - Inserted economic event with ID: 3236
2025-07-04 15:35:27,348 - INFO - Inserted economic event with ID: 3237
2025-07-04 15:35:27,351 - INFO - Inserted economic event with ID: 3238
2025-07-04 15:35:27,354 - INFO - Inserted economic event with ID: 3239
2025-07-04 15:35:27,357 - INFO - Inserted economic event with ID: 3240
2025-07-04 15:35:27,360 - INFO - Inserted economic event with ID: 3241
2025-07-04 15:35:27,363 - INFO - Inserted economic event with ID: 3242
2025-07-04 15:35:27,366 - INFO - Inserted economic event with ID: 3243
2025-07-04 15:35:27,369 - INFO - Inserted economic event with ID: 3244
2025-07-04 15:35:27,371 - INFO - Inserted economic event with ID: 3245
2025-07-04 15:35:27,374 - INFO - Inserted economic event with ID: 3246
2025-07-04 15:35:27,378 - INFO - Inserted economic event with ID: 3247
2025-07-04 15:35:27,380 - INFO - Inserted economic event with ID: 3248
2025-07-04 15:35:27,382 - INFO - Inserted economic event with ID: 3249
2025-07-04 15:35:27,386 - INFO - Inserted economic event with ID: 3250
2025-07-04 15:35:27,389 - INFO - Inserted economic event with ID: 3251
2025-07-04 15:35:27,392 - INFO - Inserted economic event with ID: 3252
2025-07-04 15:35:27,394 - INFO - Inserted economic event with ID: 3253
2025-07-04 15:35:27,397 - INFO - Inserted economic event with ID: 3254
2025-07-04 15:35:27,400 - INFO - Inserted economic event with ID: 3255
2025-07-04 15:35:27,402 - INFO - Inserted economic event with ID: 3256
2025-07-04 15:35:27,406 - INFO - Inserted economic event with ID: 3257
2025-07-04 15:35:27,409 - INFO - Inserted economic event with ID: 3258
2025-07-04 15:35:27,412 - INFO - Inserted economic event with ID: 3259
2025-07-04 15:35:27,415 - INFO - Inserted economic event with ID: 3260
2025-07-04 15:35:27,419 - INFO - Inserted economic event with ID: 3261
2025-07-04 15:35:27,423 - INFO - Inserted economic event with ID: 3262
2025-07-04 15:35:27,426 - INFO - Inserted economic event with ID: 3263
2025-07-04 15:35:27,429 - INFO - Inserted economic event with ID: 3264
2025-07-04 15:35:27,432 - INFO - Inserted economic event with ID: 3265
2025-07-04 15:35:27,435 - INFO - Inserted economic event with ID: 3266
2025-07-04 15:35:27,438 - INFO - Inserted economic event with ID: 3267
2025-07-04 15:35:27,442 - INFO - Inserted economic event with ID: 3268
2025-07-04 15:35:27,444 - INFO - Inserted economic event with ID: 3269
2025-07-04 15:35:27,447 - INFO - Inserted economic event with ID: 3270
2025-07-04 15:35:27,449 - INFO - Inserted economic event with ID: 3271
2025-07-04 15:35:27,453 - INFO - Inserted economic event with ID: 3272
2025-07-04 15:35:27,456 - INFO - Inserted economic event with ID: 3273
2025-07-04 15:35:27,459 - INFO - Inserted economic event with ID: 3274
2025-07-04 15:35:27,462 - INFO - Inserted economic event with ID: 3275
2025-07-04 15:35:27,465 - INFO - Inserted economic event with ID: 3276
2025-07-04 15:35:27,469 - INFO - Inserted economic event with ID: 3277
2025-07-04 15:35:27,472 - INFO - Inserted economic event with ID: 3278
2025-07-04 15:35:27,474 - INFO - Inserted economic event with ID: 3279
2025-07-04 15:35:27,478 - INFO - Inserted economic event with ID: 3280
2025-07-04 15:35:27,482 - INFO - Inserted economic event with ID: 3281
2025-07-04 15:35:27,485 - INFO - Inserted economic event with ID: 3282
2025-07-04 15:35:27,488 - INFO - Inserted economic event with ID: 3283
2025-07-04 15:35:27,491 - INFO - Inserted economic event with ID: 3284
2025-07-04 15:35:27,493 - INFO - Inserted economic event with ID: 3285
2025-07-04 15:35:27,497 - INFO - Inserted economic event with ID: 3286
2025-07-04 15:35:27,500 - INFO - Inserted economic event with ID: 3287
2025-07-04 15:35:27,502 - INFO - Inserted economic event with ID: 3288
2025-07-04 15:35:27,506 - INFO - Inserted economic event with ID: 3289
2025-07-04 15:35:27,509 - INFO - Inserted economic event with ID: 3290
2025-07-04 15:35:27,511 - INFO - Inserted economic event with ID: 3291
2025-07-04 15:35:27,514 - INFO - Inserted economic event with ID: 3292
2025-07-04 15:35:27,517 - INFO - Inserted economic event with ID: 3293
2025-07-04 15:35:27,520 - INFO - Inserted economic event with ID: 3294
2025-07-04 15:35:27,523 - INFO - Inserted economic event with ID: 3295
2025-07-04 15:35:27,526 - INFO - Inserted economic event with ID: 3296
2025-07-04 15:35:27,529 - INFO - Inserted economic event with ID: 3297
2025-07-04 15:35:27,533 - INFO - Inserted economic event with ID: 3298
2025-07-04 15:35:27,536 - INFO - Inserted economic event with ID: 3299
2025-07-04 15:35:27,538 - INFO - Inserted economic event with ID: 3300
2025-07-04 15:35:27,541 - INFO - Inserted economic event with ID: 3301
2025-07-04 15:35:27,543 - INFO - Inserted economic event with ID: 3302
2025-07-04 15:35:27,546 - INFO - Inserted economic event with ID: 3303
2025-07-04 15:35:27,550 - INFO - Inserted economic event with ID: 3304
2025-07-04 15:35:27,552 - INFO - Inserted economic event with ID: 3305
2025-07-04 15:35:27,556 - INFO - Inserted economic event with ID: 3306
2025-07-04 15:35:27,560 - INFO - Inserted economic event with ID: 3307
2025-07-04 15:35:27,562 - INFO - Inserted economic event with ID: 3308
2025-07-04 15:35:27,565 - INFO - Inserted economic event with ID: 3309
2025-07-04 15:35:27,568 - INFO - Inserted economic event with ID: 3310
2025-07-04 15:35:27,571 - INFO - Inserted economic event with ID: 3311
2025-07-04 15:35:27,574 - INFO - Inserted economic event with ID: 3312
2025-07-04 15:35:27,577 - INFO - Inserted economic event with ID: 3313
2025-07-04 15:35:27,581 - INFO - Inserted economic event with ID: 3314
2025-07-04 15:35:27,583 - INFO - Inserted economic event with ID: 3315
2025-07-04 15:35:27,587 - INFO - Inserted economic event with ID: 3316
2025-07-04 15:35:27,590 - INFO - Inserted economic event with ID: 3317
2025-07-04 15:35:27,593 - INFO - Inserted economic event with ID: 3318
2025-07-04 15:35:27,596 - INFO - Inserted economic event with ID: 3319
2025-07-04 15:35:27,599 - INFO - Inserted economic event with ID: 3320
2025-07-04 15:35:27,602 - INFO - Inserted economic event with ID: 3321
2025-07-04 15:35:27,605 - INFO - Inserted economic event with ID: 3322
2025-07-04 15:35:27,607 - INFO - Inserted economic event with ID: 3323
2025-07-04 15:35:27,610 - INFO - Inserted economic event with ID: 3324
2025-07-04 15:35:27,613 - INFO - Inserted economic event with ID: 3325
2025-07-04 15:35:27,617 - INFO - Inserted economic event with ID: 3326
2025-07-04 15:35:27,619 - INFO - Inserted economic event with ID: 3327
2025-07-04 15:35:27,623 - INFO - Inserted economic event with ID: 3328
2025-07-04 15:35:27,625 - INFO - Inserted economic event with ID: 3329
2025-07-04 15:35:27,629 - INFO - Inserted economic event with ID: 3330
2025-07-04 15:35:27,632 - INFO - Inserted economic event with ID: 3331
2025-07-04 15:35:27,635 - INFO - Inserted economic event with ID: 3332
2025-07-04 15:35:27,637 - INFO - Inserted economic event with ID: 3333
2025-07-04 15:35:27,640 - INFO - Inserted economic event with ID: 3334
2025-07-04 15:35:27,643 - INFO - Inserted economic event with ID: 3335
2025-07-04 15:35:27,645 - INFO - Inserted economic event with ID: 3336
2025-07-04 15:35:27,649 - INFO - Inserted economic event with ID: 3337
2025-07-04 15:35:27,652 - INFO - Inserted economic event with ID: 3338
2025-07-04 15:35:27,654 - INFO - Inserted economic event with ID: 3339
2025-07-04 15:35:27,658 - INFO - Inserted economic event with ID: 3340
2025-07-04 15:35:27,659 - INFO - Inserted economic event with ID: 3341
2025-07-04 15:35:27,663 - INFO - Inserted economic event with ID: 3342
2025-07-04 15:35:27,666 - INFO - Inserted economic event with ID: 3343
2025-07-04 15:35:27,669 - INFO - Inserted economic event with ID: 3344
2025-07-04 15:35:27,672 - INFO - Inserted economic event with ID: 3345
2025-07-04 15:35:27,675 - INFO - Inserted economic event with ID: 3346
2025-07-04 15:35:27,677 - INFO - Inserted economic event with ID: 3347
2025-07-04 15:35:27,679 - INFO - Inserted economic event with ID: 3348
2025-07-04 15:35:27,683 - INFO - Inserted economic event with ID: 3349
2025-07-04 15:35:27,686 - INFO - Inserted economic event with ID: 3350
2025-07-04 15:35:27,689 - INFO - Inserted economic event with ID: 3351
2025-07-04 15:35:27,691 - INFO - Inserted economic event with ID: 3352
2025-07-04 15:35:27,693 - INFO - Inserted economic event with ID: 3353
2025-07-04 15:35:27,697 - INFO - Inserted economic event with ID: 3354
2025-07-04 15:35:27,700 - INFO - Inserted economic event with ID: 3355
2025-07-04 15:35:27,703 - INFO - Inserted economic event with ID: 3356
2025-07-04 15:35:27,706 - INFO - Inserted economic event with ID: 3357
2025-07-04 15:35:27,708 - INFO - Inserted economic event with ID: 3358
2025-07-04 15:35:27,712 - INFO - Inserted economic event with ID: 3359
2025-07-04 15:35:27,714 - INFO - Inserted economic event with ID: 3360
2025-07-04 15:35:27,716 - INFO - Inserted economic event with ID: 3361
2025-07-04 15:35:27,720 - INFO - Inserted economic event with ID: 3362
2025-07-04 15:35:27,723 - INFO - Inserted economic event with ID: 3363
2025-07-04 15:35:27,725 - INFO - Inserted economic event with ID: 3364
2025-07-04 15:35:27,728 - INFO - Inserted economic event with ID: 3365
2025-07-04 15:35:27,732 - INFO - Inserted economic event with ID: 3366
2025-07-04 15:35:27,735 - INFO - Inserted economic event with ID: 3367
2025-07-04 15:35:27,738 - INFO - Inserted economic event with ID: 3368
2025-07-04 15:35:27,740 - INFO - Inserted economic event with ID: 3369
2025-07-04 15:35:27,743 - INFO - Inserted economic event with ID: 3370
2025-07-04 15:35:27,747 - INFO - Inserted economic event with ID: 3371
2025-07-04 15:35:27,749 - INFO - Inserted economic event with ID: 3372
2025-07-04 15:35:27,753 - INFO - Inserted economic event with ID: 3373
2025-07-04 15:35:27,756 - INFO - Inserted economic event with ID: 3374
2025-07-04 15:35:27,759 - INFO - Inserted economic event with ID: 3375
2025-07-04 15:35:27,761 - INFO - Inserted economic event with ID: 3376
2025-07-04 15:35:27,764 - INFO - Inserted economic event with ID: 3377
2025-07-04 15:35:27,767 - INFO - Inserted economic event with ID: 3378
2025-07-04 15:35:27,769 - INFO - Inserted economic event with ID: 3379
2025-07-04 15:35:27,773 - INFO - Inserted economic event with ID: 3380
2025-07-04 15:35:27,776 - INFO - Inserted economic event with ID: 3381
2025-07-04 15:35:27,778 - INFO - Inserted economic event with ID: 3382
2025-07-04 15:35:27,781 - INFO - Inserted economic event with ID: 3383
2025-07-04 15:35:27,784 - INFO - Inserted economic event with ID: 3384
2025-07-04 15:35:27,787 - INFO - Inserted economic event with ID: 3385
2025-07-04 15:35:27,790 - INFO - Inserted economic event with ID: 3386
2025-07-04 15:35:27,793 - INFO - Inserted economic event with ID: 3387
2025-07-04 15:35:27,796 - INFO - Inserted economic event with ID: 3388
2025-07-04 15:35:27,798 - INFO - Inserted economic event with ID: 3389
2025-07-04 15:35:27,802 - INFO - Inserted economic event with ID: 3390
2025-07-04 15:35:27,804 - INFO - Inserted economic event with ID: 3391
2025-07-04 15:35:27,807 - INFO - Inserted economic event with ID: 3392
2025-07-04 15:35:27,811 - INFO - Inserted economic event with ID: 3393
2025-07-04 15:35:27,813 - INFO - Inserted economic event with ID: 3394
2025-07-04 15:35:27,815 - INFO - Inserted economic event with ID: 3395
2025-07-04 15:35:27,819 - INFO - Inserted economic event with ID: 3396
2025-07-04 15:35:27,822 - INFO - Inserted economic event with ID: 3397
2025-07-04 15:35:27,825 - INFO - Inserted economic event with ID: 3398
2025-07-04 15:35:27,827 - INFO - Inserted economic event with ID: 3399
2025-07-04 15:35:27,831 - INFO - Inserted economic event with ID: 3400
2025-07-04 15:35:27,833 - INFO - Inserted economic event with ID: 3401
2025-07-04 15:35:27,836 - INFO - Inserted economic event with ID: 3402
2025-07-04 15:35:27,840 - INFO - Inserted economic event with ID: 3403
2025-07-04 15:35:27,843 - INFO - Inserted economic event with ID: 3404
2025-07-04 15:35:27,845 - INFO - Inserted economic event with ID: 3405
2025-07-04 15:35:27,847 - INFO - Inserted economic event with ID: 3406
2025-07-04 15:35:27,851 - INFO - Inserted economic event with ID: 3407
2025-07-04 15:35:27,854 - INFO - Inserted economic event with ID: 3408
2025-07-04 15:35:27,856 - INFO - Inserted economic event with ID: 3409
2025-07-04 15:35:27,860 - INFO - Inserted economic event with ID: 3410
2025-07-04 15:35:27,863 - INFO - Inserted economic event with ID: 3411
2025-07-04 15:35:27,866 - INFO - Inserted economic event with ID: 3412
2025-07-04 15:35:27,868 - INFO - Inserted economic event with ID: 3413
2025-07-04 15:35:27,871 - INFO - Inserted economic event with ID: 3414
2025-07-04 15:35:27,874 - INFO - Inserted economic event with ID: 3415
2025-07-04 15:35:27,879 - INFO - Inserted economic event with ID: 3416
2025-07-04 15:35:27,882 - INFO - Inserted economic event with ID: 3417
2025-07-04 15:35:27,885 - INFO - Inserted economic event with ID: 3418
2025-07-04 15:35:27,888 - INFO - Inserted economic event with ID: 3419
2025-07-04 15:35:27,890 - INFO - Inserted economic event with ID: 3420
2025-07-04 15:35:27,894 - INFO - Inserted economic event with ID: 3421
2025-07-04 15:35:27,897 - INFO - Inserted economic event with ID: 3422
2025-07-04 15:35:27,900 - INFO - Inserted economic event with ID: 3423
2025-07-04 15:35:27,902 - INFO - Inserted economic event with ID: 3424
2025-07-04 15:35:27,906 - INFO - Inserted economic event with ID: 3425
2025-07-04 15:35:27,908 - INFO - Inserted economic event with ID: 3426
2025-07-04 15:35:27,910 - INFO - Inserted economic event with ID: 3427
2025-07-04 15:35:27,913 - INFO - Inserted economic event with ID: 3428
2025-07-04 15:35:27,918 - INFO - Inserted economic event with ID: 3429
2025-07-04 15:35:27,920 - INFO - Inserted economic event with ID: 3430
2025-07-04 15:35:27,923 - INFO - Inserted economic event with ID: 3431
2025-07-04 15:35:27,926 - INFO - Inserted economic event with ID: 3432
2025-07-04 15:35:27,929 - INFO - Inserted economic event with ID: 3433
2025-07-04 15:35:27,931 - INFO - Inserted economic event with ID: 3434
2025-07-04 15:35:27,934 - INFO - Inserted economic event with ID: 3435
2025-07-04 15:35:27,937 - INFO - Inserted economic event with ID: 3436
2025-07-04 15:35:27,940 - INFO - Inserted economic event with ID: 3437
2025-07-04 15:35:27,943 - INFO - Inserted economic event with ID: 3438
2025-07-04 15:35:27,945 - INFO - Inserted economic event with ID: 3439
2025-07-04 15:35:27,948 - INFO - Inserted economic event with ID: 3440
2025-07-04 15:35:27,951 - INFO - Inserted economic event with ID: 3441
2025-07-04 15:35:27,954 - INFO - Inserted economic event with ID: 3442
2025-07-04 15:35:27,957 - INFO - Inserted economic event with ID: 3443
2025-07-04 15:35:27,959 - INFO - Inserted economic event with ID: 3444
2025-07-04 15:35:27,962 - INFO - Inserted economic event with ID: 3445
2025-07-04 15:35:27,964 - INFO - Inserted economic event with ID: 3446
2025-07-04 15:35:27,967 - INFO - Inserted economic event with ID: 3447
2025-07-04 15:35:27,971 - INFO - Inserted economic event with ID: 3448
2025-07-04 15:35:27,973 - INFO - Inserted economic event with ID: 3449
2025-07-04 15:35:27,976 - INFO - Inserted economic event with ID: 3450
2025-07-04 15:35:27,978 - INFO - Inserted economic event with ID: 3451
2025-07-04 15:35:27,980 - INFO - Inserted economic event with ID: 3452
2025-07-04 15:35:27,983 - INFO - Inserted economic event with ID: 3453
2025-07-04 15:35:27,986 - INFO - Inserted economic event with ID: 3454
2025-07-04 15:35:27,989 - INFO - Inserted economic event with ID: 3455
2025-07-04 15:35:27,992 - INFO - Inserted economic event with ID: 3456
2025-07-04 15:35:27,994 - INFO - Inserted economic event with ID: 3457
2025-07-04 15:35:27,997 - INFO - Inserted economic event with ID: 3458
2025-07-04 15:35:28,000 - INFO - Inserted economic event with ID: 3459
2025-07-04 15:35:28,002 - INFO - Inserted economic event with ID: 3460
2025-07-04 15:35:28,004 - INFO - Inserted economic event with ID: 3461
2025-07-04 15:35:28,007 - INFO - Inserted economic event with ID: 3462
2025-07-04 15:35:28,011 - INFO - Inserted economic event with ID: 3463
2025-07-04 15:35:28,013 - INFO - Inserted economic event with ID: 3464
2025-07-04 15:35:28,016 - INFO - Inserted economic event with ID: 3465
2025-07-04 15:35:28,018 - INFO - Inserted economic event with ID: 3466
2025-07-04 15:35:28,021 - INFO - Inserted economic event with ID: 3467
2025-07-04 15:35:28,023 - INFO - Inserted economic event with ID: 3468
2025-07-04 15:35:28,026 - INFO - Inserted economic event with ID: 3469
2025-07-04 15:35:28,029 - INFO - Inserted economic event with ID: 3470
2025-07-04 15:35:28,032 - INFO - Inserted economic event with ID: 3471
2025-07-04 15:35:28,034 - INFO - Inserted economic event with ID: 3472
2025-07-04 15:35:28,036 - INFO - Inserted economic event with ID: 3473
2025-07-04 15:35:28,039 - INFO - Inserted economic event with ID: 3474
2025-07-04 15:35:28,041 - INFO - Inserted economic event with ID: 3475
2025-07-04 15:35:28,044 - INFO - Inserted economic event with ID: 3476
2025-07-04 15:35:28,047 - INFO - Inserted economic event with ID: 3477
2025-07-04 15:35:28,049 - INFO - Inserted economic event with ID: 3478
2025-07-04 15:35:28,052 - INFO - Inserted economic event with ID: 3479
2025-07-04 15:35:28,054 - INFO - Inserted economic event with ID: 3480
2025-07-04 15:35:28,058 - INFO - Inserted economic event with ID: 3481
2025-07-04 15:35:28,060 - INFO - Inserted economic event with ID: 3482
2025-07-04 15:35:28,063 - INFO - Inserted economic event with ID: 3483
2025-07-04 15:35:28,066 - INFO - Inserted economic event with ID: 3484
2025-07-04 15:35:28,068 - INFO - Inserted economic event with ID: 3485
2025-07-04 15:35:28,070 - INFO - Inserted economic event with ID: 3486
2025-07-04 15:35:28,073 - INFO - Inserted economic event with ID: 3487
2025-07-04 15:35:28,076 - INFO - Inserted economic event with ID: 3488
2025-07-04 15:35:28,079 - INFO - Inserted economic event with ID: 3489
2025-07-04 15:35:28,081 - INFO - Inserted economic event with ID: 3490
2025-07-04 15:35:28,084 - INFO - Inserted economic event with ID: 3491
2025-07-04 15:35:28,087 - INFO - Inserted economic event with ID: 3492
2025-07-04 15:35:28,090 - INFO - Inserted economic event with ID: 3493
2025-07-04 15:35:28,092 - INFO - Inserted economic event with ID: 3494
2025-07-04 15:35:28,095 - INFO - Inserted economic event with ID: 3495
2025-07-04 15:35:28,098 - INFO - Inserted economic event with ID: 3496
2025-07-04 15:35:28,101 - INFO - Inserted economic event with ID: 3497
2025-07-04 15:35:28,103 - INFO - Inserted economic event with ID: 3498
2025-07-04 15:35:28,107 - INFO - Inserted economic event with ID: 3499
2025-07-04 15:35:28,109 - INFO - Inserted economic event with ID: 3500
2025-07-04 15:35:28,113 - INFO - Inserted economic event with ID: 3501
2025-07-04 15:35:28,115 - INFO - Inserted economic event with ID: 3502
2025-07-04 15:35:28,118 - INFO - Inserted economic event with ID: 3503
2025-07-04 15:35:28,120 - INFO - Inserted economic event with ID: 3504
2025-07-04 15:35:28,123 - INFO - Inserted economic event with ID: 3505
2025-07-04 15:35:28,126 - INFO - Inserted economic event with ID: 3506
2025-07-04 15:35:28,128 - INFO - Inserted economic event with ID: 3507
2025-07-04 15:35:28,131 - INFO - Inserted economic event with ID: 3508
2025-07-04 15:35:28,134 - INFO - Inserted economic event with ID: 3509
2025-07-04 15:35:28,136 - INFO - Inserted economic event with ID: 3510
2025-07-04 15:35:28,139 - INFO - Inserted economic event with ID: 3511
2025-07-04 15:35:28,142 - INFO - Inserted economic event with ID: 3512
2025-07-04 15:35:28,144 - INFO - Inserted economic event with ID: 3513
2025-07-04 15:35:28,147 - INFO - Inserted economic event with ID: 3514
2025-07-04 15:35:28,150 - INFO - Inserted economic event with ID: 3515
2025-07-04 15:35:28,153 - INFO - Inserted economic event with ID: 3516
2025-07-04 15:35:28,155 - INFO - Inserted economic event with ID: 3517
2025-07-04 15:35:28,158 - INFO - Inserted economic event with ID: 3518
2025-07-04 15:35:28,161 - INFO - Inserted economic event with ID: 3519
2025-07-04 15:35:28,164 - INFO - Inserted economic event with ID: 3520
2025-07-04 15:35:28,166 - INFO - Inserted economic event with ID: 3521
2025-07-04 15:35:28,169 - INFO - Inserted economic event with ID: 3522
2025-07-04 15:35:28,172 - INFO - Inserted economic event with ID: 3523
2025-07-04 15:35:28,175 - INFO - Inserted economic event with ID: 3524
2025-07-04 15:35:28,177 - INFO - Inserted economic event with ID: 3525
2025-07-04 15:35:28,179 - INFO - Inserted economic event with ID: 3526
2025-07-04 15:35:28,183 - INFO - Inserted economic event with ID: 3527
2025-07-04 15:35:28,186 - INFO - Inserted economic event with ID: 3528
2025-07-04 15:35:28,188 - INFO - Inserted economic event with ID: 3529
2025-07-04 15:35:28,191 - INFO - Inserted economic event with ID: 3530
2025-07-04 15:35:28,193 - INFO - Inserted economic event with ID: 3531
2025-07-04 15:35:28,195 - INFO - Inserted economic event with ID: 3532
2025-07-04 15:35:28,199 - INFO - Inserted economic event with ID: 3533
2025-07-04 15:35:28,201 - INFO - Inserted economic event with ID: 3534
2025-07-04 15:35:28,203 - INFO - Inserted economic event with ID: 3535
2025-07-04 15:35:28,206 - INFO - Inserted economic event with ID: 3536
2025-07-04 15:35:28,209 - INFO - Inserted economic event with ID: 3537
2025-07-04 15:35:28,212 - INFO - Inserted economic event with ID: 3538
2025-07-04 15:35:28,214 - INFO - Inserted economic event with ID: 3539
2025-07-04 15:35:28,217 - INFO - Inserted economic event with ID: 3540
2025-07-04 15:35:28,220 - INFO - Inserted economic event with ID: 3541
2025-07-04 15:35:28,222 - INFO - Inserted economic event with ID: 3542
2025-07-04 15:35:28,226 - INFO - Inserted economic event with ID: 3543
2025-07-04 15:35:28,228 - INFO - Inserted economic event with ID: 3544
2025-07-04 15:35:28,231 - INFO - Inserted economic event with ID: 3545
2025-07-04 15:35:28,234 - INFO - Inserted economic event with ID: 3546
2025-07-04 15:35:28,236 - INFO - Inserted economic event with ID: 3547
2025-07-04 15:35:28,239 - INFO - Inserted economic event with ID: 3548
2025-07-04 15:35:28,241 - INFO - Inserted economic event with ID: 3549
2025-07-04 15:35:28,244 - INFO - Inserted economic event with ID: 3550
2025-07-04 15:35:28,246 - INFO - Inserted economic event with ID: 3551
2025-07-04 15:35:28,249 - INFO - Inserted economic event with ID: 3552
2025-07-04 15:35:28,252 - INFO - Inserted economic event with ID: 3553
2025-07-04 15:35:28,255 - INFO - Inserted economic event with ID: 3554
2025-07-04 15:35:28,258 - INFO - Inserted economic event with ID: 3555
2025-07-04 15:35:28,262 - INFO - Inserted economic event with ID: 3556
2025-07-04 15:35:28,264 - INFO - Inserted economic event with ID: 3557
2025-07-04 15:35:28,267 - INFO - Inserted economic event with ID: 3558
2025-07-04 15:35:28,270 - INFO - Inserted economic event with ID: 3559
2025-07-04 15:35:28,273 - INFO - Inserted economic event with ID: 3560
2025-07-04 15:35:28,276 - INFO - Inserted economic event with ID: 3561
2025-07-04 15:35:28,279 - INFO - Inserted economic event with ID: 3562
2025-07-04 15:35:28,281 - INFO - Inserted economic event with ID: 3563
2025-07-04 15:35:28,283 - INFO - Inserted economic event with ID: 3564
2025-07-04 15:35:28,286 - INFO - Inserted economic event with ID: 3565
2025-07-04 15:35:28,289 - INFO - Inserted economic event with ID: 3566
2025-07-04 15:35:28,292 - INFO - Inserted economic event with ID: 3567
2025-07-04 15:35:28,295 - INFO - Inserted economic event with ID: 3568
2025-07-04 15:35:28,298 - INFO - Inserted economic event with ID: 3569
2025-07-04 15:35:28,301 - INFO - Inserted economic event with ID: 3570
2025-07-04 15:35:28,304 - INFO - Inserted economic event with ID: 3571
2025-07-04 15:35:28,307 - INFO - Inserted economic event with ID: 3572
2025-07-04 15:35:28,310 - INFO - Inserted economic event with ID: 3573
2025-07-04 15:35:28,313 - INFO - Inserted economic event with ID: 3574
2025-07-04 15:35:28,315 - INFO - Inserted economic event with ID: 3575
2025-07-04 15:35:28,318 - INFO - Inserted economic event with ID: 3576
2025-07-04 15:35:28,320 - INFO - Inserted economic event with ID: 3577
2025-07-04 15:35:28,324 - INFO - Inserted economic event with ID: 3578
2025-07-04 15:35:28,327 - INFO - Inserted economic event with ID: 3579
2025-07-04 15:35:28,330 - INFO - Inserted economic event with ID: 3580
2025-07-04 15:35:28,333 - INFO - Inserted economic event with ID: 3581
2025-07-04 15:35:28,335 - INFO - Inserted economic event with ID: 3582
2025-07-04 15:35:28,338 - INFO - Inserted economic event with ID: 3583
2025-07-04 15:35:28,340 - INFO - Inserted economic event with ID: 3584
2025-07-04 15:35:28,343 - INFO - Inserted economic event with ID: 3585
2025-07-04 15:35:28,347 - INFO - Inserted economic event with ID: 3586
2025-07-04 15:35:28,350 - INFO - Inserted economic event with ID: 3587


[MESSARI STDERR @ 2025-07-04 15:35:37.558889]


[TWELVE_DATA STDERR @ 2025-07-04 15:35:39.650941]


[BENZINGA STDERR @ 2025-07-04 15:40:22.724804]
2025-07-04 15:40:22,639 - WARNING - \u26a0\ufe0f Data store module not available: No module named 'sqlalchemy'


[POLYGON STDERR @ 2025-07-04 15:40:23.832731]
2025-07-04 15:40:23,195 - ERROR - [Polygon] Error fetching SPX: 'v'
2025-07-04 15:40:23,507 - ERROR - [Polygon] Error fetching NDX: 'v'
2025-07-04 15:40:23,813 - ERROR - [Polygon] Error fetching RUT: 'v'


[FMP STDERR @ 2025-07-04 15:40:27.112530]
2025-07-04 15:40:24,195 - INFO - Database tables created successfully
2025-07-04 15:40:24,195 - INFO - Database initialization completed
2025-07-04 15:40:24,195 - INFO - MacroIntel Data Store initialized with SQLAlchemy ORM
2025-07-04 15:40:24,195 - INFO - \u2705 Data store module imported successfully
2025-07-04 15:40:25,083 - INFO - Inserted economic event with ID: 3588
2025-07-04 15:40:25,087 - INFO - Inserted economic event with ID: 3589
2025-07-04 15:40:25,089 - INFO - Inserted economic event with ID: 3590
2025-07-04 15:40:25,093 - INFO - Inserted economic event with ID: 3591
2025-07-04 15:40:25,096 - INFO - Inserted economic event with ID: 3592
2025-07-04 15:40:25,098 - INFO - Inserted economic event with ID: 3593
2025-07-04 15:40:25,101 - INFO - Inserted economic event with ID: 3594
2025-07-04 15:40:25,103 - INFO - Inserted economic event with ID: 3595
2025-07-04 15:40:25,106 - INFO - Inserted economic event with ID: 3596
2025-07-04 15:40:25,108 - INFO - Inserted economic event with ID: 3597
2025-07-04 15:40:25,112 - INFO - Inserted economic event with ID: 3598
2025-07-04 15:40:25,115 - INFO - Inserted economic event with ID: 3599
2025-07-04 15:40:25,118 - INFO - Inserted economic event with ID: 3600
2025-07-04 15:40:25,121 - INFO - Inserted economic event with ID: 3601
2025-07-04 15:40:25,123 - INFO - Inserted economic event with ID: 3602
2025-07-04 15:40:25,127 - INFO - Inserted economic event with ID: 3603
2025-07-04 15:40:25,129 - INFO - Inserted economic event with ID: 3604
2025-07-04 15:40:25,132 - INFO - Inserted economic event with ID: 3605
2025-07-04 15:40:25,136 - INFO - Inserted economic event with ID: 3606
2025-07-04 15:40:25,139 - INFO - Inserted economic event with ID: 3607
2025-07-04 15:40:25,142 - INFO - Inserted economic event with ID: 3608
2025-07-04 15:40:25,144 - INFO - Inserted economic event with ID: 3609
2025-07-04 15:40:25,147 - INFO - Inserted economic event with ID: 3610
2025-07-04 15:40:25,151 - INFO - Inserted economic event with ID: 3611
2025-07-04 15:40:25,154 - INFO - Inserted economic event with ID: 3612
2025-07-04 15:40:25,156 - INFO - Inserted economic event with ID: 3613
2025-07-04 15:40:25,159 - INFO - Inserted economic event with ID: 3614
2025-07-04 15:40:25,162 - INFO - Inserted economic event with ID: 3615
2025-07-04 15:40:25,165 - INFO - Inserted economic event with ID: 3616
2025-07-04 15:40:25,168 - INFO - Inserted economic event with ID: 3617
2025-07-04 15:40:25,171 - INFO - Inserted economic event with ID: 3618
2025-07-04 15:40:25,174 - INFO - Inserted economic event with ID: 3619
2025-07-04 15:40:25,178 - INFO - Inserted economic event with ID: 3620
2025-07-04 15:40:25,181 - INFO - Inserted economic event with ID: 3621
2025-07-04 15:40:25,184 - INFO - Inserted economic event with ID: 3622
2025-07-04 15:40:25,187 - INFO - Inserted economic event with ID: 3623
2025-07-04 15:40:25,190 - INFO - Inserted economic event with ID: 3624
2025-07-04 15:40:25,193 - INFO - Inserted economic event with ID: 3625
2025-07-04 15:40:25,196 - INFO - Inserted economic event with ID: 3626
2025-07-04 15:40:25,198 - INFO - Inserted economic event with ID: 3627
2025-07-04 15:40:25,201 - INFO - Inserted economic event with ID: 3628
2025-07-04 15:40:25,204 - INFO - Inserted economic event with ID: 3629
2025-07-04 15:40:25,207 - INFO - Inserted economic event with ID: 3630
2025-07-04 15:40:25,210 - INFO - Inserted economic event with ID: 3631
2025-07-04 15:40:25,213 - INFO - Inserted economic event with ID: 3632
2025-07-04 15:40:25,217 - INFO - Inserted economic event with ID: 3633
2025-07-04 15:40:25,220 - INFO - Inserted economic event with ID: 3634
2025-07-04 15:40:25,222 - INFO - Inserted economic event with ID: 3635
2025-07-04 15:40:25,225 - INFO - Inserted economic event with ID: 3636
2025-07-04 15:40:25,228 - INFO - Inserted economic event with ID: 3637
2025-07-04 15:40:25,231 - INFO - Inserted economic event with ID: 3638
2025-07-04 15:40:25,234 - INFO - Inserted economic event with ID: 3639
2025-07-04 15:40:25,237 - INFO - Inserted economic event with ID: 3640
2025-07-04 15:40:25,240 - INFO - Inserted economic event with ID: 3641
2025-07-04 15:40:25,243 - INFO - Inserted economic event with ID: 3642
2025-07-04 15:40:25,246 - INFO - Inserted economic event with ID: 3643
2025-07-04 15:40:25,249 - INFO - Inserted economic event with ID: 3644
2025-07-04 15:40:25,252 - INFO - Inserted economic event with ID: 3645
2025-07-04 15:40:25,255 - INFO - Inserted economic event with ID: 3646
2025-07-04 15:40:25,257 - INFO - Inserted economic event with ID: 3647
2025-07-04 15:40:25,260 - INFO - Inserted economic event with ID: 3648
2025-07-04 15:40:25,263 - INFO - Inserted economic event with ID: 3649
2025-07-04 15:40:25,266 - INFO - Inserted economic event with ID: 3650
2025-07-04 15:40:25,269 - INFO - Inserted economic event with ID: 3651
2025-07-04 15:40:25,271 - INFO - Inserted economic event with ID: 3652
2025-07-04 15:40:25,274 - INFO - Inserted economic event with ID: 3653
2025-07-04 15:40:25,277 - INFO - Inserted economic event with ID: 3654
2025-07-04 15:40:25,281 - INFO - Inserted economic event with ID: 3655
2025-07-04 15:40:25,284 - INFO - Inserted economic event with ID: 3656
2025-07-04 15:40:25,287 - INFO - Inserted economic event with ID: 3657
2025-07-04 15:40:25,289 - INFO - Inserted economic event with ID: 3658
2025-07-04 15:40:25,292 - INFO - Inserted economic event with ID: 3659
2025-07-04 15:40:25,295 - INFO - Inserted economic event with ID: 3660
2025-07-04 15:40:25,298 - INFO - Inserted economic event with ID: 3661
2025-07-04 15:40:25,300 - INFO - Inserted economic event with ID: 3662
2025-07-04 15:40:25,304 - INFO - Inserted economic event with ID: 3663
2025-07-04 15:40:25,306 - INFO - Inserted economic event with ID: 3664
2025-07-04 15:40:25,310 - INFO - Inserted economic event with ID: 3665
2025-07-04 15:40:25,312 - INFO - Inserted economic event with ID: 3666
2025-07-04 15:40:25,314 - INFO - Inserted economic event with ID: 3667
2025-07-04 15:40:25,318 - INFO - Inserted economic event with ID: 3668
2025-07-04 15:40:25,321 - INFO - Inserted economic event with ID: 3669
2025-07-04 15:40:25,323 - INFO - Inserted economic event with ID: 3670
2025-07-04 15:40:25,326 - INFO - Inserted economic event with ID: 3671
2025-07-04 15:40:25,329 - INFO - Inserted economic event with ID: 3672
2025-07-04 15:40:25,332 - INFO - Inserted economic event with ID: 3673
2025-07-04 15:40:25,335 - INFO - Inserted economic event with ID: 3674
2025-07-04 15:40:25,337 - INFO - Inserted economic event with ID: 3675
2025-07-04 15:40:25,339 - INFO - Inserted economic event with ID: 3676
2025-07-04 15:40:25,342 - INFO - Inserted economic event with ID: 3677
2025-07-04 15:40:25,345 - INFO - Inserted economic event with ID: 3678
2025-07-04 15:40:25,347 - INFO - Inserted economic event with ID: 3679
2025-07-04 15:40:25,351 - INFO - Inserted economic event with ID: 3680
2025-07-04 15:40:25,354 - INFO - Inserted economic event with ID: 3681
2025-07-04 15:40:25,356 - INFO - Inserted economic event with ID: 3682
2025-07-04 15:40:25,359 - INFO - Inserted economic event with ID: 3683
2025-07-04 15:40:25,361 - INFO - Inserted economic event with ID: 3684
2025-07-04 15:40:25,364 - INFO - Inserted economic event with ID: 3685
2025-07-04 15:40:25,367 - INFO - Inserted economic event with ID: 3686
2025-07-04 15:40:25,369 - INFO - Inserted economic event with ID: 3687
2025-07-04 15:40:25,372 - INFO - Inserted economic event with ID: 3688
2025-07-04 15:40:25,375 - INFO - Inserted economic event with ID: 3689
2025-07-04 15:40:25,378 - INFO - Inserted economic event with ID: 3690
2025-07-04 15:40:25,381 - INFO - Inserted economic event with ID: 3691
2025-07-04 15:40:25,383 - INFO - Inserted economic event with ID: 3692
2025-07-04 15:40:25,386 - INFO - Inserted economic event with ID: 3693
2025-07-04 15:40:25,388 - INFO - Inserted economic event with ID: 3694
2025-07-04 15:40:25,391 - INFO - Inserted economic event with ID: 3695
2025-07-04 15:40:25,395 - INFO - Inserted economic event with ID: 3696
2025-07-04 15:40:25,397 - INFO - Inserted economic event with ID: 3697
2025-07-04 15:40:25,400 - INFO - Inserted economic event with ID: 3698
2025-07-04 15:40:25,403 - INFO - Inserted economic event with ID: 3699
2025-07-04 15:40:25,406 - INFO - Inserted economic event with ID: 3700
2025-07-04 15:40:25,409 - INFO - Inserted economic event with ID: 3701
2025-07-04 15:40:25,412 - INFO - Inserted economic event with ID: 3702
2025-07-04 15:40:25,415 - INFO - Inserted economic event with ID: 3703
2025-07-04 15:40:25,418 - INFO - Inserted economic event with ID: 3704
2025-07-04 15:40:25,420 - INFO - Inserted economic event with ID: 3705
2025-07-04 15:40:25,424 - INFO - Inserted economic event with ID: 3706
2025-07-04 15:40:25,426 - INFO - Inserted economic event with ID: 3707
2025-07-04 15:40:25,429 - INFO - Inserted economic event with ID: 3708
2025-07-04 15:40:25,432 - INFO - Inserted economic event with ID: 3709
2025-07-04 15:40:25,434 - INFO - Inserted economic event with ID: 3710
2025-07-04 15:40:25,438 - INFO - Inserted economic event with ID: 3711
2025-07-04 15:40:25,440 - INFO - Inserted economic event with ID: 3712
2025-07-04 15:40:25,443 - INFO - Inserted economic event with ID: 3713
2025-07-04 15:40:25,445 - INFO - Inserted economic event with ID: 3714
2025-07-04 15:40:25,448 - INFO - Inserted economic event with ID: 3715
2025-07-04 15:40:25,451 - INFO - Inserted economic event with ID: 3716
2025-07-04 15:40:25,454 - INFO - Inserted economic event with ID: 3717
2025-07-04 15:40:25,456 - INFO - Inserted economic event with ID: 3718
2025-07-04 15:40:25,459 - INFO - Inserted economic event with ID: 3719
2025-07-04 15:40:25,462 - INFO - Inserted economic event with ID: 3720
2025-07-04 15:40:25,464 - INFO - Inserted economic event with ID: 3721
2025-07-04 15:40:25,468 - INFO - Inserted economic event with ID: 3722
2025-07-04 15:40:25,470 - INFO - Inserted economic event with ID: 3723
2025-07-04 15:40:25,472 - INFO - Inserted economic event with ID: 3724
2025-07-04 15:40:25,476 - INFO - Inserted economic event with ID: 3725
2025-07-04 15:40:25,478 - INFO - Inserted economic event with ID: 3726
2025-07-04 15:40:25,481 - INFO - Inserted economic event with ID: 3727
2025-07-04 15:40:25,483 - INFO - Inserted economic event with ID: 3728
2025-07-04 15:40:25,486 - INFO - Inserted economic event with ID: 3729
2025-07-04 15:40:25,489 - INFO - Inserted economic event with ID: 3730
2025-07-04 15:40:25,492 - INFO - Inserted economic event with ID: 3731
2025-07-04 15:40:25,494 - INFO - Inserted economic event with ID: 3732
2025-07-04 15:40:25,496 - INFO - Inserted economic event with ID: 3733
2025-07-04 15:40:25,500 - INFO - Inserted economic event with ID: 3734
2025-07-04 15:40:25,501 - INFO - Inserted economic event with ID: 3735
2025-07-04 15:40:25,505 - INFO - Inserted economic event with ID: 3736
2025-07-04 15:40:25,507 - INFO - Inserted economic event with ID: 3737
2025-07-04 15:40:25,509 - INFO - Inserted economic event with ID: 3738
2025-07-04 15:40:25,512 - INFO - Inserted economic event with ID: 3739
2025-07-04 15:40:25,515 - INFO - Inserted economic event with ID: 3740
2025-07-04 15:40:25,518 - INFO - Inserted economic event with ID: 3741
2025-07-04 15:40:25,520 - INFO - Inserted economic event with ID: 3742
2025-07-04 15:40:25,523 - INFO - Inserted economic event with ID: 3743
2025-07-04 15:40:25,525 - INFO - Inserted economic event with ID: 3744
2025-07-04 15:40:25,529 - INFO - Inserted economic event with ID: 3745
2025-07-04 15:40:25,532 - INFO - Inserted economic event with ID: 3746
2025-07-04 15:40:25,534 - INFO - Inserted economic event with ID: 3747
2025-07-04 15:40:25,537 - INFO - Inserted economic event with ID: 3748
2025-07-04 15:40:25,540 - INFO - Inserted economic event with ID: 3749
2025-07-04 15:40:25,542 - INFO - Inserted economic event with ID: 3750
2025-07-04 15:40:25,545 - INFO - Inserted economic event with ID: 3751
2025-07-04 15:40:25,547 - INFO - Inserted economic event with ID: 3752
2025-07-04 15:40:25,550 - INFO - Inserted economic event with ID: 3753
2025-07-04 15:40:25,553 - INFO - Inserted economic event with ID: 3754
2025-07-04 15:40:25,556 - INFO - Inserted economic event with ID: 3755
2025-07-04 15:40:25,558 - INFO - Inserted economic event with ID: 3756
2025-07-04 15:40:25,561 - INFO - Inserted economic event with ID: 3757
2025-07-04 15:40:25,563 - INFO - Inserted economic event with ID: 3758
2025-07-04 15:40:25,566 - INFO - Inserted economic event with ID: 3759
2025-07-04 15:40:25,569 - INFO - Inserted economic event with ID: 3760
2025-07-04 15:40:25,572 - INFO - Inserted economic event with ID: 3761
2025-07-04 15:40:25,574 - INFO - Inserted economic event with ID: 3762
2025-07-04 15:40:25,577 - INFO - Inserted economic event with ID: 3763
2025-07-04 15:40:25,580 - INFO - Inserted economic event with ID: 3764
2025-07-04 15:40:25,582 - INFO - Inserted economic event with ID: 3765
2025-07-04 15:40:25,585 - INFO - Inserted economic event with ID: 3766
2025-07-04 15:40:25,587 - INFO - Inserted economic event with ID: 3767
2025-07-04 15:40:25,589 - INFO - Inserted economic event with ID: 3768
2025-07-04 15:40:25,592 - INFO - Inserted economic event with ID: 3769
2025-07-04 15:40:25,595 - INFO - Inserted economic event with ID: 3770
2025-07-04 15:40:25,598 - INFO - Inserted economic event with ID: 3771
2025-07-04 15:40:25,600 - INFO - Inserted economic event with ID: 3772
2025-07-04 15:40:25,603 - INFO - Inserted economic event with ID: 3773
2025-07-04 15:40:25,605 - INFO - Inserted economic event with ID: 3774
2025-07-04 15:40:25,608 - INFO - Inserted economic event with ID: 3775
2025-07-04 15:40:25,611 - INFO - Inserted economic event with ID: 3776
2025-07-04 15:40:25,613 - INFO - Inserted economic event with ID: 3777
2025-07-04 15:40:25,616 - INFO - Inserted economic event with ID: 3778
2025-07-04 15:40:25,618 - INFO - Inserted economic event with ID: 3779
2025-07-04 15:40:25,621 - INFO - Inserted economic event with ID: 3780
2025-07-04 15:40:25,624 - INFO - Inserted economic event with ID: 3781
2025-07-04 15:40:25,626 - INFO - Inserted economic event with ID: 3782
2025-07-04 15:40:25,630 - INFO - Inserted economic event with ID: 3783
2025-07-04 15:40:25,633 - INFO - Inserted economic event with ID: 3784
2025-07-04 15:40:25,635 - INFO - Inserted economic event with ID: 3785
2025-07-04 15:40:25,638 - INFO - Inserted economic event with ID: 3786
2025-07-04 15:40:25,641 - INFO - Inserted economic event with ID: 3787
2025-07-04 15:40:25,643 - INFO - Inserted economic event with ID: 3788
2025-07-04 15:40:25,646 - INFO - Inserted economic event with ID: 3789
2025-07-04 15:40:25,648 - INFO - Inserted economic event with ID: 3790
2025-07-04 15:40:25,651 - INFO - Inserted economic event with ID: 3791
2025-07-04 15:40:25,654 - INFO - Inserted economic event with ID: 3792
2025-07-04 15:40:25,657 - INFO - Inserted economic event with ID: 3793
2025-07-04 15:40:25,659 - INFO - Inserted economic event with ID: 3794
2025-07-04 15:40:25,662 - INFO - Inserted economic event with ID: 3795
2025-07-04 15:40:25,665 - INFO - Inserted economic event with ID: 3796
2025-07-04 15:40:25,668 - INFO - Inserted economic event with ID: 3797
2025-07-04 15:40:25,670 - INFO - Inserted economic event with ID: 3798
2025-07-04 15:40:25,673 - INFO - Inserted economic event with ID: 3799
2025-07-04 15:40:25,676 - INFO - Inserted economic event with ID: 3800
2025-07-04 15:40:25,678 - INFO - Inserted economic event with ID: 3801
2025-07-04 15:40:25,681 - INFO - Inserted economic event with ID: 3802
2025-07-04 15:40:25,684 - INFO - Inserted economic event with ID: 3803
2025-07-04 15:40:25,688 - INFO - Inserted economic event with ID: 3804
2025-07-04 15:40:25,690 - INFO - Inserted economic event with ID: 3805
2025-07-04 15:40:25,694 - INFO - Inserted economic event with ID: 3806
2025-07-04 15:40:25,698 - INFO - Inserted economic event with ID: 3807
2025-07-04 15:40:25,700 - INFO - Inserted economic event with ID: 3808
2025-07-04 15:40:25,704 - INFO - Inserted economic event with ID: 3809
2025-07-04 15:40:25,706 - INFO - Inserted economic event with ID: 3810
2025-07-04 15:40:25,709 - INFO - Inserted economic event with ID: 3811
2025-07-04 15:40:25,712 - INFO - Inserted economic event with ID: 3812
2025-07-04 15:40:25,714 - INFO - Inserted economic event with ID: 3813
2025-07-04 15:40:25,717 - INFO - Inserted economic event with ID: 3814
2025-07-04 15:40:25,721 - INFO - Inserted economic event with ID: 3815
2025-07-04 15:40:25,723 - INFO - Inserted economic event with ID: 3816
2025-07-04 15:40:25,726 - INFO - Inserted economic event with ID: 3817
2025-07-04 15:40:25,728 - INFO - Inserted economic event with ID: 3818
2025-07-04 15:40:25,732 - INFO - Inserted economic event with ID: 3819
2025-07-04 15:40:25,734 - INFO - Inserted economic event with ID: 3820
2025-07-04 15:40:25,737 - INFO - Inserted economic event with ID: 3821
2025-07-04 15:40:25,740 - INFO - Inserted economic event with ID: 3822
2025-07-04 15:40:25,743 - INFO - Inserted economic event with ID: 3823
2025-07-04 15:40:25,746 - INFO - Inserted economic event with ID: 3824
2025-07-04 15:40:25,749 - INFO - Inserted economic event with ID: 3825
2025-07-04 15:40:25,751 - INFO - Inserted economic event with ID: 3826
2025-07-04 15:40:25,755 - INFO - Inserted economic event with ID: 3827
2025-07-04 15:40:25,757 - INFO - Inserted economic event with ID: 3828
2025-07-04 15:40:25,760 - INFO - Inserted economic event with ID: 3829
2025-07-04 15:40:25,763 - INFO - Inserted economic event with ID: 3830
2025-07-04 15:40:25,766 - INFO - Inserted economic event with ID: 3831
2025-07-04 15:40:25,769 - INFO - Inserted economic event with ID: 3832
2025-07-04 15:40:25,771 - INFO - Inserted economic event with ID: 3833
2025-07-04 15:40:25,773 - INFO - Inserted economic event with ID: 3834
2025-07-04 15:40:25,777 - INFO - Inserted economic event with ID: 3835
2025-07-04 15:40:25,779 - INFO - Inserted economic event with ID: 3836
2025-07-04 15:40:25,782 - INFO - Inserted economic event with ID: 3837
2025-07-04 15:40:25,785 - INFO - Inserted economic event with ID: 3838
2025-07-04 15:40:25,788 - INFO - Inserted economic event with ID: 3839
2025-07-04 15:40:25,790 - INFO - Inserted economic event with ID: 3840
2025-07-04 15:40:25,792 - INFO - Inserted economic event with ID: 3841
2025-07-04 15:40:25,795 - INFO - Inserted economic event with ID: 3842
2025-07-04 15:40:25,798 - INFO - Inserted economic event with ID: 3843
2025-07-04 15:40:25,801 - INFO - Inserted economic event with ID: 3844
2025-07-04 15:40:25,803 - INFO - Inserted economic event with ID: 3845
2025-07-04 15:40:25,807 - INFO - Inserted economic event with ID: 3846
2025-07-04 15:40:25,810 - INFO - Inserted economic event with ID: 3847
2025-07-04 15:40:25,812 - INFO - Inserted economic event with ID: 3848
2025-07-04 15:40:25,815 - INFO - Inserted economic event with ID: 3849
2025-07-04 15:40:25,818 - INFO - Inserted economic event with ID: 3850
2025-07-04 15:40:25,820 - INFO - Inserted economic event with ID: 3851
2025-07-04 15:40:25,824 - INFO - Inserted economic event with ID: 3852
2025-07-04 15:40:25,827 - INFO - Inserted economic event with ID: 3853
2025-07-04 15:40:25,829 - INFO - Inserted economic event with ID: 3854
2025-07-04 15:40:25,832 - INFO - Inserted economic event with ID: 3855
2025-07-04 15:40:25,835 - INFO - Inserted economic event with ID: 3856
2025-07-04 15:40:25,837 - INFO - Inserted economic event with ID: 3857
2025-07-04 15:40:25,840 - INFO - Inserted economic event with ID: 3858
2025-07-04 15:40:25,843 - INFO - Inserted economic event with ID: 3859
2025-07-04 15:40:25,845 - INFO - Inserted economic event with ID: 3860
2025-07-04 15:40:25,848 - INFO - Inserted economic event with ID: 3861
2025-07-04 15:40:25,851 - INFO - Inserted economic event with ID: 3862
2025-07-04 15:40:25,854 - INFO - Inserted economic event with ID: 3863
2025-07-04 15:40:25,857 - INFO - Inserted economic event with ID: 3864
2025-07-04 15:40:25,860 - INFO - Inserted economic event with ID: 3865
2025-07-04 15:40:25,863 - INFO - Inserted economic event with ID: 3866
2025-07-04 15:40:25,866 - INFO - Inserted economic event with ID: 3867
2025-07-04 15:40:25,868 - INFO - Inserted economic event with ID: 3868
2025-07-04 15:40:25,872 - INFO - Inserted economic event with ID: 3869
2025-07-04 15:40:25,875 - INFO - Inserted economic event with ID: 3870
2025-07-04 15:40:25,878 - INFO - Inserted economic event with ID: 3871
2025-07-04 15:40:25,881 - INFO - Inserted economic event with ID: 3872
2025-07-04 15:40:25,884 - INFO - Inserted economic event with ID: 3873
2025-07-04 15:40:25,886 - INFO - Inserted economic event with ID: 3874
2025-07-04 15:40:25,889 - INFO - Inserted economic event with ID: 3875
2025-07-04 15:40:25,892 - INFO - Inserted economic event with ID: 3876
2025-07-04 15:40:25,894 - INFO - Inserted economic event with ID: 3877
2025-07-04 15:40:25,897 - INFO - Inserted economic event with ID: 3878
2025-07-04 15:40:25,900 - INFO - Inserted economic event with ID: 3879
2025-07-04 15:40:25,902 - INFO - Inserted economic event with ID: 3880
2025-07-04 15:40:25,905 - INFO - Inserted economic event with ID: 3881
2025-07-04 15:40:25,908 - INFO - Inserted economic event with ID: 3882
2025-07-04 15:40:25,910 - INFO - Inserted economic event with ID: 3883
2025-07-04 15:40:25,913 - INFO - Inserted economic event with ID: 3884
2025-07-04 15:40:25,916 - INFO - Inserted economic event with ID: 3885
2025-07-04 15:40:25,918 - INFO - Inserted economic event with ID: 3886
2025-07-04 15:40:25,921 - INFO - Inserted economic event with ID: 3887
2025-07-04 15:40:25,924 - INFO - Inserted economic event with ID: 3888
2025-07-04 15:40:25,926 - INFO - Inserted economic event with ID: 3889
2025-07-04 15:40:25,929 - INFO - Inserted economic event with ID: 3890
2025-07-04 15:40:25,932 - INFO - Inserted economic event with ID: 3891
2025-07-04 15:40:25,936 - INFO - Inserted economic event with ID: 3892
2025-07-04 15:40:25,938 - INFO - Inserted economic event with ID: 3893
2025-07-04 15:40:25,941 - INFO - Inserted economic event with ID: 3894
2025-07-04 15:40:25,944 - INFO - Inserted economic event with ID: 3895
2025-07-04 15:40:25,947 - INFO - Inserted economic event with ID: 3896
2025-07-04 15:40:25,949 - INFO - Inserted economic event with ID: 3897
2025-07-04 15:40:25,953 - INFO - Inserted economic event with ID: 3898
2025-07-04 15:40:25,955 - INFO - Inserted economic event with ID: 3899
2025-07-04 15:40:25,958 - INFO - Inserted economic event with ID: 3900
2025-07-04 15:40:25,961 - INFO - Inserted economic event with ID: 3901
2025-07-04 15:40:25,963 - INFO - Inserted economic event with ID: 3902
2025-07-04 15:40:25,966 - INFO - Inserted economic event with ID: 3903
2025-07-04 15:40:25,969 - INFO - Inserted economic event with ID: 3904
2025-07-04 15:40:25,972 - INFO - Inserted economic event with ID: 3905
2025-07-04 15:40:25,974 - INFO - Inserted economic event with ID: 3906
2025-07-04 15:40:25,977 - INFO - Inserted economic event with ID: 3907
2025-07-04 15:40:25,979 - INFO - Inserted economic event with ID: 3908
2025-07-04 15:40:25,982 - INFO - Inserted economic event with ID: 3909
2025-07-04 15:40:25,984 - INFO - Inserted economic event with ID: 3910
2025-07-04 15:40:25,987 - INFO - Inserted economic event with ID: 3911
2025-07-04 15:40:25,990 - INFO - Inserted economic event with ID: 3912
2025-07-04 15:40:25,992 - INFO - Inserted economic event with ID: 3913
2025-07-04 15:40:25,995 - INFO - Inserted economic event with ID: 3914
2025-07-04 15:40:25,998 - INFO - Inserted economic event with ID: 3915
2025-07-04 15:40:26,000 - INFO - Inserted economic event with ID: 3916
2025-07-04 15:40:26,003 - INFO - Inserted economic event with ID: 3917
2025-07-04 15:40:26,006 - INFO - Inserted economic event with ID: 3918
2025-07-04 15:40:26,009 - INFO - Inserted economic event with ID: 3919
2025-07-04 15:40:26,011 - INFO - Inserted economic event with ID: 3920
2025-07-04 15:40:26,014 - INFO - Inserted economic event with ID: 3921
2025-07-04 15:40:26,017 - INFO - Inserted economic event with ID: 3922
2025-07-04 15:40:26,020 - INFO - Inserted economic event with ID: 3923
2025-07-04 15:40:26,023 - INFO - Inserted economic event with ID: 3924
2025-07-04 15:40:26,025 - INFO - Inserted economic event with ID: 3925
2025-07-04 15:40:26,028 - INFO - Inserted economic event with ID: 3926
2025-07-04 15:40:26,030 - INFO - Inserted economic event with ID: 3927
2025-07-04 15:40:26,033 - INFO - Inserted economic event with ID: 3928
2025-07-04 15:40:26,035 - INFO - Inserted economic event with ID: 3929
2025-07-04 15:40:26,039 - INFO - Inserted economic event with ID: 3930
2025-07-04 15:40:26,041 - INFO - Inserted economic event with ID: 3931
2025-07-04 15:40:26,043 - INFO - Inserted economic event with ID: 3932
2025-07-04 15:40:26,046 - INFO - Inserted economic event with ID: 3933
2025-07-04 15:40:26,049 - INFO - Inserted economic event with ID: 3934
2025-07-04 15:40:26,052 - INFO - Inserted economic event with ID: 3935
2025-07-04 15:40:26,054 - INFO - Inserted economic event with ID: 3936
2025-07-04 15:40:26,058 - INFO - Inserted economic event with ID: 3937
2025-07-04 15:40:26,060 - INFO - Inserted economic event with ID: 3938
2025-07-04 15:40:26,063 - INFO - Inserted economic event with ID: 3939
2025-07-04 15:40:26,066 - INFO - Inserted economic event with ID: 3940
2025-07-04 15:40:26,068 - INFO - Inserted economic event with ID: 3941
2025-07-04 15:40:26,071 - INFO - Inserted economic event with ID: 3942
2025-07-04 15:40:26,073 - INFO - Inserted economic event with ID: 3943
2025-07-04 15:40:26,076 - INFO - Inserted economic event with ID: 3944
2025-07-04 15:40:26,079 - INFO - Inserted economic event with ID: 3945
2025-07-04 15:40:26,082 - INFO - Inserted economic event with ID: 3946
2025-07-04 15:40:26,084 - INFO - Inserted economic event with ID: 3947
2025-07-04 15:40:26,086 - INFO - Inserted economic event with ID: 3948
2025-07-04 15:40:26,089 - INFO - Inserted economic event with ID: 3949
2025-07-04 15:40:26,092 - INFO - Inserted economic event with ID: 3950
2025-07-04 15:40:26,094 - INFO - Inserted economic event with ID: 3951
2025-07-04 15:40:26,097 - INFO - Inserted economic event with ID: 3952
2025-07-04 15:40:26,100 - INFO - Inserted economic event with ID: 3953
2025-07-04 15:40:26,102 - INFO - Inserted economic event with ID: 3954
2025-07-04 15:40:26,105 - INFO - Inserted economic event with ID: 3955
2025-07-04 15:40:26,108 - INFO - Inserted economic event with ID: 3956
2025-07-04 15:40:26,111 - INFO - Inserted economic event with ID: 3957
2025-07-04 15:40:26,113 - INFO - Inserted economic event with ID: 3958
2025-07-04 15:40:26,116 - INFO - Inserted economic event with ID: 3959
2025-07-04 15:40:26,118 - INFO - Inserted economic event with ID: 3960
2025-07-04 15:40:26,121 - INFO - Inserted economic event with ID: 3961
2025-07-04 15:40:26,124 - INFO - Inserted economic event with ID: 3962
2025-07-04 15:40:26,126 - INFO - Inserted economic event with ID: 3963
2025-07-04 15:40:26,129 - INFO - Inserted economic event with ID: 3964
2025-07-04 15:40:26,131 - INFO - Inserted economic event with ID: 3965
2025-07-04 15:40:26,134 - INFO - Inserted economic event with ID: 3966
2025-07-04 15:40:26,137 - INFO - Inserted economic event with ID: 3967
2025-07-04 15:40:26,140 - INFO - Inserted economic event with ID: 3968
2025-07-04 15:40:26,143 - INFO - Inserted economic event with ID: 3969
2025-07-04 15:40:26,146 - INFO - Inserted economic event with ID: 3970
2025-07-04 15:40:26,148 - INFO - Inserted economic event with ID: 3971
2025-07-04 15:40:26,150 - INFO - Inserted economic event with ID: 3972
2025-07-04 15:40:26,153 - INFO - Inserted economic event with ID: 3973
2025-07-04 15:40:26,155 - INFO - Inserted economic event with ID: 3974
2025-07-04 15:40:26,159 - INFO - Inserted economic event with ID: 3975
2025-07-04 15:40:26,161 - INFO - Inserted economic event with ID: 3976
2025-07-04 15:40:26,164 - INFO - Inserted economic event with ID: 3977
2025-07-04 15:40:26,167 - INFO - Inserted economic event with ID: 3978
2025-07-04 15:40:26,170 - INFO - Inserted economic event with ID: 3979
2025-07-04 15:40:26,172 - INFO - Inserted economic event with ID: 3980
2025-07-04 15:40:26,175 - INFO - Inserted economic event with ID: 3981
2025-07-04 15:40:26,178 - INFO - Inserted economic event with ID: 3982
2025-07-04 15:40:26,181 - INFO - Inserted economic event with ID: 3983
2025-07-04 15:40:26,184 - INFO - Inserted economic event with ID: 3984
2025-07-04 15:40:26,186 - INFO - Inserted economic event with ID: 3985
2025-07-04 15:40:26,189 - INFO - Inserted economic event with ID: 3986
2025-07-04 15:40:26,191 - INFO - Inserted economic event with ID: 3987
2025-07-04 15:40:26,194 - INFO - Inserted economic event with ID: 3988
2025-07-04 15:40:26,197 - INFO - Inserted economic event with ID: 3989
2025-07-04 15:40:26,199 - INFO - Inserted economic event with ID: 3990
2025-07-04 15:40:26,202 - INFO - Inserted economic event with ID: 3991
2025-07-04 15:40:26,205 - INFO - Inserted economic event with ID: 3992
2025-07-04 15:40:26,208 - INFO - Inserted economic event with ID: 3993
2025-07-04 15:40:26,210 - INFO - Inserted economic event with ID: 3994
2025-07-04 15:40:26,213 - INFO - Inserted economic event with ID: 3995
2025-07-04 15:40:26,216 - INFO - Inserted economic event with ID: 3996
2025-07-04 15:40:26,219 - INFO - Inserted economic event with ID: 3997
2025-07-04 15:40:26,221 - INFO - Inserted economic event with ID: 3998
2025-07-04 15:40:26,225 - INFO - Inserted economic event with ID: 3999
2025-07-04 15:40:26,227 - INFO - Inserted economic event with ID: 4000
2025-07-04 15:40:26,232 - INFO - Inserted economic event with ID: 4001
2025-07-04 15:40:26,235 - INFO - Inserted economic event with ID: 4002
2025-07-04 15:40:26,237 - INFO - Inserted economic event with ID: 4003
2025-07-04 15:40:26,240 - INFO - Inserted economic event with ID: 4004
2025-07-04 15:40:26,243 - INFO - Inserted economic event with ID: 4005
2025-07-04 15:40:26,246 - INFO - Inserted economic event with ID: 4006
2025-07-04 15:40:26,249 - INFO - Inserted economic event with ID: 4007
2025-07-04 15:40:26,252 - INFO - Inserted economic event with ID: 4008
2025-07-04 15:40:26,255 - INFO - Inserted economic event with ID: 4009
2025-07-04 15:40:26,258 - INFO - Inserted economic event with ID: 4010
2025-07-04 15:40:26,261 - INFO - Inserted economic event with ID: 4011
2025-07-04 15:40:26,264 - INFO - Inserted economic event with ID: 4012
2025-07-04 15:40:26,267 - INFO - Inserted economic event with ID: 4013
2025-07-04 15:40:26,269 - INFO - Inserted economic event with ID: 4014
2025-07-04 15:40:26,272 - INFO - Inserted economic event with ID: 4015
2025-07-04 15:40:26,275 - INFO - Inserted economic event with ID: 4016
2025-07-04 15:40:26,278 - INFO - Inserted economic event with ID: 4017
2025-07-04 15:40:26,280 - INFO - Inserted economic event with ID: 4018
2025-07-04 15:40:26,283 - INFO - Inserted economic event with ID: 4019
2025-07-04 15:40:26,286 - INFO - Inserted economic event with ID: 4020
2025-07-04 15:40:26,288 - INFO - Inserted economic event with ID: 4021
2025-07-04 15:40:26,291 - INFO - Inserted economic event with ID: 4022
2025-07-04 15:40:26,293 - INFO - Inserted economic event with ID: 4023
2025-07-04 15:40:26,296 - INFO - Inserted economic event with ID: 4024
2025-07-04 15:40:26,299 - INFO - Inserted economic event with ID: 4025
2025-07-04 15:40:26,302 - INFO - Inserted economic event with ID: 4026
2025-07-04 15:40:26,305 - INFO - Inserted economic event with ID: 4027
2025-07-04 15:40:26,308 - INFO - Inserted economic event with ID: 4028
2025-07-04 15:40:26,310 - INFO - Inserted economic event with ID: 4029
2025-07-04 15:40:26,313 - INFO - Inserted economic event with ID: 4030
2025-07-04 15:40:26,316 - INFO - Inserted economic event with ID: 4031
2025-07-04 15:40:26,318 - INFO - Inserted economic event with ID: 4032
2025-07-04 15:40:26,320 - INFO - Inserted economic event with ID: 4033
2025-07-04 15:40:26,323 - INFO - Inserted economic event with ID: 4034
2025-07-04 15:40:26,326 - INFO - Inserted economic event with ID: 4035
2025-07-04 15:40:26,329 - INFO - Inserted economic event with ID: 4036
2025-07-04 15:40:26,331 - INFO - Inserted economic event with ID: 4037
2025-07-04 15:40:26,334 - INFO - Inserted economic event with ID: 4038
2025-07-04 15:40:26,337 - INFO - Inserted economic event with ID: 4039
2025-07-04 15:40:26,340 - INFO - Inserted economic event with ID: 4040
2025-07-04 15:40:26,342 - INFO - Inserted economic event with ID: 4041
2025-07-04 15:40:26,346 - INFO - Inserted economic event with ID: 4042
2025-07-04 15:40:26,348 - INFO - Inserted economic event with ID: 4043
2025-07-04 15:40:26,351 - INFO - Inserted economic event with ID: 4044
2025-07-04 15:40:26,354 - INFO - Inserted economic event with ID: 4045
2025-07-04 15:40:26,357 - INFO - Inserted economic event with ID: 4046
2025-07-04 15:40:26,360 - INFO - Inserted economic event with ID: 4047
2025-07-04 15:40:26,362 - INFO - Inserted economic event with ID: 4048
2025-07-04 15:40:26,364 - INFO - Inserted economic event with ID: 4049
2025-07-04 15:40:26,367 - INFO - Inserted economic event with ID: 4050
2025-07-04 15:40:26,369 - INFO - Inserted economic event with ID: 4051
2025-07-04 15:40:26,373 - INFO - Inserted economic event with ID: 4052
2025-07-04 15:40:26,376 - INFO - Inserted economic event with ID: 4053
2025-07-04 15:40:26,377 - INFO - Inserted economic event with ID: 4054
2025-07-04 15:40:26,381 - INFO - Inserted economic event with ID: 4055
2025-07-04 15:40:26,384 - INFO - Inserted economic event with ID: 4056
2025-07-04 15:40:26,387 - INFO - Inserted economic event with ID: 4057
2025-07-04 15:40:26,389 - INFO - Inserted economic event with ID: 4058
2025-07-04 15:40:26,392 - INFO - Inserted economic event with ID: 4059
2025-07-04 15:40:26,394 - INFO - Inserted economic event with ID: 4060
2025-07-04 15:40:26,397 - INFO - Inserted economic event with ID: 4061
2025-07-04 15:40:26,400 - INFO - Inserted economic event with ID: 4062
2025-07-04 15:40:26,402 - INFO - Inserted economic event with ID: 4063
2025-07-04 15:40:26,404 - INFO - Inserted economic event with ID: 4064
2025-07-04 15:40:26,407 - INFO - Inserted economic event with ID: 4065
2025-07-04 15:40:26,410 - INFO - Inserted economic event with ID: 4066
2025-07-04 15:40:26,412 - INFO - Inserted economic event with ID: 4067
2025-07-04 15:40:26,415 - INFO - Inserted economic event with ID: 4068
2025-07-04 15:40:26,418 - INFO - Inserted economic event with ID: 4069
2025-07-04 15:40:26,421 - INFO - Inserted economic event with ID: 4070
2025-07-04 15:40:26,424 - INFO - Inserted economic event with ID: 4071
2025-07-04 15:40:26,426 - INFO - Inserted economic event with ID: 4072
2025-07-04 15:40:26,428 - INFO - Inserted economic event with ID: 4073
2025-07-04 15:40:26,431 - INFO - Inserted economic event with ID: 4074
2025-07-04 15:40:26,434 - INFO - Inserted economic event with ID: 4075
2025-07-04 15:40:26,437 - INFO - Inserted economic event with ID: 4076
2025-07-04 15:40:26,440 - INFO - Inserted economic event with ID: 4077
2025-07-04 15:40:26,442 - INFO - Inserted economic event with ID: 4078
2025-07-04 15:40:26,446 - INFO - Inserted economic event with ID: 4079
2025-07-04 15:40:26,448 - INFO - Inserted economic event with ID: 4080
2025-07-04 15:40:26,451 - INFO - Inserted economic event with ID: 4081
2025-07-04 15:40:26,454 - INFO - Inserted economic event with ID: 4082
2025-07-04 15:40:26,456 - INFO - Inserted economic event with ID: 4083
2025-07-04 15:40:26,459 - INFO - Inserted economic event with ID: 4084
2025-07-04 15:40:26,462 - INFO - Inserted economic event with ID: 4085
2025-07-04 15:40:26,464 - INFO - Inserted economic event with ID: 4086
2025-07-04 15:40:26,467 - INFO - Inserted economic event with ID: 4087
2025-07-04 15:40:26,470 - INFO - Inserted economic event with ID: 4088
2025-07-04 15:40:26,473 - INFO - Inserted economic event with ID: 4089
2025-07-04 15:40:26,475 - INFO - Inserted economic event with ID: 4090
2025-07-04 15:40:26,478 - INFO - Inserted economic event with ID: 4091
2025-07-04 15:40:26,481 - INFO - Inserted economic event with ID: 4092
2025-07-04 15:40:26,484 - INFO - Inserted economic event with ID: 4093
2025-07-04 15:40:26,486 - INFO - Inserted economic event with ID: 4094
2025-07-04 15:40:26,488 - INFO - Inserted economic event with ID: 4095
2025-07-04 15:40:26,491 - INFO - Inserted economic event with ID: 4096
2025-07-04 15:40:26,493 - INFO - Inserted economic event with ID: 4097
2025-07-04 15:40:26,496 - INFO - Inserted economic event with ID: 4098
2025-07-04 15:40:26,499 - INFO - Inserted economic event with ID: 4099
2025-07-04 15:40:26,502 - INFO - Inserted economic event with ID: 4100
2025-07-04 15:40:26,505 - INFO - Inserted economic event with ID: 4101
2025-07-04 15:40:26,507 - INFO - Inserted economic event with ID: 4102
2025-07-04 15:40:26,510 - INFO - Inserted economic event with ID: 4103
2025-07-04 15:40:26,512 - INFO - Inserted economic event with ID: 4104
2025-07-04 15:40:26,515 - INFO - Inserted economic event with ID: 4105
2025-07-04 15:40:26,517 - INFO - Inserted economic event with ID: 4106
2025-07-04 15:40:26,521 - INFO - Inserted economic event with ID: 4107
2025-07-04 15:40:26,523 - INFO - Inserted economic event with ID: 4108
2025-07-04 15:40:26,526 - INFO - Inserted economic event with ID: 4109
2025-07-04 15:40:26,529 - INFO - Inserted economic event with ID: 4110
2025-07-04 15:40:26,531 - INFO - Inserted economic event with ID: 4111
2025-07-04 15:40:26,534 - INFO - Inserted economic event with ID: 4112
2025-07-04 15:40:26,537 - INFO - Inserted economic event with ID: 4113
2025-07-04 15:40:26,539 - INFO - Inserted economic event with ID: 4114
2025-07-04 15:40:26,542 - INFO - Inserted economic event with ID: 4115
2025-07-04 15:40:26,545 - INFO - Inserted economic event with ID: 4116
2025-07-04 15:40:26,548 - INFO - Inserted economic event with ID: 4117
2025-07-04 15:40:26,551 - INFO - Inserted economic event with ID: 4118
2025-07-04 15:40:26,553 - INFO - Inserted economic event with ID: 4119
2025-07-04 15:40:26,557 - INFO - Inserted economic event with ID: 4120
2025-07-04 15:40:26,560 - INFO - Inserted economic event with ID: 4121
2025-07-04 15:40:26,563 - INFO - Inserted economic event with ID: 4122
2025-07-04 15:40:26,566 - INFO - Inserted economic event with ID: 4123
2025-07-04 15:40:26,568 - INFO - Inserted economic event with ID: 4124
2025-07-04 15:40:26,571 - INFO - Inserted economic event with ID: 4125
2025-07-04 15:40:26,573 - INFO - Inserted economic event with ID: 4126
2025-07-04 15:40:26,577 - INFO - Inserted economic event with ID: 4127
2025-07-04 15:40:26,579 - INFO - Inserted economic event with ID: 4128
2025-07-04 15:40:26,582 - INFO - Inserted economic event with ID: 4129
2025-07-04 15:40:26,584 - INFO - Inserted economic event with ID: 4130
2025-07-04 15:40:26,587 - INFO - Inserted economic event with ID: 4131
2025-07-04 15:40:26,589 - INFO - Inserted economic event with ID: 4132
2025-07-04 15:40:26,592 - INFO - Inserted economic event with ID: 4133
2025-07-04 15:40:26,595 - INFO - Inserted economic event with ID: 4134
2025-07-04 15:40:26,598 - INFO - Inserted economic event with ID: 4135
2025-07-04 15:40:26,601 - INFO - Inserted economic event with ID: 4136
2025-07-04 15:40:26,603 - INFO - Inserted economic event with ID: 4137
2025-07-04 15:40:26,606 - INFO - Inserted economic event with ID: 4138
2025-07-04 15:40:26,609 - INFO - Inserted economic event with ID: 4139
2025-07-04 15:40:26,612 - INFO - Inserted economic event with ID: 4140
2025-07-04 15:40:26,614 - INFO - Inserted economic event with ID: 4141
2025-07-04 15:40:26,617 - INFO - Inserted economic event with ID: 4142
2025-07-04 15:40:26,620 - INFO - Inserted economic event with ID: 4143
2025-07-04 15:40:26,622 - INFO - Inserted economic event with ID: 4144
2025-07-04 15:40:26,625 - INFO - Inserted economic event with ID: 4145
2025-07-04 15:40:26,628 - INFO - Inserted economic event with ID: 4146
2025-07-04 15:40:26,629 - INFO - Inserted economic event with ID: 4147
2025-07-04 15:40:26,632 - INFO - Inserted economic event with ID: 4148
2025-07-04 15:40:26,635 - INFO - Inserted economic event with ID: 4149
2025-07-04 15:40:26,639 - INFO - Inserted economic event with ID: 4150
2025-07-04 15:40:26,641 - INFO - Inserted economic event with ID: 4151
2025-07-04 15:40:26,645 - INFO - Inserted economic event with ID: 4152
2025-07-04 15:40:26,647 - INFO - Inserted economic event with ID: 4153
2025-07-04 15:40:26,650 - INFO - Inserted economic event with ID: 4154
2025-07-04 15:40:26,652 - INFO - Inserted economic event with ID: 4155
2025-07-04 15:40:26,655 - INFO - Inserted economic event with ID: 4156
2025-07-04 15:40:26,658 - INFO - Inserted economic event with ID: 4157
2025-07-04 15:40:26,661 - INFO - Inserted economic event with ID: 4158
2025-07-04 15:40:26,663 - INFO - Inserted economic event with ID: 4159
2025-07-04 15:40:26,666 - INFO - Inserted economic event with ID: 4160
2025-07-04 15:40:26,669 - INFO - Inserted economic event with ID: 4161
2025-07-04 15:40:26,672 - INFO - Inserted economic event with ID: 4162
2025-07-04 15:40:26,674 - INFO - Inserted economic event with ID: 4163
2025-07-04 15:40:26,677 - INFO - Inserted economic event with ID: 4164
2025-07-04 15:40:26,680 - INFO - Inserted economic event with ID: 4165
2025-07-04 15:40:26,683 - INFO - Inserted economic event with ID: 4166
2025-07-04 15:40:26,686 - INFO - Inserted economic event with ID: 4167
2025-07-04 15:40:26,688 - INFO - Inserted economic event with ID: 4168
2025-07-04 15:40:26,691 - INFO - Inserted economic event with ID: 4169
2025-07-04 15:40:26,693 - INFO - Inserted economic event with ID: 4170
2025-07-04 15:40:26,696 - INFO - Inserted economic event with ID: 4171
2025-07-04 15:40:26,698 - INFO - Inserted economic event with ID: 4172
2025-07-04 15:40:26,702 - INFO - Inserted economic event with ID: 4173
2025-07-04 15:40:26,704 - INFO - Inserted economic event with ID: 4174
2025-07-04 15:40:26,707 - INFO - Inserted economic event with ID: 4175
2025-07-04 15:40:26,710 - INFO - Inserted economic event with ID: 4176
2025-07-04 15:40:26,713 - INFO - Inserted economic event with ID: 4177
2025-07-04 15:40:26,716 - INFO - Inserted economic event with ID: 4178
2025-07-04 15:40:26,718 - INFO - Inserted economic event with ID: 4179
2025-07-04 15:40:26,721 - INFO - Inserted economic event with ID: 4180
2025-07-04 15:40:26,723 - INFO - Inserted economic event with ID: 4181
2025-07-04 15:40:26,725 - INFO - Inserted economic event with ID: 4182
2025-07-04 15:40:26,728 - INFO - Inserted economic event with ID: 4183
2025-07-04 15:40:26,730 - INFO - Inserted economic event with ID: 4184
2025-07-04 15:40:26,733 - INFO - Inserted economic event with ID: 4185
2025-07-04 15:40:26,736 - INFO - Inserted economic event with ID: 4186
2025-07-04 15:40:26,738 - INFO - Inserted economic event with ID: 4187
2025-07-04 15:40:26,741 - INFO - Inserted economic event with ID: 4188
2025-07-04 15:40:26,743 - INFO - Inserted economic event with ID: 4189
2025-07-04 15:40:26,746 - INFO - Inserted economic event with ID: 4190
2025-07-04 15:40:26,748 - INFO - Inserted economic event with ID: 4191
2025-07-04 15:40:26,751 - INFO - Inserted economic event with ID: 4192
2025-07-04 15:40:26,754 - INFO - Inserted economic event with ID: 4193
2025-07-04 15:40:26,756 - INFO - Inserted economic event with ID: 4194
2025-07-04 15:40:26,759 - INFO - Inserted economic event with ID: 4195
2025-07-04 15:40:26,762 - INFO - Inserted economic event with ID: 4196
2025-07-04 15:40:26,765 - INFO - Inserted economic event with ID: 4197
2025-07-04 15:40:26,767 - INFO - Inserted economic event with ID: 4198
2025-07-04 15:40:26,770 - INFO - Inserted economic event with ID: 4199
2025-07-04 15:40:26,772 - INFO - Inserted economic event with ID: 4200
2025-07-04 15:40:26,776 - INFO - Inserted economic event with ID: 4201
2025-07-04 15:40:26,778 - INFO - Inserted economic event with ID: 4202
2025-07-04 15:40:26,781 - INFO - Inserted economic event with ID: 4203
2025-07-04 15:40:26,784 - INFO - Inserted economic event with ID: 4204
2025-07-04 15:40:26,787 - INFO - Inserted economic event with ID: 4205
2025-07-04 15:40:26,789 - INFO - Inserted economic event with ID: 4206
2025-07-04 15:40:26,792 - INFO - Inserted economic event with ID: 4207
2025-07-04 15:40:26,794 - INFO - Inserted economic event with ID: 4208
2025-07-04 15:40:26,797 - INFO - Inserted economic event with ID: 4209
2025-07-04 15:40:26,799 - INFO - Inserted economic event with ID: 4210
2025-07-04 15:40:26,802 - INFO - Inserted economic event with ID: 4211
2025-07-04 15:40:26,805 - INFO - Inserted economic event with ID: 4212
2025-07-04 15:40:26,807 - INFO - Inserted economic event with ID: 4213
2025-07-04 15:40:26,810 - INFO - Inserted economic event with ID: 4214
2025-07-04 15:40:26,813 - INFO - Inserted economic event with ID: 4215
2025-07-04 15:40:26,815 - INFO - Inserted economic event with ID: 4216
2025-07-04 15:40:26,817 - INFO - Inserted economic event with ID: 4217
2025-07-04 15:40:26,820 - INFO - Inserted economic event with ID: 4218
2025-07-04 15:40:26,823 - INFO - Inserted economic event with ID: 4219
2025-07-04 15:40:26,825 - INFO - Inserted economic event with ID: 4220
2025-07-04 15:40:26,827 - INFO - Inserted economic event with ID: 4221
2025-07-04 15:40:26,830 - INFO - Inserted economic event with ID: 4222
2025-07-04 15:40:26,833 - INFO - Inserted economic event with ID: 4223
2025-07-04 15:40:26,836 - INFO - Inserted economic event with ID: 4224
2025-07-04 15:40:26,840 - INFO - Inserted economic event with ID: 4225
2025-07-04 15:40:26,842 - INFO - Inserted economic event with ID: 4226
2025-07-04 15:40:26,845 - INFO - Inserted economic event with ID: 4227
2025-07-04 15:40:26,848 - INFO - Inserted economic event with ID: 4228
2025-07-04 15:40:26,850 - INFO - Inserted economic event with ID: 4229
2025-07-04 15:40:26,852 - INFO - Inserted economic event with ID: 4230
2025-07-04 15:40:26,856 - INFO - Inserted economic event with ID: 4231
2025-07-04 15:40:26,858 - INFO - Inserted economic event with ID: 4232
2025-07-04 15:40:26,861 - INFO - Inserted economic event with ID: 4233
2025-07-04 15:40:26,863 - INFO - Inserted economic event with ID: 4234
2025-07-04 15:40:26,866 - INFO - Inserted economic event with ID: 4235
2025-07-04 15:40:26,869 - INFO - Inserted economic event with ID: 4236
2025-07-04 15:40:26,872 - INFO - Inserted economic event with ID: 4237
2025-07-04 15:40:26,875 - INFO - Inserted economic event with ID: 4238
2025-07-04 15:40:26,877 - INFO - Inserted economic event with ID: 4239
2025-07-04 15:40:26,880 - INFO - Inserted economic event with ID: 4240
2025-07-04 15:40:26,882 - INFO - Inserted economic event with ID: 4241
2025-07-04 15:40:26,885 - INFO - Inserted economic event with ID: 4242
2025-07-04 15:40:26,888 - INFO - Inserted economic event with ID: 4243
2025-07-04 15:40:26,890 - INFO - Inserted economic event with ID: 4244
2025-07-04 15:40:26,892 - INFO - Inserted economic event with ID: 4245
2025-07-04 15:40:26,894 - INFO - Inserted economic event with ID: 4246
2025-07-04 15:40:26,897 - INFO - Inserted economic event with ID: 4247
2025-07-04 15:40:26,900 - INFO - Inserted economic event with ID: 4248
2025-07-04 15:40:26,902 - INFO - Inserted economic event with ID: 4249
2025-07-04 15:40:26,905 - INFO - Inserted economic event with ID: 4250
2025-07-04 15:40:26,908 - INFO - Inserted economic event with ID: 4251
2025-07-04 15:40:26,911 - INFO - Inserted economic event with ID: 4252
2025-07-04 15:40:26,914 - INFO - Inserted economic event with ID: 4253
2025-07-04 15:40:26,916 - INFO - Inserted economic event with ID: 4254
2025-07-04 15:40:26,918 - INFO - Inserted economic event with ID: 4255
2025-07-04 15:40:26,921 - INFO - Inserted economic event with ID: 4256
2025-07-04 15:40:26,924 - INFO - Inserted economic event with ID: 4257
2025-07-04 15:40:26,927 - INFO - Inserted economic event with ID: 4258
2025-07-04 15:40:26,930 - INFO - Inserted economic event with ID: 4259
2025-07-04 15:40:26,933 - INFO - Inserted economic event with ID: 4260
2025-07-04 15:40:26,935 - INFO - Inserted economic event with ID: 4261
2025-07-04 15:40:26,938 - INFO - Inserted economic event with ID: 4262
2025-07-04 15:40:26,940 - INFO - Inserted economic event with ID: 4263
2025-07-04 15:40:26,942 - INFO - Inserted economic event with ID: 4264
2025-07-04 15:40:26,945 - INFO - Inserted economic event with ID: 4265
2025-07-04 15:40:26,948 - INFO - Inserted economic event with ID: 4266
2025-07-04 15:40:26,951 - INFO - Inserted economic event with ID: 4267
2025-07-04 15:40:26,954 - INFO - Inserted economic event with ID: 4268
2025-07-04 15:40:26,957 - INFO - Inserted economic event with ID: 4269
2025-07-04 15:40:26,959 - INFO - Inserted economic event with ID: 4270
2025-07-04 15:40:26,963 - INFO - Inserted economic event with ID: 4271
2025-07-04 15:40:26,966 - INFO - Inserted economic event with ID: 4272
2025-07-04 15:40:26,969 - INFO - Inserted economic event with ID: 4273
2025-07-04 15:40:26,973 - INFO - Inserted economic event with ID: 4274
2025-07-04 15:40:26,976 - INFO - Inserted economic event with ID: 4275
2025-07-04 15:40:26,979 - INFO - Inserted economic event with ID: 4276
2025-07-04 15:40:26,982 - INFO - Inserted economic event with ID: 4277
2025-07-04 15:40:26,985 - INFO - Inserted economic event with ID: 4278
2025-07-04 15:40:26,988 - INFO - Inserted economic event with ID: 4279
2025-07-04 15:40:26,991 - INFO - Inserted economic event with ID: 4280
2025-07-04 15:40:26,994 - INFO - Inserted economic event with ID: 4281
2025-07-04 15:40:26,996 - INFO - Inserted economic event with ID: 4282
2025-07-04 15:40:26,999 - INFO - Inserted economic event with ID: 4283
2025-07-04 15:40:27,002 - INFO - Inserted economic event with ID: 4284
2025-07-04 15:40:27,005 - INFO - Inserted economic event with ID: 4285
2025-07-04 15:40:27,008 - INFO - Inserted economic event with ID: 4286
2025-07-04 15:40:27,011 - INFO - Inserted economic event with ID: 4287
2025-07-04 15:40:27,014 - INFO - Inserted economic event with ID: 4288
2025-07-04 15:40:27,016 - INFO - Inserted economic event with ID: 4289
2025-07-04 15:40:27,019 - INFO - Inserted economic event with ID: 4290
2025-07-04 15:40:27,022 - INFO - Inserted economic event with ID: 4291
2025-07-04 15:40:27,025 - INFO - Inserted economic event with ID: 4292
2025-07-04 15:40:27,028 - INFO - Inserted economic event with ID: 4293
2025-07-04 15:40:27,031 - INFO - Inserted economic event with ID: 4294
2025-07-04 15:40:27,033 - INFO - Inserted economic event with ID: 4295
2025-07-04 15:40:27,036 - INFO - Inserted economic event with ID: 4296
2025-07-04 15:40:27,039 - INFO - Inserted economic event with ID: 4297
2025-07-04 15:40:27,043 - INFO - Inserted economic event with ID: 4298
2025-07-04 15:40:27,046 - INFO - Inserted economic event with ID: 4299
2025-07-04 15:40:27,048 - INFO - Inserted economic event with ID: 4300
2025-07-04 15:40:27,051 - INFO - Inserted economic event with ID: 4301
2025-07-04 15:40:27,053 - INFO - Inserted economic event with ID: 4302
2025-07-04 15:40:27,056 - INFO - Inserted economic event with ID: 4303


[MESSARI STDERR @ 2025-07-04 15:40:31.977333]


[TWELVE_DATA STDERR @ 2025-07-04 15:40:34.366820]


[BENZINGA STDERR @ 2025-07-04 18:33:59.704415]
2025-07-04 18:33:59,610 - WARNING - \u26a0\ufe0f Data store module not available: No module named 'sqlalchemy'


[POLYGON STDERR @ 2025-07-04 18:34:00.426174]
2025-07-04 18:34:00,183 - ERROR - [Polygon] Error fetching SPX: 'v'
2025-07-04 18:34:00,291 - ERROR - [Polygon] Error fetching NDX: 'v'
2025-07-04 18:34:00,408 - ERROR - [Polygon] Error fetching RUT: 'v'


[FMP STDERR @ 2025-07-04 18:34:03.449499]
2025-07-04 18:34:00,929 - INFO - Database tables created successfully
2025-07-04 18:34:00,929 - INFO - Database initialization completed
2025-07-04 18:34:00,929 - INFO - MacroIntel Data Store initialized with SQLAlchemy ORM
2025-07-04 18:34:00,929 - INFO - \u2705 Data store module imported successfully
2025-07-04 18:34:01,417 - INFO - Inserted economic event with ID: 4304
2025-07-04 18:34:01,421 - INFO - Inserted economic event with ID: 4305
2025-07-04 18:34:01,424 - INFO - Inserted economic event with ID: 4306
2025-07-04 18:34:01,427 - INFO - Inserted economic event with ID: 4307
2025-07-04 18:34:01,430 - INFO - Inserted economic event with ID: 4308
2025-07-04 18:34:01,433 - INFO - Inserted economic event with ID: 4309
2025-07-04 18:34:01,436 - INFO - Inserted economic event with ID: 4310
2025-07-04 18:34:01,439 - INFO - Inserted economic event with ID: 4311
2025-07-04 18:34:01,442 - INFO - Inserted economic event with ID: 4312
2025-07-04 18:34:01,445 - INFO - Inserted economic event with ID: 4313
2025-07-04 18:34:01,447 - INFO - Inserted economic event with ID: 4314
2025-07-04 18:34:01,450 - INFO - Inserted economic event with ID: 4315
2025-07-04 18:34:01,453 - INFO - Inserted economic event with ID: 4316
2025-07-04 18:34:01,455 - INFO - Inserted economic event with ID: 4317
2025-07-04 18:34:01,458 - INFO - Inserted economic event with ID: 4318
2025-07-04 18:34:01,460 - INFO - Inserted economic event with ID: 4319
2025-07-04 18:34:01,463 - INFO - Inserted economic event with ID: 4320
2025-07-04 18:34:01,467 - INFO - Inserted economic event with ID: 4321
2025-07-04 18:34:01,469 - INFO - Inserted economic event with ID: 4322
2025-07-04 18:34:01,471 - INFO - Inserted economic event with ID: 4323
2025-07-04 18:34:01,474 - INFO - Inserted economic event with ID: 4324
2025-07-04 18:34:01,477 - INFO - Inserted economic event with ID: 4325
2025-07-04 18:34:01,479 - INFO - Inserted economic event with ID: 4326
2025-07-04 18:34:01,482 - INFO - Inserted economic event with ID: 4327
2025-07-04 18:34:01,485 - INFO - Inserted economic event with ID: 4328
2025-07-04 18:34:01,487 - INFO - Inserted economic event with ID: 4329
2025-07-04 18:34:01,490 - INFO - Inserted economic event with ID: 4330
2025-07-04 18:34:01,492 - INFO - Inserted economic event with ID: 4331
2025-07-04 18:34:01,495 - INFO - Inserted economic event with ID: 4332
2025-07-04 18:34:01,499 - INFO - Inserted economic event with ID: 4333
2025-07-04 18:34:01,503 - INFO - Inserted economic event with ID: 4334
2025-07-04 18:34:01,507 - INFO - Inserted economic event with ID: 4335
2025-07-04 18:34:01,511 - INFO - Inserted economic event with ID: 4336
2025-07-04 18:34:01,515 - INFO - Inserted economic event with ID: 4337
2025-07-04 18:34:01,519 - INFO - Inserted economic event with ID: 4338
2025-07-04 18:34:01,521 - INFO - Inserted economic event with ID: 4339
2025-07-04 18:34:01,524 - INFO - Inserted economic event with ID: 4340
2025-07-04 18:34:01,526 - INFO - Inserted economic event with ID: 4341
2025-07-04 18:34:01,529 - INFO - Inserted economic event with ID: 4342
2025-07-04 18:34:01,532 - INFO - Inserted economic event with ID: 4343
2025-07-04 18:34:01,534 - INFO - Inserted economic event with ID: 4344
2025-07-04 18:34:01,537 - INFO - Inserted economic event with ID: 4345
2025-07-04 18:34:01,539 - INFO - Inserted economic event with ID: 4346
2025-07-04 18:34:01,542 - INFO - Inserted economic event with ID: 4347
2025-07-04 18:34:01,545 - INFO - Inserted economic event with ID: 4348
2025-07-04 18:34:01,547 - INFO - Inserted economic event with ID: 4349
2025-07-04 18:34:01,550 - INFO - Inserted economic event with ID: 4350
2025-07-04 18:34:01,552 - INFO - Inserted economic event with ID: 4351
2025-07-04 18:34:01,555 - INFO - Inserted economic event with ID: 4352
2025-07-04 18:34:01,558 - INFO - Inserted economic event with ID: 4353
2025-07-04 18:34:01,560 - INFO - Inserted economic event with ID: 4354
2025-07-04 18:34:01,563 - INFO - Inserted economic event with ID: 4355
2025-07-04 18:34:01,566 - INFO - Inserted economic event with ID: 4356
2025-07-04 18:34:01,569 - INFO - Inserted economic event with ID: 4357
2025-07-04 18:34:01,571 - INFO - Inserted economic event with ID: 4358
2025-07-04 18:34:01,573 - INFO - Inserted economic event with ID: 4359
2025-07-04 18:34:01,577 - INFO - Inserted economic event with ID: 4360
2025-07-04 18:34:01,580 - INFO - Inserted economic event with ID: 4361
2025-07-04 18:34:01,583 - INFO - Inserted economic event with ID: 4362
2025-07-04 18:34:01,585 - INFO - Inserted economic event with ID: 4363
2025-07-04 18:34:01,587 - INFO - Inserted economic event with ID: 4364
2025-07-04 18:34:01,590 - INFO - Inserted economic event with ID: 4365
2025-07-04 18:34:01,593 - INFO - Inserted economic event with ID: 4366
2025-07-04 18:34:01,595 - INFO - Inserted economic event with ID: 4367
2025-07-04 18:34:01,598 - INFO - Inserted economic event with ID: 4368
2025-07-04 18:34:01,600 - INFO - Inserted economic event with ID: 4369
2025-07-04 18:34:01,603 - INFO - Inserted economic event with ID: 4370
2025-07-04 18:34:01,606 - INFO - Inserted economic event with ID: 4371
2025-07-04 18:34:01,609 - INFO - Inserted economic event with ID: 4372
2025-07-04 18:34:01,611 - INFO - Inserted economic event with ID: 4373
2025-07-04 18:34:01,615 - INFO - Inserted economic event with ID: 4374
2025-07-04 18:34:01,617 - INFO - Inserted economic event with ID: 4375
2025-07-04 18:34:01,619 - INFO - Inserted economic event with ID: 4376
2025-07-04 18:34:01,621 - INFO - Inserted economic event with ID: 4377
2025-07-04 18:34:01,625 - INFO - Inserted economic event with ID: 4378
2025-07-04 18:34:01,628 - INFO - Inserted economic event with ID: 4379
2025-07-04 18:34:01,630 - INFO - Inserted economic event with ID: 4380
2025-07-04 18:34:01,633 - INFO - Inserted economic event with ID: 4381
2025-07-04 18:34:01,635 - INFO - Inserted economic event with ID: 4382
2025-07-04 18:34:01,639 - INFO - Inserted economic event with ID: 4383
2025-07-04 18:34:01,642 - INFO - Inserted economic event with ID: 4384
2025-07-04 18:34:01,644 - INFO - Inserted economic event with ID: 4385
2025-07-04 18:34:01,647 - INFO - Inserted economic event with ID: 4386
2025-07-04 18:34:01,650 - INFO - Inserted economic event with ID: 4387
2025-07-04 18:34:01,652 - INFO - Inserted economic event with ID: 4388
2025-07-04 18:34:01,654 - INFO - Inserted economic event with ID: 4389
2025-07-04 18:34:01,657 - INFO - Inserted economic event with ID: 4390
2025-07-04 18:34:01,659 - INFO - Inserted economic event with ID: 4391
2025-07-04 18:34:01,663 - INFO - Inserted economic event with ID: 4392
2025-07-04 18:34:01,665 - INFO - Inserted economic event with ID: 4393
2025-07-04 18:34:01,668 - INFO - Inserted economic event with ID: 4394
2025-07-04 18:34:01,670 - INFO - Inserted economic event with ID: 4395
2025-07-04 18:34:01,673 - INFO - Inserted economic event with ID: 4396
2025-07-04 18:34:01,675 - INFO - Inserted economic event with ID: 4397
2025-07-04 18:34:01,677 - INFO - Inserted economic event with ID: 4398
2025-07-04 18:34:01,680 - INFO - Inserted economic event with ID: 4399
2025-07-04 18:34:01,682 - INFO - Inserted economic event with ID: 4400
2025-07-04 18:34:01,686 - INFO - Inserted economic event with ID: 4401
2025-07-04 18:34:01,689 - INFO - Inserted economic event with ID: 4402
2025-07-04 18:34:01,691 - INFO - Inserted economic event with ID: 4403
2025-07-04 18:34:01,693 - INFO - Inserted economic event with ID: 4404
2025-07-04 18:34:01,696 - INFO - Inserted economic event with ID: 4405
2025-07-04 18:34:01,698 - INFO - Inserted economic event with ID: 4406
2025-07-04 18:34:01,701 - INFO - Inserted economic event with ID: 4407
2025-07-04 18:34:01,703 - INFO - Inserted economic event with ID: 4408
2025-07-04 18:34:01,706 - INFO - Inserted economic event with ID: 4409
2025-07-04 18:34:01,708 - INFO - Inserted economic event with ID: 4410
2025-07-04 18:34:01,711 - INFO - Inserted economic event with ID: 4411
2025-07-04 18:34:01,713 - INFO - Inserted economic event with ID: 4412
2025-07-04 18:34:01,716 - INFO - Inserted economic event with ID: 4413
2025-07-04 18:34:01,718 - INFO - Inserted economic event with ID: 4414
2025-07-04 18:34:01,720 - INFO - Inserted economic event with ID: 4415
2025-07-04 18:34:01,723 - INFO - Inserted economic event with ID: 4416
2025-07-04 18:34:01,725 - INFO - Inserted economic event with ID: 4417
2025-07-04 18:34:01,728 - INFO - Inserted economic event with ID: 4418
2025-07-04 18:34:01,731 - INFO - Inserted economic event with ID: 4419
2025-07-04 18:34:01,733 - INFO - Inserted economic event with ID: 4420
2025-07-04 18:34:01,735 - INFO - Inserted economic event with ID: 4421
2025-07-04 18:34:01,739 - INFO - Inserted economic event with ID: 4422
2025-07-04 18:34:01,741 - INFO - Inserted economic event with ID: 4423
2025-07-04 18:34:01,744 - INFO - Inserted economic event with ID: 4424
2025-07-04 18:34:01,746 - INFO - Inserted economic event with ID: 4425
2025-07-04 18:34:01,749 - INFO - Inserted economic event with ID: 4426
2025-07-04 18:34:01,751 - INFO - Inserted economic event with ID: 4427
2025-07-04 18:34:01,753 - INFO - Inserted economic event with ID: 4428
2025-07-04 18:34:01,756 - INFO - Inserted economic event with ID: 4429
2025-07-04 18:34:01,758 - INFO - Inserted economic event with ID: 4430
2025-07-04 18:34:01,762 - INFO - Inserted economic event with ID: 4431
2025-07-04 18:34:01,765 - INFO - Inserted economic event with ID: 4432
2025-07-04 18:34:01,768 - INFO - Inserted economic event with ID: 4433
2025-07-04 18:34:01,770 - INFO - Inserted economic event with ID: 4434
2025-07-04 18:34:01,772 - INFO - Inserted economic event with ID: 4435
2025-07-04 18:34:01,776 - INFO - Inserted economic event with ID: 4436
2025-07-04 18:34:01,779 - INFO - Inserted economic event with ID: 4437
2025-07-04 18:34:01,781 - INFO - Inserted economic event with ID: 4438
2025-07-04 18:34:01,783 - INFO - Inserted economic event with ID: 4439
2025-07-04 18:34:01,786 - INFO - Inserted economic event with ID: 4440
2025-07-04 18:34:01,788 - INFO - Inserted economic event with ID: 4441
2025-07-04 18:34:01,790 - INFO - Inserted economic event with ID: 4442
2025-07-04 18:34:01,794 - INFO - Inserted economic event with ID: 4443
2025-07-04 18:34:01,797 - INFO - Inserted economic event with ID: 4444
2025-07-04 18:34:01,799 - INFO - Inserted economic event with ID: 4445
2025-07-04 18:34:01,802 - INFO - Inserted economic event with ID: 4446
2025-07-04 18:34:01,805 - INFO - Inserted economic event with ID: 4447
2025-07-04 18:34:01,807 - INFO - Inserted economic event with ID: 4448
2025-07-04 18:34:01,810 - INFO - Inserted economic event with ID: 4449
2025-07-04 18:34:01,813 - INFO - Inserted economic event with ID: 4450
2025-07-04 18:34:01,816 - INFO - Inserted economic event with ID: 4451
2025-07-04 18:34:01,818 - INFO - Inserted economic event with ID: 4452
2025-07-04 18:34:01,821 - INFO - Inserted economic event with ID: 4453
2025-07-04 18:34:01,825 - INFO - Inserted economic event with ID: 4454
2025-07-04 18:34:01,827 - INFO - Inserted economic event with ID: 4455
2025-07-04 18:34:01,829 - INFO - Inserted economic event with ID: 4456
2025-07-04 18:34:01,832 - INFO - Inserted economic event with ID: 4457
2025-07-04 18:34:01,835 - INFO - Inserted economic event with ID: 4458
2025-07-04 18:34:01,838 - INFO - Inserted economic event with ID: 4459
2025-07-04 18:34:01,840 - INFO - Inserted economic event with ID: 4460
2025-07-04 18:34:01,843 - INFO - Inserted economic event with ID: 4461
2025-07-04 18:34:01,846 - INFO - Inserted economic event with ID: 4462
2025-07-04 18:34:01,849 - INFO - Inserted economic event with ID: 4463
2025-07-04 18:34:01,852 - INFO - Inserted economic event with ID: 4464
2025-07-04 18:34:01,854 - INFO - Inserted economic event with ID: 4465
2025-07-04 18:34:01,857 - INFO - Inserted economic event with ID: 4466
2025-07-04 18:34:01,859 - INFO - Inserted economic event with ID: 4467
2025-07-04 18:34:01,862 - INFO - Inserted economic event with ID: 4468
2025-07-04 18:34:01,865 - INFO - Inserted economic event with ID: 4469
2025-07-04 18:34:01,868 - INFO - Inserted economic event with ID: 4470
2025-07-04 18:34:01,870 - INFO - Inserted economic event with ID: 4471
2025-07-04 18:34:01,873 - INFO - Inserted economic event with ID: 4472
2025-07-04 18:34:01,875 - INFO - Inserted economic event with ID: 4473
2025-07-04 18:34:01,878 - INFO - Inserted economic event with ID: 4474
2025-07-04 18:34:01,880 - INFO - Inserted economic event with ID: 4475
2025-07-04 18:34:01,882 - INFO - Inserted economic event with ID: 4476
2025-07-04 18:34:01,885 - INFO - Inserted economic event with ID: 4477
2025-07-04 18:34:01,888 - INFO - Inserted economic event with ID: 4478
2025-07-04 18:34:01,890 - INFO - Inserted economic event with ID: 4479
2025-07-04 18:34:01,893 - INFO - Inserted economic event with ID: 4480
2025-07-04 18:34:01,895 - INFO - Inserted economic event with ID: 4481
2025-07-04 18:34:01,897 - INFO - Inserted economic event with ID: 4482
2025-07-04 18:34:01,900 - INFO - Inserted economic event with ID: 4483
2025-07-04 18:34:01,903 - INFO - Inserted economic event with ID: 4484
2025-07-04 18:34:01,905 - INFO - Inserted economic event with ID: 4485
2025-07-04 18:34:01,908 - INFO - Inserted economic event with ID: 4486
2025-07-04 18:34:01,911 - INFO - Inserted economic event with ID: 4487
2025-07-04 18:34:01,913 - INFO - Inserted economic event with ID: 4488
2025-07-04 18:34:01,915 - INFO - Inserted economic event with ID: 4489
2025-07-04 18:34:01,919 - INFO - Inserted economic event with ID: 4490
2025-07-04 18:34:01,921 - INFO - Inserted economic event with ID: 4491
2025-07-04 18:34:01,923 - INFO - Inserted economic event with ID: 4492
2025-07-04 18:34:01,926 - INFO - Inserted economic event with ID: 4493
2025-07-04 18:34:01,928 - INFO - Inserted economic event with ID: 4494
2025-07-04 18:34:01,930 - INFO - Inserted economic event with ID: 4495
2025-07-04 18:34:01,934 - INFO - Inserted economic event with ID: 4496
2025-07-04 18:34:01,936 - INFO - Inserted economic event with ID: 4497
2025-07-04 18:34:01,939 - INFO - Inserted economic event with ID: 4498
2025-07-04 18:34:01,942 - INFO - Inserted economic event with ID: 4499
2025-07-04 18:34:01,945 - INFO - Inserted economic event with ID: 4500
2025-07-04 18:34:01,947 - INFO - Inserted economic event with ID: 4501
2025-07-04 18:34:01,950 - INFO - Inserted economic event with ID: 4502
2025-07-04 18:34:01,953 - INFO - Inserted economic event with ID: 4503
2025-07-04 18:34:01,955 - INFO - Inserted economic event with ID: 4504
2025-07-04 18:34:01,958 - INFO - Inserted economic event with ID: 4505
2025-07-04 18:34:01,960 - INFO - Inserted economic event with ID: 4506
2025-07-04 18:34:01,963 - INFO - Inserted economic event with ID: 4507
2025-07-04 18:34:01,968 - INFO - Inserted economic event with ID: 4508
2025-07-04 18:34:01,971 - INFO - Inserted economic event with ID: 4509
2025-07-04 18:34:01,973 - INFO - Inserted economic event with ID: 4510
2025-07-04 18:34:01,976 - INFO - Inserted economic event with ID: 4511
2025-07-04 18:34:01,979 - INFO - Inserted economic event with ID: 4512
2025-07-04 18:34:01,982 - INFO - Inserted economic event with ID: 4513
2025-07-04 18:34:01,984 - INFO - Inserted economic event with ID: 4514
2025-07-04 18:34:01,987 - INFO - Inserted economic event with ID: 4515
2025-07-04 18:34:01,990 - INFO - Inserted economic event with ID: 4516
2025-07-04 18:34:01,992 - INFO - Inserted economic event with ID: 4517
2025-07-04 18:34:01,996 - INFO - Inserted economic event with ID: 4518
2025-07-04 18:34:01,998 - INFO - Inserted economic event with ID: 4519
2025-07-04 18:34:02,001 - INFO - Inserted economic event with ID: 4520
2025-07-04 18:34:02,004 - INFO - Inserted economic event with ID: 4521
2025-07-04 18:34:02,007 - INFO - Inserted economic event with ID: 4522
2025-07-04 18:34:02,010 - INFO - Inserted economic event with ID: 4523
2025-07-04 18:34:02,014 - INFO - Inserted economic event with ID: 4524
2025-07-04 18:34:02,017 - INFO - Inserted economic event with ID: 4525
2025-07-04 18:34:02,020 - INFO - Inserted economic event with ID: 4526
2025-07-04 18:34:02,024 - INFO - Inserted economic event with ID: 4527
2025-07-04 18:34:02,027 - INFO - Inserted economic event with ID: 4528
2025-07-04 18:34:02,030 - INFO - Inserted economic event with ID: 4529
2025-07-04 18:34:02,033 - INFO - Inserted economic event with ID: 4530
2025-07-04 18:34:02,036 - INFO - Inserted economic event with ID: 4531
2025-07-04 18:34:02,039 - INFO - Inserted economic event with ID: 4532
2025-07-04 18:34:02,041 - INFO - Inserted economic event with ID: 4533
2025-07-04 18:34:02,045 - INFO - Inserted economic event with ID: 4534
2025-07-04 18:34:02,047 - INFO - Inserted economic event with ID: 4535
2025-07-04 18:34:02,050 - INFO - Inserted economic event with ID: 4536
2025-07-04 18:34:02,053 - INFO - Inserted economic event with ID: 4537
2025-07-04 18:34:02,057 - INFO - Inserted economic event with ID: 4538
2025-07-04 18:34:02,059 - INFO - Inserted economic event with ID: 4539
2025-07-04 18:34:02,062 - INFO - Inserted economic event with ID: 4540
2025-07-04 18:34:02,065 - INFO - Inserted economic event with ID: 4541
2025-07-04 18:34:02,068 - INFO - Inserted economic event with ID: 4542
2025-07-04 18:34:02,071 - INFO - Inserted economic event with ID: 4543
2025-07-04 18:34:02,073 - INFO - Inserted economic event with ID: 4544
2025-07-04 18:34:02,076 - INFO - Inserted economic event with ID: 4545
2025-07-04 18:34:02,078 - INFO - Inserted economic event with ID: 4546
2025-07-04 18:34:02,081 - INFO - Inserted economic event with ID: 4547
2025-07-04 18:34:02,083 - INFO - Inserted economic event with ID: 4548
2025-07-04 18:34:02,086 - INFO - Inserted economic event with ID: 4549
2025-07-04 18:34:02,089 - INFO - Inserted economic event with ID: 4550
2025-07-04 18:34:02,092 - INFO - Inserted economic event with ID: 4551
2025-07-04 18:34:02,094 - INFO - Inserted economic event with ID: 4552
2025-07-04 18:34:02,098 - INFO - Inserted economic event with ID: 4553
2025-07-04 18:34:02,100 - INFO - Inserted economic event with ID: 4554
2025-07-04 18:34:02,104 - INFO - Inserted economic event with ID: 4555
2025-07-04 18:34:02,106 - INFO - Inserted economic event with ID: 4556
2025-07-04 18:34:02,109 - INFO - Inserted economic event with ID: 4557
2025-07-04 18:34:02,111 - INFO - Inserted economic event with ID: 4558
2025-07-04 18:34:02,115 - INFO - Inserted economic event with ID: 4559
2025-07-04 18:34:02,117 - INFO - Inserted economic event with ID: 4560
2025-07-04 18:34:02,120 - INFO - Inserted economic event with ID: 4561
2025-07-04 18:34:02,123 - INFO - Inserted economic event with ID: 4562
2025-07-04 18:34:02,125 - INFO - Inserted economic event with ID: 4563
2025-07-04 18:34:02,128 - INFO - Inserted economic event with ID: 4564
2025-07-04 18:34:02,130 - INFO - Inserted economic event with ID: 4565
2025-07-04 18:34:02,134 - INFO - Inserted economic event with ID: 4566
2025-07-04 18:34:02,137 - INFO - Inserted economic event with ID: 4567
2025-07-04 18:34:02,139 - INFO - Inserted economic event with ID: 4568
2025-07-04 18:34:02,141 - INFO - Inserted economic event with ID: 4569
2025-07-04 18:34:02,145 - INFO - Inserted economic event with ID: 4570
2025-07-04 18:34:02,148 - INFO - Inserted economic event with ID: 4571
2025-07-04 18:34:02,150 - INFO - Inserted economic event with ID: 4572
2025-07-04 18:34:02,152 - INFO - Inserted economic event with ID: 4573
2025-07-04 18:34:02,156 - INFO - Inserted economic event with ID: 4574
2025-07-04 18:34:02,158 - INFO - Inserted economic event with ID: 4575
2025-07-04 18:34:02,160 - INFO - Inserted economic event with ID: 4576
2025-07-04 18:34:02,163 - INFO - Inserted economic event with ID: 4577
2025-07-04 18:34:02,165 - INFO - Inserted economic event with ID: 4578
2025-07-04 18:34:02,169 - INFO - Inserted economic event with ID: 4579
2025-07-04 18:34:02,171 - INFO - Inserted economic event with ID: 4580
2025-07-04 18:34:02,174 - INFO - Inserted economic event with ID: 4581
2025-07-04 18:34:02,177 - INFO - Inserted economic event with ID: 4582
2025-07-04 18:34:02,179 - INFO - Inserted economic event with ID: 4583
2025-07-04 18:34:02,182 - INFO - Inserted economic event with ID: 4584
2025-07-04 18:34:02,185 - INFO - Inserted economic event with ID: 4585
2025-07-04 18:34:02,188 - INFO - Inserted economic event with ID: 4586
2025-07-04 18:34:02,190 - INFO - Inserted economic event with ID: 4587
2025-07-04 18:34:02,193 - INFO - Inserted economic event with ID: 4588
2025-07-04 18:34:02,195 - INFO - Inserted economic event with ID: 4589
2025-07-04 18:34:02,198 - INFO - Inserted economic event with ID: 4590
2025-07-04 18:34:02,200 - INFO - Inserted economic event with ID: 4591
2025-07-04 18:34:02,204 - INFO - Inserted economic event with ID: 4592
2025-07-04 18:34:02,206 - INFO - Inserted economic event with ID: 4593
2025-07-04 18:34:02,209 - INFO - Inserted economic event with ID: 4594
2025-07-04 18:34:02,211 - INFO - Inserted economic event with ID: 4595
2025-07-04 18:34:02,214 - INFO - Inserted economic event with ID: 4596
2025-07-04 18:34:02,216 - INFO - Inserted economic event with ID: 4597
2025-07-04 18:34:02,219 - INFO - Inserted economic event with ID: 4598
2025-07-04 18:34:02,222 - INFO - Inserted economic event with ID: 4599
2025-07-04 18:34:02,224 - INFO - Inserted economic event with ID: 4600
2025-07-04 18:34:02,227 - INFO - Inserted economic event with ID: 4601
2025-07-04 18:34:02,229 - INFO - Inserted economic event with ID: 4602
2025-07-04 18:34:02,232 - INFO - Inserted economic event with ID: 4603
2025-07-04 18:34:02,234 - INFO - Inserted economic event with ID: 4604
2025-07-04 18:34:02,236 - INFO - Inserted economic event with ID: 4605
2025-07-04 18:34:02,239 - INFO - Inserted economic event with ID: 4606
2025-07-04 18:34:02,241 - INFO - Inserted economic event with ID: 4607
2025-07-04 18:34:02,243 - INFO - Inserted economic event with ID: 4608
2025-07-04 18:34:02,246 - INFO - Inserted economic event with ID: 4609
2025-07-04 18:34:02,250 - INFO - Inserted economic event with ID: 4610
2025-07-04 18:34:02,252 - INFO - Inserted economic event with ID: 4611
2025-07-04 18:34:02,255 - INFO - Inserted economic event with ID: 4612
2025-07-04 18:34:02,258 - INFO - Inserted economic event with ID: 4613
2025-07-04 18:34:02,262 - INFO - Inserted economic event with ID: 4614
2025-07-04 18:34:02,264 - INFO - Inserted economic event with ID: 4615
2025-07-04 18:34:02,267 - INFO - Inserted economic event with ID: 4616
2025-07-04 18:34:02,270 - INFO - Inserted economic event with ID: 4617
2025-07-04 18:34:02,273 - INFO - Inserted economic event with ID: 4618
2025-07-04 18:34:02,276 - INFO - Inserted economic event with ID: 4619
2025-07-04 18:34:02,279 - INFO - Inserted economic event with ID: 4620
2025-07-04 18:34:02,282 - INFO - Inserted economic event with ID: 4621
2025-07-04 18:34:02,284 - INFO - Inserted economic event with ID: 4622
2025-07-04 18:34:02,287 - INFO - Inserted economic event with ID: 4623
2025-07-04 18:34:02,289 - INFO - Inserted economic event with ID: 4624
2025-07-04 18:34:02,292 - INFO - Inserted economic event with ID: 4625
2025-07-04 18:34:02,295 - INFO - Inserted economic event with ID: 4626
2025-07-04 18:34:02,298 - INFO - Inserted economic event with ID: 4627
2025-07-04 18:34:02,301 - INFO - Inserted economic event with ID: 4628
2025-07-04 18:34:02,303 - INFO - Inserted economic event with ID: 4629
2025-07-04 18:34:02,305 - INFO - Inserted economic event with ID: 4630
2025-07-04 18:34:02,308 - INFO - Inserted economic event with ID: 4631
2025-07-04 18:34:02,311 - INFO - Inserted economic event with ID: 4632
2025-07-04 18:34:02,313 - INFO - Inserted economic event with ID: 4633
2025-07-04 18:34:02,316 - INFO - Inserted economic event with ID: 4634
2025-07-04 18:34:02,319 - INFO - Inserted economic event with ID: 4635
2025-07-04 18:34:02,322 - INFO - Inserted economic event with ID: 4636
2025-07-04 18:34:02,325 - INFO - Inserted economic event with ID: 4637
2025-07-04 18:34:02,327 - INFO - Inserted economic event with ID: 4638
2025-07-04 18:34:02,330 - INFO - Inserted economic event with ID: 4639
2025-07-04 18:34:02,333 - INFO - Inserted economic event with ID: 4640
2025-07-04 18:34:02,335 - INFO - Inserted economic event with ID: 4641
2025-07-04 18:34:02,338 - INFO - Inserted economic event with ID: 4642
2025-07-04 18:34:02,340 - INFO - Inserted economic event with ID: 4643
2025-07-04 18:34:02,343 - INFO - Inserted economic event with ID: 4644
2025-07-04 18:34:02,345 - INFO - Inserted economic event with ID: 4645
2025-07-04 18:34:02,347 - INFO - Inserted economic event with ID: 4646
2025-07-04 18:34:02,350 - INFO - Inserted economic event with ID: 4647
2025-07-04 18:34:02,353 - INFO - Inserted economic event with ID: 4648
2025-07-04 18:34:02,356 - INFO - Inserted economic event with ID: 4649
2025-07-04 18:34:02,358 - INFO - Inserted economic event with ID: 4650
2025-07-04 18:34:02,361 - INFO - Inserted economic event with ID: 4651
2025-07-04 18:34:02,363 - INFO - Inserted economic event with ID: 4652
2025-07-04 18:34:02,366 - INFO - Inserted economic event with ID: 4653
2025-07-04 18:34:02,370 - INFO - Inserted economic event with ID: 4654
2025-07-04 18:34:02,372 - INFO - Inserted economic event with ID: 4655
2025-07-04 18:34:02,374 - INFO - Inserted economic event with ID: 4656
2025-07-04 18:34:02,377 - INFO - Inserted economic event with ID: 4657
2025-07-04 18:34:02,379 - INFO - Inserted economic event with ID: 4658
2025-07-04 18:34:02,384 - INFO - Inserted economic event with ID: 4659
2025-07-04 18:34:02,386 - INFO - Inserted economic event with ID: 4660
2025-07-04 18:34:02,389 - INFO - Inserted economic event with ID: 4661
2025-07-04 18:34:02,391 - INFO - Inserted economic event with ID: 4662
2025-07-04 18:34:02,394 - INFO - Inserted economic event with ID: 4663
2025-07-04 18:34:02,396 - INFO - Inserted economic event with ID: 4664
2025-07-04 18:34:02,399 - INFO - Inserted economic event with ID: 4665
2025-07-04 18:34:02,401 - INFO - Inserted economic event with ID: 4666
2025-07-04 18:34:02,404 - INFO - Inserted economic event with ID: 4667
2025-07-04 18:34:02,406 - INFO - Inserted economic event with ID: 4668
2025-07-04 18:34:02,409 - INFO - Inserted economic event with ID: 4669
2025-07-04 18:34:02,411 - INFO - Inserted economic event with ID: 4670
2025-07-04 18:34:02,414 - INFO - Inserted economic event with ID: 4671
2025-07-04 18:34:02,417 - INFO - Inserted economic event with ID: 4672
2025-07-04 18:34:02,420 - INFO - Inserted economic event with ID: 4673
2025-07-04 18:34:02,422 - INFO - Inserted economic event with ID: 4674
2025-07-04 18:34:02,424 - INFO - Inserted economic event with ID: 4675
2025-07-04 18:34:02,427 - INFO - Inserted economic event with ID: 4676
2025-07-04 18:34:02,429 - INFO - Inserted economic event with ID: 4677
2025-07-04 18:34:02,433 - INFO - Inserted economic event with ID: 4678
2025-07-04 18:34:02,436 - INFO - Inserted economic event with ID: 4679
2025-07-04 18:34:02,438 - INFO - Inserted economic event with ID: 4680
2025-07-04 18:34:02,441 - INFO - Inserted economic event with ID: 4681
2025-07-04 18:34:02,444 - INFO - Inserted economic event with ID: 4682
2025-07-04 18:34:02,446 - INFO - Inserted economic event with ID: 4683
2025-07-04 18:34:02,449 - INFO - Inserted economic event with ID: 4684
2025-07-04 18:34:02,452 - INFO - Inserted economic event with ID: 4685
2025-07-04 18:34:02,454 - INFO - Inserted economic event with ID: 4686
2025-07-04 18:34:02,457 - INFO - Inserted economic event with ID: 4687
2025-07-04 18:34:02,460 - INFO - Inserted economic event with ID: 4688
2025-07-04 18:34:02,462 - INFO - Inserted economic event with ID: 4689
2025-07-04 18:34:02,465 - INFO - Inserted economic event with ID: 4690
2025-07-04 18:34:02,467 - INFO - Inserted economic event with ID: 4691
2025-07-04 18:34:02,470 - INFO - Inserted economic event with ID: 4692
2025-07-04 18:34:02,472 - INFO - Inserted economic event with ID: 4693
2025-07-04 18:34:02,475 - INFO - Inserted economic event with ID: 4694
2025-07-04 18:34:02,478 - INFO - Inserted economic event with ID: 4695
2025-07-04 18:34:02,481 - INFO - Inserted economic event with ID: 4696
2025-07-04 18:34:02,483 - INFO - Inserted economic event with ID: 4697
2025-07-04 18:34:02,487 - INFO - Inserted economic event with ID: 4698
2025-07-04 18:34:02,489 - INFO - Inserted economic event with ID: 4699
2025-07-04 18:34:02,492 - INFO - Inserted economic event with ID: 4700
2025-07-04 18:34:02,494 - INFO - Inserted economic event with ID: 4701
2025-07-04 18:34:02,497 - INFO - Inserted economic event with ID: 4702
2025-07-04 18:34:02,499 - INFO - Inserted economic event with ID: 4703
2025-07-04 18:34:02,501 - INFO - Inserted economic event with ID: 4704
2025-07-04 18:34:02,504 - INFO - Inserted economic event with ID: 4705
2025-07-04 18:34:02,507 - INFO - Inserted economic event with ID: 4706
2025-07-04 18:34:02,510 - INFO - Inserted economic event with ID: 4707
2025-07-04 18:34:02,513 - INFO - Inserted economic event with ID: 4708
2025-07-04 18:34:02,515 - INFO - Inserted economic event with ID: 4709
2025-07-04 18:34:02,518 - INFO - Inserted economic event with ID: 4710
2025-07-04 18:34:02,521 - INFO - Inserted economic event with ID: 4711
2025-07-04 18:34:02,523 - INFO - Inserted economic event with ID: 4712
2025-07-04 18:34:02,526 - INFO - Inserted economic event with ID: 4713
2025-07-04 18:34:02,528 - INFO - Inserted economic event with ID: 4714
2025-07-04 18:34:02,531 - INFO - Inserted economic event with ID: 4715
2025-07-04 18:34:02,534 - INFO - Inserted economic event with ID: 4716
2025-07-04 18:34:02,537 - INFO - Inserted economic event with ID: 4717
2025-07-04 18:34:02,540 - INFO - Inserted economic event with ID: 4718
2025-07-04 18:34:02,543 - INFO - Inserted economic event with ID: 4719
2025-07-04 18:34:02,545 - INFO - Inserted economic event with ID: 4720
2025-07-04 18:34:02,548 - INFO - Inserted economic event with ID: 4721
2025-07-04 18:34:02,550 - INFO - Inserted economic event with ID: 4722
2025-07-04 18:34:02,553 - INFO - Inserted economic event with ID: 4723
2025-07-04 18:34:02,556 - INFO - Inserted economic event with ID: 4724
2025-07-04 18:34:02,559 - INFO - Inserted economic event with ID: 4725
2025-07-04 18:34:02,562 - INFO - Inserted economic event with ID: 4726
2025-07-04 18:34:02,564 - INFO - Inserted economic event with ID: 4727
2025-07-04 18:34:02,567 - INFO - Inserted economic event with ID: 4728
2025-07-04 18:34:02,570 - INFO - Inserted economic event with ID: 4729
2025-07-04 18:34:02,572 - INFO - Inserted economic event with ID: 4730
2025-07-04 18:34:02,576 - INFO - Inserted economic event with ID: 4731
2025-07-04 18:34:02,579 - INFO - Inserted economic event with ID: 4732
2025-07-04 18:34:02,582 - INFO - Inserted economic event with ID: 4733
2025-07-04 18:34:02,585 - INFO - Inserted economic event with ID: 4734
2025-07-04 18:34:02,587 - INFO - Inserted economic event with ID: 4735
2025-07-04 18:34:02,590 - INFO - Inserted economic event with ID: 4736
2025-07-04 18:34:02,593 - INFO - Inserted economic event with ID: 4737
2025-07-04 18:34:02,596 - INFO - Inserted economic event with ID: 4738
2025-07-04 18:34:02,599 - INFO - Inserted economic event with ID: 4739
2025-07-04 18:34:02,602 - INFO - Inserted economic event with ID: 4740
2025-07-04 18:34:02,605 - INFO - Inserted economic event with ID: 4741
2025-07-04 18:34:02,609 - INFO - Inserted economic event with ID: 4742
2025-07-04 18:34:02,612 - INFO - Inserted economic event with ID: 4743
2025-07-04 18:34:02,614 - INFO - Inserted economic event with ID: 4744
2025-07-04 18:34:02,617 - INFO - Inserted economic event with ID: 4745
2025-07-04 18:34:02,620 - INFO - Inserted economic event with ID: 4746
2025-07-04 18:34:02,623 - INFO - Inserted economic event with ID: 4747
2025-07-04 18:34:02,626 - INFO - Inserted economic event with ID: 4748
2025-07-04 18:34:02,629 - INFO - Inserted economic event with ID: 4749
2025-07-04 18:34:02,632 - INFO - Inserted economic event with ID: 4750
2025-07-04 18:34:02,635 - INFO - Inserted economic event with ID: 4751
2025-07-04 18:34:02,638 - INFO - Inserted economic event with ID: 4752
2025-07-04 18:34:02,642 - INFO - Inserted economic event with ID: 4753
2025-07-04 18:34:02,644 - INFO - Inserted economic event with ID: 4754
2025-07-04 18:34:02,647 - INFO - Inserted economic event with ID: 4755
2025-07-04 18:34:02,650 - INFO - Inserted economic event with ID: 4756
2025-07-04 18:34:02,653 - INFO - Inserted economic event with ID: 4757
2025-07-04 18:34:02,655 - INFO - Inserted economic event with ID: 4758
2025-07-04 18:34:02,658 - INFO - Inserted economic event with ID: 4759
2025-07-04 18:34:02,662 - INFO - Inserted economic event with ID: 4760
2025-07-04 18:34:02,664 - INFO - Inserted economic event with ID: 4761
2025-07-04 18:34:02,668 - INFO - Inserted economic event with ID: 4762
2025-07-04 18:34:02,671 - INFO - Inserted economic event with ID: 4763
2025-07-04 18:34:02,674 - INFO - Inserted economic event with ID: 4764
2025-07-04 18:34:02,677 - INFO - Inserted economic event with ID: 4765
2025-07-04 18:34:02,680 - INFO - Inserted economic event with ID: 4766
2025-07-04 18:34:02,683 - INFO - Inserted economic event with ID: 4767
2025-07-04 18:34:02,686 - INFO - Inserted economic event with ID: 4768
2025-07-04 18:34:02,690 - INFO - Inserted economic event with ID: 4769
2025-07-04 18:34:02,693 - INFO - Inserted economic event with ID: 4770
2025-07-04 18:34:02,696 - INFO - Inserted economic event with ID: 4771
2025-07-04 18:34:02,699 - INFO - Inserted economic event with ID: 4772
2025-07-04 18:34:02,702 - INFO - Inserted economic event with ID: 4773
2025-07-04 18:34:02,705 - INFO - Inserted economic event with ID: 4774
2025-07-04 18:34:02,707 - INFO - Inserted economic event with ID: 4775
2025-07-04 18:34:02,710 - INFO - Inserted economic event with ID: 4776
2025-07-04 18:34:02,713 - INFO - Inserted economic event with ID: 4777
2025-07-04 18:34:02,716 - INFO - Inserted economic event with ID: 4778
2025-07-04 18:34:02,719 - INFO - Inserted economic event with ID: 4779
2025-07-04 18:34:02,722 - INFO - Inserted economic event with ID: 4780
2025-07-04 18:34:02,725 - INFO - Inserted economic event with ID: 4781
2025-07-04 18:34:02,727 - INFO - Inserted economic event with ID: 4782
2025-07-04 18:34:02,731 - INFO - Inserted economic event with ID: 4783
2025-07-04 18:34:02,733 - INFO - Inserted economic event with ID: 4784
2025-07-04 18:34:02,736 - INFO - Inserted economic event with ID: 4785
2025-07-04 18:34:02,739 - INFO - Inserted economic event with ID: 4786
2025-07-04 18:34:02,741 - INFO - Inserted economic event with ID: 4787
2025-07-04 18:34:02,744 - INFO - Inserted economic event with ID: 4788
2025-07-04 18:34:02,746 - INFO - Inserted economic event with ID: 4789
2025-07-04 18:34:02,749 - INFO - Inserted economic event with ID: 4790
2025-07-04 18:34:02,752 - INFO - Inserted economic event with ID: 4791
2025-07-04 18:34:02,754 - INFO - Inserted economic event with ID: 4792
2025-07-04 18:34:02,757 - INFO - Inserted economic event with ID: 4793
2025-07-04 18:34:02,760 - INFO - Inserted economic event with ID: 4794
2025-07-04 18:34:02,762 - INFO - Inserted economic event with ID: 4795
2025-07-04 18:34:02,766 - INFO - Inserted economic event with ID: 4796
2025-07-04 18:34:02,769 - INFO - Inserted economic event with ID: 4797
2025-07-04 18:34:02,772 - INFO - Inserted economic event with ID: 4798
2025-07-04 18:34:02,775 - INFO - Inserted economic event with ID: 4799
2025-07-04 18:34:02,777 - INFO - Inserted economic event with ID: 4800
2025-07-04 18:34:02,780 - INFO - Inserted economic event with ID: 4801
2025-07-04 18:34:02,783 - INFO - Inserted economic event with ID: 4802
2025-07-04 18:34:02,786 - INFO - Inserted economic event with ID: 4803
2025-07-04 18:34:02,788 - INFO - Inserted economic event with ID: 4804
2025-07-04 18:34:02,791 - INFO - Inserted economic event with ID: 4805
2025-07-04 18:34:02,794 - INFO - Inserted economic event with ID: 4806
2025-07-04 18:34:02,797 - INFO - Inserted economic event with ID: 4807
2025-07-04 18:34:02,800 - INFO - Inserted economic event with ID: 4808
2025-07-04 18:34:02,802 - INFO - Inserted economic event with ID: 4809
2025-07-04 18:34:02,805 - INFO - Inserted economic event with ID: 4810
2025-07-04 18:34:02,808 - INFO - Inserted economic event with ID: 4811
2025-07-04 18:34:02,810 - INFO - Inserted economic event with ID: 4812
2025-07-04 18:34:02,813 - INFO - Inserted economic event with ID: 4813
2025-07-04 18:34:02,816 - INFO - Inserted economic event with ID: 4814
2025-07-04 18:34:02,819 - INFO - Inserted economic event with ID: 4815
2025-07-04 18:34:02,822 - INFO - Inserted economic event with ID: 4816
2025-07-04 18:34:02,824 - INFO - Inserted economic event with ID: 4817
2025-07-04 18:34:02,827 - INFO - Inserted economic event with ID: 4818
2025-07-04 18:34:02,831 - INFO - Inserted economic event with ID: 4819
2025-07-04 18:34:02,834 - INFO - Inserted economic event with ID: 4820
2025-07-04 18:34:02,836 - INFO - Inserted economic event with ID: 4821
2025-07-04 18:34:02,839 - INFO - Inserted economic event with ID: 4822
2025-07-04 18:34:02,842 - INFO - Inserted economic event with ID: 4823
2025-07-04 18:34:02,845 - INFO - Inserted economic event with ID: 4824
2025-07-04 18:34:02,847 - INFO - Inserted economic event with ID: 4825
2025-07-04 18:34:02,849 - INFO - Inserted economic event with ID: 4826
2025-07-04 18:34:02,853 - INFO - Inserted economic event with ID: 4827
2025-07-04 18:34:02,856 - INFO - Inserted economic event with ID: 4828
2025-07-04 18:34:02,859 - INFO - Inserted economic event with ID: 4829
2025-07-04 18:34:02,862 - INFO - Inserted economic event with ID: 4830
2025-07-04 18:34:02,864 - INFO - Inserted economic event with ID: 4831
2025-07-04 18:34:02,866 - INFO - Inserted economic event with ID: 4832
2025-07-04 18:34:02,870 - INFO - Inserted economic event with ID: 4833
2025-07-04 18:34:02,874 - INFO - Inserted economic event with ID: 4834
2025-07-04 18:34:02,877 - INFO - Inserted economic event with ID: 4835
2025-07-04 18:34:02,880 - INFO - Inserted economic event with ID: 4836
2025-07-04 18:34:02,882 - INFO - Inserted economic event with ID: 4837
2025-07-04 18:34:02,885 - INFO - Inserted economic event with ID: 4838
2025-07-04 18:34:02,888 - INFO - Inserted economic event with ID: 4839
2025-07-04 18:34:02,890 - INFO - Inserted economic event with ID: 4840
2025-07-04 18:34:02,894 - INFO - Inserted economic event with ID: 4841
2025-07-04 18:34:02,896 - INFO - Inserted economic event with ID: 4842
2025-07-04 18:34:02,899 - INFO - Inserted economic event with ID: 4843
2025-07-04 18:34:02,902 - INFO - Inserted economic event with ID: 4844
2025-07-04 18:34:02,905 - INFO - Inserted economic event with ID: 4845
2025-07-04 18:34:02,908 - INFO - Inserted economic event with ID: 4846
2025-07-04 18:34:02,910 - INFO - Inserted economic event with ID: 4847
2025-07-04 18:34:02,914 - INFO - Inserted economic event with ID: 4848
2025-07-04 18:34:02,916 - INFO - Inserted economic event with ID: 4849
2025-07-04 18:34:02,919 - INFO - Inserted economic event with ID: 4850
2025-07-04 18:34:02,921 - INFO - Inserted economic event with ID: 4851
2025-07-04 18:34:02,924 - INFO - Inserted economic event with ID: 4852
2025-07-04 18:34:02,927 - INFO - Inserted economic event with ID: 4853
2025-07-04 18:34:02,931 - INFO - Inserted economic event with ID: 4854
2025-07-04 18:34:02,933 - INFO - Inserted economic event with ID: 4855
2025-07-04 18:34:02,936 - INFO - Inserted economic event with ID: 4856
2025-07-04 18:34:02,939 - INFO - Inserted economic event with ID: 4857
2025-07-04 18:34:02,942 - INFO - Inserted economic event with ID: 4858
2025-07-04 18:34:02,944 - INFO - Inserted economic event with ID: 4859
2025-07-04 18:34:02,947 - INFO - Inserted economic event with ID: 4860
2025-07-04 18:34:02,951 - INFO - Inserted economic event with ID: 4861
2025-07-04 18:34:02,953 - INFO - Inserted economic event with ID: 4862
2025-07-04 18:34:02,957 - INFO - Inserted economic event with ID: 4863
2025-07-04 18:34:02,960 - INFO - Inserted economic event with ID: 4864
2025-07-04 18:34:02,963 - INFO - Inserted economic event with ID: 4865
2025-07-04 18:34:02,965 - INFO - Inserted economic event with ID: 4866
2025-07-04 18:34:02,969 - INFO - Inserted economic event with ID: 4867
2025-07-04 18:34:02,972 - INFO - Inserted economic event with ID: 4868
2025-07-04 18:34:02,974 - INFO - Inserted economic event with ID: 4869
2025-07-04 18:34:02,977 - INFO - Inserted economic event with ID: 4870
2025-07-04 18:34:02,980 - INFO - Inserted economic event with ID: 4871
2025-07-04 18:34:02,983 - INFO - Inserted economic event with ID: 4872
2025-07-04 18:34:02,986 - INFO - Inserted economic event with ID: 4873
2025-07-04 18:34:02,988 - INFO - Inserted economic event with ID: 4874
2025-07-04 18:34:02,991 - INFO - Inserted economic event with ID: 4875
2025-07-04 18:34:02,995 - INFO - Inserted economic event with ID: 4876
2025-07-04 18:34:02,998 - INFO - Inserted economic event with ID: 4877
2025-07-04 18:34:03,000 - INFO - Inserted economic event with ID: 4878
2025-07-04 18:34:03,003 - INFO - Inserted economic event with ID: 4879
2025-07-04 18:34:03,007 - INFO - Inserted economic event with ID: 4880
2025-07-04 18:34:03,009 - INFO - Inserted economic event with ID: 4881
2025-07-04 18:34:03,011 - INFO - Inserted economic event with ID: 4882
2025-07-04 18:34:03,015 - INFO - Inserted economic event with ID: 4883
2025-07-04 18:34:03,017 - INFO - Inserted economic event with ID: 4884
2025-07-04 18:34:03,020 - INFO - Inserted economic event with ID: 4885
2025-07-04 18:34:03,024 - INFO - Inserted economic event with ID: 4886
2025-07-04 18:34:03,026 - INFO - Inserted economic event with ID: 4887
2025-07-04 18:34:03,029 - INFO - Inserted economic event with ID: 4888
2025-07-04 18:34:03,032 - INFO - Inserted economic event with ID: 4889
2025-07-04 18:34:03,035 - INFO - Inserted economic event with ID: 4890
2025-07-04 18:34:03,038 - INFO - Inserted economic event with ID: 4891
2025-07-04 18:34:03,040 - INFO - Inserted economic event with ID: 4892
2025-07-04 18:34:03,043 - INFO - Inserted economic event with ID: 4893
2025-07-04 18:34:03,045 - INFO - Inserted economic event with ID: 4894
2025-07-04 18:34:03,049 - INFO - Inserted economic event with ID: 4895
2025-07-04 18:34:03,051 - INFO - Inserted economic event with ID: 4896
2025-07-04 18:34:03,054 - INFO - Inserted economic event with ID: 4897
2025-07-04 18:34:03,056 - INFO - Inserted economic event with ID: 4898
2025-07-04 18:34:03,059 - INFO - Inserted economic event with ID: 4899
2025-07-04 18:34:03,063 - INFO - Inserted economic event with ID: 4900
2025-07-04 18:34:03,065 - INFO - Inserted economic event with ID: 4901
2025-07-04 18:34:03,068 - INFO - Inserted economic event with ID: 4902
2025-07-04 18:34:03,071 - INFO - Inserted economic event with ID: 4903
2025-07-04 18:34:03,075 - INFO - Inserted economic event with ID: 4904
2025-07-04 18:34:03,077 - INFO - Inserted economic event with ID: 4905
2025-07-04 18:34:03,081 - INFO - Inserted economic event with ID: 4906
2025-07-04 18:34:03,083 - INFO - Inserted economic event with ID: 4907
2025-07-04 18:34:03,087 - INFO - Inserted economic event with ID: 4908
2025-07-04 18:34:03,089 - INFO - Inserted economic event with ID: 4909
2025-07-04 18:34:03,092 - INFO - Inserted economic event with ID: 4910
2025-07-04 18:34:03,094 - INFO - Inserted economic event with ID: 4911
2025-07-04 18:34:03,098 - INFO - Inserted economic event with ID: 4912
2025-07-04 18:34:03,101 - INFO - Inserted economic event with ID: 4913
2025-07-04 18:34:03,104 - INFO - Inserted economic event with ID: 4914
2025-07-04 18:34:03,107 - INFO - Inserted economic event with ID: 4915
2025-07-04 18:34:03,109 - INFO - Inserted economic event with ID: 4916
2025-07-04 18:34:03,112 - INFO - Inserted economic event with ID: 4917
2025-07-04 18:34:03,114 - INFO - Inserted economic event with ID: 4918
2025-07-04 18:34:03,117 - INFO - Inserted economic event with ID: 4919
2025-07-04 18:34:03,120 - INFO - Inserted economic event with ID: 4920
2025-07-04 18:34:03,122 - INFO - Inserted economic event with ID: 4921
2025-07-04 18:34:03,124 - INFO - Inserted economic event with ID: 4922
2025-07-04 18:34:03,128 - INFO - Inserted economic event with ID: 4923
2025-07-04 18:34:03,130 - INFO - Inserted economic event with ID: 4924
2025-07-04 18:34:03,133 - INFO - Inserted economic event with ID: 4925
2025-07-04 18:34:03,135 - INFO - Inserted economic event with ID: 4926
2025-07-04 18:34:03,138 - INFO - Inserted economic event with ID: 4927
2025-07-04 18:34:03,141 - INFO - Inserted economic event with ID: 4928
2025-07-04 18:34:03,143 - INFO - Inserted economic event with ID: 4929
2025-07-04 18:34:03,146 - INFO - Inserted economic event with ID: 4930
2025-07-04 18:34:03,149 - INFO - Inserted economic event with ID: 4931
2025-07-04 18:34:03,151 - INFO - Inserted economic event with ID: 4932
2025-07-04 18:34:03,154 - INFO - Inserted economic event with ID: 4933
2025-07-04 18:34:03,157 - INFO - Inserted economic event with ID: 4934
2025-07-04 18:34:03,159 - INFO - Inserted economic event with ID: 4935
2025-07-04 18:34:03,162 - INFO - Inserted economic event with ID: 4936
2025-07-04 18:34:03,164 - INFO - Inserted economic event with ID: 4937
2025-07-04 18:34:03,168 - INFO - Inserted economic event with ID: 4938
2025-07-04 18:34:03,171 - INFO - Inserted economic event with ID: 4939
2025-07-04 18:34:03,174 - INFO - Inserted economic event with ID: 4940
2025-07-04 18:34:03,176 - INFO - Inserted economic event with ID: 4941
2025-07-04 18:34:03,179 - INFO - Inserted economic event with ID: 4942
2025-07-04 18:34:03,181 - INFO - Inserted economic event with ID: 4943
2025-07-04 18:34:03,184 - INFO - Inserted economic event with ID: 4944
2025-07-04 18:34:03,186 - INFO - Inserted economic event with ID: 4945
2025-07-04 18:34:03,189 - INFO - Inserted economic event with ID: 4946
2025-07-04 18:34:03,192 - INFO - Inserted economic event with ID: 4947
2025-07-04 18:34:03,195 - INFO - Inserted economic event with ID: 4948
2025-07-04 18:34:03,198 - INFO - Inserted economic event with ID: 4949
2025-07-04 18:34:03,201 - INFO - Inserted economic event with ID: 4950
2025-07-04 18:34:03,204 - INFO - Inserted economic event with ID: 4951
2025-07-04 18:34:03,206 - INFO - Inserted economic event with ID: 4952
2025-07-04 18:34:03,209 - INFO - Inserted economic event with ID: 4953
2025-07-04 18:34:03,211 - INFO - Inserted economic event with ID: 4954
2025-07-04 18:34:03,215 - INFO - Inserted economic event with ID: 4955
2025-07-04 18:34:03,217 - INFO - Inserted economic event with ID: 4956
2025-07-04 18:34:03,220 - INFO - Inserted economic event with ID: 4957
2025-07-04 18:34:03,223 - INFO - Inserted economic event with ID: 4958
2025-07-04 18:34:03,226 - INFO - Inserted economic event with ID: 4959
2025-07-04 18:34:03,228 - INFO - Inserted economic event with ID: 4960
2025-07-04 18:34:03,231 - INFO - Inserted economic event with ID: 4961
2025-07-04 18:34:03,234 - INFO - Inserted economic event with ID: 4962
2025-07-04 18:34:03,236 - INFO - Inserted economic event with ID: 4963
2025-07-04 18:34:03,240 - INFO - Inserted economic event with ID: 4964
2025-07-04 18:34:03,242 - INFO - Inserted economic event with ID: 4965
2025-07-04 18:34:03,245 - INFO - Inserted economic event with ID: 4966
2025-07-04 18:34:03,248 - INFO - Inserted economic event with ID: 4967
2025-07-04 18:34:03,251 - INFO - Inserted economic event with ID: 4968
2025-07-04 18:34:03,253 - INFO - Inserted economic event with ID: 4969
2025-07-04 18:34:03,257 - INFO - Inserted economic event with ID: 4970
2025-07-04 18:34:03,260 - INFO - Inserted economic event with ID: 4971
2025-07-04 18:34:03,262 - INFO - Inserted economic event with ID: 4972
2025-07-04 18:34:03,265 - INFO - Inserted economic event with ID: 4973
2025-07-04 18:34:03,267 - INFO - Inserted economic event with ID: 4974
2025-07-04 18:34:03,271 - INFO - Inserted economic event with ID: 4975
2025-07-04 18:34:03,274 - INFO - Inserted economic event with ID: 4976
2025-07-04 18:34:03,277 - INFO - Inserted economic event with ID: 4977
2025-07-04 18:34:03,279 - INFO - Inserted economic event with ID: 4978
2025-07-04 18:34:03,282 - INFO - Inserted economic event with ID: 4979
2025-07-04 18:34:03,284 - INFO - Inserted economic event with ID: 4980
2025-07-04 18:34:03,287 - INFO - Inserted economic event with ID: 4981
2025-07-04 18:34:03,290 - INFO - Inserted economic event with ID: 4982
2025-07-04 18:34:03,292 - INFO - Inserted economic event with ID: 4983
2025-07-04 18:34:03,295 - INFO - Inserted economic event with ID: 4984
2025-07-04 18:34:03,298 - INFO - Inserted economic event with ID: 4985
2025-07-04 18:34:03,300 - INFO - Inserted economic event with ID: 4986
2025-07-04 18:34:03,303 - INFO - Inserted economic event with ID: 4987
2025-07-04 18:34:03,305 - INFO - Inserted economic event with ID: 4988
2025-07-04 18:34:03,308 - INFO - Inserted economic event with ID: 4989
2025-07-04 18:34:03,310 - INFO - Inserted economic event with ID: 4990
2025-07-04 18:34:03,314 - INFO - Inserted economic event with ID: 4991
2025-07-04 18:34:03,316 - INFO - Inserted economic event with ID: 4992
2025-07-04 18:34:03,319 - INFO - Inserted economic event with ID: 4993
2025-07-04 18:34:03,322 - INFO - Inserted economic event with ID: 4994
2025-07-04 18:34:03,325 - INFO - Inserted economic event with ID: 4995
2025-07-04 18:34:03,328 - INFO - Inserted economic event with ID: 4996
2025-07-04 18:34:03,330 - INFO - Inserted economic event with ID: 4997
2025-07-04 18:34:03,333 - INFO - Inserted economic event with ID: 4998
2025-07-04 18:34:03,336 - INFO - Inserted economic event with ID: 4999
2025-07-04 18:34:03,340 - INFO - Inserted economic event with ID: 5000
2025-07-04 18:34:03,343 - INFO - Inserted economic event with ID: 5001
2025-07-04 18:34:03,346 - INFO - Inserted economic event with ID: 5002
2025-07-04 18:34:03,349 - INFO - Inserted economic event with ID: 5003
2025-07-04 18:34:03,352 - INFO - Inserted economic event with ID: 5004
2025-07-04 18:34:03,356 - INFO - Inserted economic event with ID: 5005
2025-07-04 18:34:03,359 - INFO - Inserted economic event with ID: 5006
2025-07-04 18:34:03,362 - INFO - Inserted economic event with ID: 5007
2025-07-04 18:34:03,365 - INFO - Inserted economic event with ID: 5008
2025-07-04 18:34:03,367 - INFO - Inserted economic event with ID: 5009
2025-07-04 18:34:03,371 - INFO - Inserted economic event with ID: 5010
2025-07-04 18:34:03,374 - INFO - Inserted economic event with ID: 5011
2025-07-04 18:34:03,376 - INFO - Inserted economic event with ID: 5012
2025-07-04 18:34:03,379 - INFO - Inserted economic event with ID: 5013
2025-07-04 18:34:03,382 - INFO - Inserted economic event with ID: 5014
2025-07-04 18:34:03,385 - INFO - Inserted economic event with ID: 5015
2025-07-04 18:34:03,388 - INFO - Inserted economic event with ID: 5016
2025-07-04 18:34:03,390 - INFO - Inserted economic event with ID: 5017
2025-07-04 18:34:03,393 - INFO - Inserted economic event with ID: 5018
2025-07-04 18:34:03,396 - INFO - Inserted economic event with ID: 5019


[MESSARI STDERR @ 2025-07-04 18:34:09.838369]


[TWELVE_DATA STDERR @ 2025-07-04 18:34:13.277773]


[BENZINGA STDERR @ 2025-07-04 18:41:31.794217]
2025-07-04 18:41:31,698 - WARNING - \u26a0\ufe0f Data store module not available: No module named 'sqlalchemy'


[POLYGON STDERR @ 2025-07-04 18:41:34.277190]
2025-07-04 18:41:33,436 - ERROR - [Polygon] Error fetching SPX: 'v'
2025-07-04 18:41:34,149 - ERROR - [Polygon] Error fetching NDX: 'v'
2025-07-04 18:41:34,257 - ERROR - [Polygon] Error fetching RUT: 'v'


[FMP STDERR @ 2025-07-04 18:41:37.045554]
2025-07-04 18:41:34,632 - INFO - Database tables created successfully
2025-07-04 18:41:34,632 - INFO - Database initialization completed
2025-07-04 18:41:34,632 - INFO - MacroIntel Data Store initialized with SQLAlchemy ORM
2025-07-04 18:41:34,632 - INFO - \u2705 Data store module imported successfully
2025-07-04 18:41:34,991 - INFO - Inserted economic event with ID: 5020
2025-07-04 18:41:34,994 - INFO - Inserted economic event with ID: 5021
2025-07-04 18:41:34,997 - INFO - Inserted economic event with ID: 5022
2025-07-04 18:41:35,000 - INFO - Inserted economic event with ID: 5023
2025-07-04 18:41:35,003 - INFO - Inserted economic event with ID: 5024
2025-07-04 18:41:35,005 - INFO - Inserted economic event with ID: 5025
2025-07-04 18:41:35,008 - INFO - Inserted economic event with ID: 5026
2025-07-04 18:41:35,011 - INFO - Inserted economic event with ID: 5027
2025-07-04 18:41:35,013 - INFO - Inserted economic event with ID: 5028
2025-07-04 18:41:35,016 - INFO - Inserted economic event with ID: 5029
2025-07-04 18:41:35,018 - INFO - Inserted economic event with ID: 5030
2025-07-04 18:41:35,022 - INFO - Inserted economic event with ID: 5031
2025-07-04 18:41:35,025 - INFO - Inserted economic event with ID: 5032
2025-07-04 18:41:35,028 - INFO - Inserted economic event with ID: 5033
2025-07-04 18:41:35,031 - INFO - Inserted economic event with ID: 5034
2025-07-04 18:41:35,033 - INFO - Inserted economic event with ID: 5035
2025-07-04 18:41:35,036 - INFO - Inserted economic event with ID: 5036
2025-07-04 18:41:35,038 - INFO - Inserted economic event with ID: 5037
2025-07-04 18:41:35,041 - INFO - Inserted economic event with ID: 5038
2025-07-04 18:41:35,044 - INFO - Inserted economic event with ID: 5039
2025-07-04 18:41:35,046 - INFO - Inserted economic event with ID: 5040
2025-07-04 18:41:35,049 - INFO - Inserted economic event with ID: 5041
2025-07-04 18:41:35,051 - INFO - Inserted economic event with ID: 5042
2025-07-04 18:41:35,053 - INFO - Inserted economic event with ID: 5043
2025-07-04 18:41:35,056 - INFO - Inserted economic event with ID: 5044
2025-07-04 18:41:35,058 - INFO - Inserted economic event with ID: 5045
2025-07-04 18:41:35,060 - INFO - Inserted economic event with ID: 5046
2025-07-04 18:41:35,063 - INFO - Inserted economic event with ID: 5047
2025-07-04 18:41:35,066 - INFO - Inserted economic event with ID: 5048
2025-07-04 18:41:35,069 - INFO - Inserted economic event with ID: 5049
2025-07-04 18:41:35,071 - INFO - Inserted economic event with ID: 5050
2025-07-04 18:41:35,074 - INFO - Inserted economic event with ID: 5051
2025-07-04 18:41:35,076 - INFO - Inserted economic event with ID: 5052
2025-07-04 18:41:35,079 - INFO - Inserted economic event with ID: 5053
2025-07-04 18:41:35,081 - INFO - Inserted economic event with ID: 5054
2025-07-04 18:41:35,085 - INFO - Inserted economic event with ID: 5055
2025-07-04 18:41:35,088 - INFO - Inserted economic event with ID: 5056
2025-07-04 18:41:35,090 - INFO - Inserted economic event with ID: 5057
2025-07-04 18:41:35,093 - INFO - Inserted economic event with ID: 5058
2025-07-04 18:41:35,096 - INFO - Inserted economic event with ID: 5059
2025-07-04 18:41:35,098 - INFO - Inserted economic event with ID: 5060
2025-07-04 18:41:35,100 - INFO - Inserted economic event with ID: 5061
2025-07-04 18:41:35,103 - INFO - Inserted economic event with ID: 5062
2025-07-04 18:41:35,105 - INFO - Inserted economic event with ID: 5063
2025-07-04 18:41:35,107 - INFO - Inserted economic event with ID: 5064
2025-07-04 18:41:35,110 - INFO - Inserted economic event with ID: 5065
2025-07-04 18:41:35,113 - INFO - Inserted economic event with ID: 5066
2025-07-04 18:41:35,116 - INFO - Inserted economic event with ID: 5067
2025-07-04 18:41:35,118 - INFO - Inserted economic event with ID: 5068
2025-07-04 18:41:35,121 - INFO - Inserted economic event with ID: 5069
2025-07-04 18:41:35,123 - INFO - Inserted economic event with ID: 5070
2025-07-04 18:41:35,126 - INFO - Inserted economic event with ID: 5071
2025-07-04 18:41:35,129 - INFO - Inserted economic event with ID: 5072
2025-07-04 18:41:35,132 - INFO - Inserted economic event with ID: 5073
2025-07-04 18:41:35,133 - INFO - Inserted economic event with ID: 5074
2025-07-04 18:41:35,137 - INFO - Inserted economic event with ID: 5075
2025-07-04 18:41:35,139 - INFO - Inserted economic event with ID: 5076
2025-07-04 18:41:35,142 - INFO - Inserted economic event with ID: 5077
2025-07-04 18:41:35,144 - INFO - Inserted economic event with ID: 5078
2025-07-04 18:41:35,147 - INFO - Inserted economic event with ID: 5079
2025-07-04 18:41:35,150 - INFO - Inserted economic event with ID: 5080
2025-07-04 18:41:35,152 - INFO - Inserted economic event with ID: 5081
2025-07-04 18:41:35,155 - INFO - Inserted economic event with ID: 5082
2025-07-04 18:41:35,158 - INFO - Inserted economic event with ID: 5083
2025-07-04 18:41:35,160 - INFO - Inserted economic event with ID: 5084
2025-07-04 18:41:35,164 - INFO - Inserted economic event with ID: 5085
2025-07-04 18:41:35,165 - INFO - Inserted economic event with ID: 5086
2025-07-04 18:41:35,168 - INFO - Inserted economic event with ID: 5087
2025-07-04 18:41:35,170 - INFO - Inserted economic event with ID: 5088
2025-07-04 18:41:35,173 - INFO - Inserted economic event with ID: 5089
2025-07-04 18:41:35,176 - INFO - Inserted economic event with ID: 5090
2025-07-04 18:41:35,179 - INFO - Inserted economic event with ID: 5091
2025-07-04 18:41:35,181 - INFO - Inserted economic event with ID: 5092
2025-07-04 18:41:35,184 - INFO - Inserted economic event with ID: 5093
2025-07-04 18:41:35,186 - INFO - Inserted economic event with ID: 5094
2025-07-04 18:41:35,189 - INFO - Inserted economic event with ID: 5095
2025-07-04 18:41:35,192 - INFO - Inserted economic event with ID: 5096
2025-07-04 18:41:35,194 - INFO - Inserted economic event with ID: 5097
2025-07-04 18:41:35,197 - INFO - Inserted economic event with ID: 5098
2025-07-04 18:41:35,200 - INFO - Inserted economic event with ID: 5099
2025-07-04 18:41:35,202 - INFO - Inserted economic event with ID: 5100
2025-07-04 18:41:35,206 - INFO - Inserted economic event with ID: 5101
2025-07-04 18:41:35,208 - INFO - Inserted economic event with ID: 5102
2025-07-04 18:41:35,211 - INFO - Inserted economic event with ID: 5103
2025-07-04 18:41:35,214 - INFO - Inserted economic event with ID: 5104
2025-07-04 18:41:35,217 - INFO - Inserted economic event with ID: 5105
2025-07-04 18:41:35,219 - INFO - Inserted economic event with ID: 5106
2025-07-04 18:41:35,221 - INFO - Inserted economic event with ID: 5107
2025-07-04 18:41:35,223 - INFO - Inserted economic event with ID: 5108
2025-07-04 18:41:35,226 - INFO - Inserted economic event with ID: 5109
2025-07-04 18:41:35,228 - INFO - Inserted economic event with ID: 5110
2025-07-04 18:41:35,231 - INFO - Inserted economic event with ID: 5111
2025-07-04 18:41:35,233 - INFO - Inserted economic event with ID: 5112
2025-07-04 18:41:35,236 - INFO - Inserted economic event with ID: 5113
2025-07-04 18:41:35,238 - INFO - Inserted economic event with ID: 5114
2025-07-04 18:41:35,241 - INFO - Inserted economic event with ID: 5115
2025-07-04 18:41:35,243 - INFO - Inserted economic event with ID: 5116
2025-07-04 18:41:35,245 - INFO - Inserted economic event with ID: 5117
2025-07-04 18:41:35,248 - INFO - Inserted economic event with ID: 5118
2025-07-04 18:41:35,251 - INFO - Inserted economic event with ID: 5119
2025-07-04 18:41:35,253 - INFO - Inserted economic event with ID: 5120
2025-07-04 18:41:35,256 - INFO - Inserted economic event with ID: 5121
2025-07-04 18:41:35,258 - INFO - Inserted economic event with ID: 5122
2025-07-04 18:41:35,261 - INFO - Inserted economic event with ID: 5123
2025-07-04 18:41:35,263 - INFO - Inserted economic event with ID: 5124
2025-07-04 18:41:35,266 - INFO - Inserted economic event with ID: 5125
2025-07-04 18:41:35,269 - INFO - Inserted economic event with ID: 5126
2025-07-04 18:41:35,272 - INFO - Inserted economic event with ID: 5127
2025-07-04 18:41:35,274 - INFO - Inserted economic event with ID: 5128
2025-07-04 18:41:35,277 - INFO - Inserted economic event with ID: 5129
2025-07-04 18:41:35,279 - INFO - Inserted economic event with ID: 5130
2025-07-04 18:41:35,282 - INFO - Inserted economic event with ID: 5131
2025-07-04 18:41:35,284 - INFO - Inserted economic event with ID: 5132
2025-07-04 18:41:35,287 - INFO - Inserted economic event with ID: 5133
2025-07-04 18:41:35,289 - INFO - Inserted economic event with ID: 5134
2025-07-04 18:41:35,291 - INFO - Inserted economic event with ID: 5135
2025-07-04 18:41:35,294 - INFO - Inserted economic event with ID: 5136
2025-07-04 18:41:35,298 - INFO - Inserted economic event with ID: 5137
2025-07-04 18:41:35,299 - INFO - Inserted economic event with ID: 5138
2025-07-04 18:41:35,302 - INFO - Inserted economic event with ID: 5139
2025-07-04 18:41:35,305 - INFO - Inserted economic event with ID: 5140
2025-07-04 18:41:35,307 - INFO - Inserted economic event with ID: 5141
2025-07-04 18:41:35,310 - INFO - Inserted economic event with ID: 5142
2025-07-04 18:41:35,313 - INFO - Inserted economic event with ID: 5143
2025-07-04 18:41:35,316 - INFO - Inserted economic event with ID: 5144
2025-07-04 18:41:35,317 - INFO - Inserted economic event with ID: 5145
2025-07-04 18:41:35,321 - INFO - Inserted economic event with ID: 5146
2025-07-04 18:41:35,324 - INFO - Inserted economic event with ID: 5147
2025-07-04 18:41:35,326 - INFO - Inserted economic event with ID: 5148
2025-07-04 18:41:35,328 - INFO - Inserted economic event with ID: 5149
2025-07-04 18:41:35,330 - INFO - Inserted economic event with ID: 5150
2025-07-04 18:41:35,334 - INFO - Inserted economic event with ID: 5151
2025-07-04 18:41:35,336 - INFO - Inserted economic event with ID: 5152
2025-07-04 18:41:35,339 - INFO - Inserted economic event with ID: 5153
2025-07-04 18:41:35,341 - INFO - Inserted economic event with ID: 5154
2025-07-04 18:41:35,345 - INFO - Inserted economic event with ID: 5155
2025-07-04 18:41:35,347 - INFO - Inserted economic event with ID: 5156
2025-07-04 18:41:35,349 - INFO - Inserted economic event with ID: 5157
2025-07-04 18:41:35,352 - INFO - Inserted economic event with ID: 5158
2025-07-04 18:41:35,355 - INFO - Inserted economic event with ID: 5159
2025-07-04 18:41:35,358 - INFO - Inserted economic event with ID: 5160
2025-07-04 18:41:35,360 - INFO - Inserted economic event with ID: 5161
2025-07-04 18:41:35,363 - INFO - Inserted economic event with ID: 5162
2025-07-04 18:41:35,365 - INFO - Inserted economic event with ID: 5163
2025-07-04 18:41:35,369 - INFO - Inserted economic event with ID: 5164
2025-07-04 18:41:35,372 - INFO - Inserted economic event with ID: 5165
2025-07-04 18:41:35,374 - INFO - Inserted economic event with ID: 5166
2025-07-04 18:41:35,376 - INFO - Inserted economic event with ID: 5167
2025-07-04 18:41:35,378 - INFO - Inserted economic event with ID: 5168
2025-07-04 18:41:35,381 - INFO - Inserted economic event with ID: 5169
2025-07-04 18:41:35,384 - INFO - Inserted economic event with ID: 5170
2025-07-04 18:41:35,387 - INFO - Inserted economic event with ID: 5171
2025-07-04 18:41:35,390 - INFO - Inserted economic event with ID: 5172
2025-07-04 18:41:35,393 - INFO - Inserted economic event with ID: 5173
2025-07-04 18:41:35,396 - INFO - Inserted economic event with ID: 5174
2025-07-04 18:41:35,399 - INFO - Inserted economic event with ID: 5175
2025-07-04 18:41:35,401 - INFO - Inserted economic event with ID: 5176
2025-07-04 18:41:35,405 - INFO - Inserted economic event with ID: 5177
2025-07-04 18:41:35,408 - INFO - Inserted economic event with ID: 5178
2025-07-04 18:41:35,410 - INFO - Inserted economic event with ID: 5179
2025-07-04 18:41:35,413 - INFO - Inserted economic event with ID: 5180
2025-07-04 18:41:35,416 - INFO - Inserted economic event with ID: 5181
2025-07-04 18:41:35,418 - INFO - Inserted economic event with ID: 5182
2025-07-04 18:41:35,421 - INFO - Inserted economic event with ID: 5183
2025-07-04 18:41:35,423 - INFO - Inserted economic event with ID: 5184
2025-07-04 18:41:35,426 - INFO - Inserted economic event with ID: 5185
2025-07-04 18:41:35,429 - INFO - Inserted economic event with ID: 5186
2025-07-04 18:41:35,432 - INFO - Inserted economic event with ID: 5187
2025-07-04 18:41:35,434 - INFO - Inserted economic event with ID: 5188
2025-07-04 18:41:35,437 - INFO - Inserted economic event with ID: 5189
2025-07-04 18:41:35,439 - INFO - Inserted economic event with ID: 5190
2025-07-04 18:41:35,442 - INFO - Inserted economic event with ID: 5191
2025-07-04 18:41:35,445 - INFO - Inserted economic event with ID: 5192
2025-07-04 18:41:35,447 - INFO - Inserted economic event with ID: 5193
2025-07-04 18:41:35,450 - INFO - Inserted economic event with ID: 5194
2025-07-04 18:41:35,453 - INFO - Inserted economic event with ID: 5195
2025-07-04 18:41:35,455 - INFO - Inserted economic event with ID: 5196
2025-07-04 18:41:35,458 - INFO - Inserted economic event with ID: 5197
2025-07-04 18:41:35,461 - INFO - Inserted economic event with ID: 5198
2025-07-04 18:41:35,463 - INFO - Inserted economic event with ID: 5199
2025-07-04 18:41:35,466 - INFO - Inserted economic event with ID: 5200
2025-07-04 18:41:35,469 - INFO - Inserted economic event with ID: 5201
2025-07-04 18:41:35,472 - INFO - Inserted economic event with ID: 5202
2025-07-04 18:41:35,474 - INFO - Inserted economic event with ID: 5203
2025-07-04 18:41:35,477 - INFO - Inserted economic event with ID: 5204
2025-07-04 18:41:35,480 - INFO - Inserted economic event with ID: 5205
2025-07-04 18:41:35,482 - INFO - Inserted economic event with ID: 5206
2025-07-04 18:41:35,485 - INFO - Inserted economic event with ID: 5207
2025-07-04 18:41:35,487 - INFO - Inserted economic event with ID: 5208
2025-07-04 18:41:35,490 - INFO - Inserted economic event with ID: 5209
2025-07-04 18:41:35,493 - INFO - Inserted economic event with ID: 5210
2025-07-04 18:41:35,495 - INFO - Inserted economic event with ID: 5211
2025-07-04 18:41:35,498 - INFO - Inserted economic event with ID: 5212
2025-07-04 18:41:35,501 - INFO - Inserted economic event with ID: 5213
2025-07-04 18:41:35,504 - INFO - Inserted economic event with ID: 5214
2025-07-04 18:41:35,507 - INFO - Inserted economic event with ID: 5215
2025-07-04 18:41:35,509 - INFO - Inserted economic event with ID: 5216
2025-07-04 18:41:35,512 - INFO - Inserted economic event with ID: 5217
2025-07-04 18:41:35,515 - INFO - Inserted economic event with ID: 5218
2025-07-04 18:41:35,517 - INFO - Inserted economic event with ID: 5219
2025-07-04 18:41:35,520 - INFO - Inserted economic event with ID: 5220
2025-07-04 18:41:35,523 - INFO - Inserted economic event with ID: 5221
2025-07-04 18:41:35,526 - INFO - Inserted economic event with ID: 5222
2025-07-04 18:41:35,528 - INFO - Inserted economic event with ID: 5223
2025-07-04 18:41:35,530 - INFO - Inserted economic event with ID: 5224
2025-07-04 18:41:35,533 - INFO - Inserted economic event with ID: 5225
2025-07-04 18:41:35,536 - INFO - Inserted economic event with ID: 5226
2025-07-04 18:41:35,539 - INFO - Inserted economic event with ID: 5227
2025-07-04 18:41:35,541 - INFO - Inserted economic event with ID: 5228
2025-07-04 18:41:35,544 - INFO - Inserted economic event with ID: 5229
2025-07-04 18:41:35,546 - INFO - Inserted economic event with ID: 5230
2025-07-04 18:41:35,549 - INFO - Inserted economic event with ID: 5231
2025-07-04 18:41:35,551 - INFO - Inserted economic event with ID: 5232
2025-07-04 18:41:35,553 - INFO - Inserted economic event with ID: 5233
2025-07-04 18:41:35,557 - INFO - Inserted economic event with ID: 5234
2025-07-04 18:41:35,559 - INFO - Inserted economic event with ID: 5235
2025-07-04 18:41:35,561 - INFO - Inserted economic event with ID: 5236
2025-07-04 18:41:35,564 - INFO - Inserted economic event with ID: 5237
2025-07-04 18:41:35,567 - INFO - Inserted economic event with ID: 5238
2025-07-04 18:41:35,569 - INFO - Inserted economic event with ID: 5239
2025-07-04 18:41:35,572 - INFO - Inserted economic event with ID: 5240
2025-07-04 18:41:35,574 - INFO - Inserted economic event with ID: 5241
2025-07-04 18:41:35,577 - INFO - Inserted economic event with ID: 5242
2025-07-04 18:41:35,581 - INFO - Inserted economic event with ID: 5243
2025-07-04 18:41:35,584 - INFO - Inserted economic event with ID: 5244
2025-07-04 18:41:35,587 - INFO - Inserted economic event with ID: 5245
2025-07-04 18:41:35,590 - INFO - Inserted economic event with ID: 5246
2025-07-04 18:41:35,593 - INFO - Inserted economic event with ID: 5247
2025-07-04 18:41:35,598 - INFO - Inserted economic event with ID: 5248
2025-07-04 18:41:35,601 - INFO - Inserted economic event with ID: 5249
2025-07-04 18:41:35,604 - INFO - Inserted economic event with ID: 5250
2025-07-04 18:41:35,606 - INFO - Inserted economic event with ID: 5251
2025-07-04 18:41:35,610 - INFO - Inserted economic event with ID: 5252
2025-07-04 18:41:35,613 - INFO - Inserted economic event with ID: 5253
2025-07-04 18:41:35,616 - INFO - Inserted economic event with ID: 5254
2025-07-04 18:41:35,620 - INFO - Inserted economic event with ID: 5255
2025-07-04 18:41:35,623 - INFO - Inserted economic event with ID: 5256
2025-07-04 18:41:35,626 - INFO - Inserted economic event with ID: 5257
2025-07-04 18:41:35,630 - INFO - Inserted economic event with ID: 5258
2025-07-04 18:41:35,632 - INFO - Inserted economic event with ID: 5259
2025-07-04 18:41:35,635 - INFO - Inserted economic event with ID: 5260
2025-07-04 18:41:35,638 - INFO - Inserted economic event with ID: 5261
2025-07-04 18:41:35,641 - INFO - Inserted economic event with ID: 5262
2025-07-04 18:41:35,644 - INFO - Inserted economic event with ID: 5263
2025-07-04 18:41:35,648 - INFO - Inserted economic event with ID: 5264
2025-07-04 18:41:35,651 - INFO - Inserted economic event with ID: 5265
2025-07-04 18:41:35,655 - INFO - Inserted economic event with ID: 5266
2025-07-04 18:41:35,658 - INFO - Inserted economic event with ID: 5267
2025-07-04 18:41:35,661 - INFO - Inserted economic event with ID: 5268
2025-07-04 18:41:35,664 - INFO - Inserted economic event with ID: 5269
2025-07-04 18:41:35,668 - INFO - Inserted economic event with ID: 5270
2025-07-04 18:41:35,671 - INFO - Inserted economic event with ID: 5271
2025-07-04 18:41:35,674 - INFO - Inserted economic event with ID: 5272
2025-07-04 18:41:35,677 - INFO - Inserted economic event with ID: 5273
2025-07-04 18:41:35,680 - INFO - Inserted economic event with ID: 5274
2025-07-04 18:41:35,683 - INFO - Inserted economic event with ID: 5275
2025-07-04 18:41:35,686 - INFO - Inserted economic event with ID: 5276
2025-07-04 18:41:35,689 - INFO - Inserted economic event with ID: 5277
2025-07-04 18:41:35,693 - INFO - Inserted economic event with ID: 5278
2025-07-04 18:41:35,696 - INFO - Inserted economic event with ID: 5279
2025-07-04 18:41:35,699 - INFO - Inserted economic event with ID: 5280
2025-07-04 18:41:35,701 - INFO - Inserted economic event with ID: 5281
2025-07-04 18:41:35,705 - INFO - Inserted economic event with ID: 5282
2025-07-04 18:41:35,707 - INFO - Inserted economic event with ID: 5283
2025-07-04 18:41:35,711 - INFO - Inserted economic event with ID: 5284
2025-07-04 18:41:35,713 - INFO - Inserted economic event with ID: 5285
2025-07-04 18:41:35,715 - INFO - Inserted economic event with ID: 5286
2025-07-04 18:41:35,719 - INFO - Inserted economic event with ID: 5287
2025-07-04 18:41:35,721 - INFO - Inserted economic event with ID: 5288
2025-07-04 18:41:35,723 - INFO - Inserted economic event with ID: 5289
2025-07-04 18:41:35,726 - INFO - Inserted economic event with ID: 5290
2025-07-04 18:41:35,729 - INFO - Inserted economic event with ID: 5291
2025-07-04 18:41:35,731 - INFO - Inserted economic event with ID: 5292
2025-07-04 18:41:35,733 - INFO - Inserted economic event with ID: 5293
2025-07-04 18:41:35,736 - INFO - Inserted economic event with ID: 5294
2025-07-04 18:41:35,739 - INFO - Inserted economic event with ID: 5295
2025-07-04 18:41:35,741 - INFO - Inserted economic event with ID: 5296
2025-07-04 18:41:35,744 - INFO - Inserted economic event with ID: 5297
2025-07-04 18:41:35,746 - INFO - Inserted economic event with ID: 5298
2025-07-04 18:41:35,750 - INFO - Inserted economic event with ID: 5299
2025-07-04 18:41:35,753 - INFO - Inserted economic event with ID: 5300
2025-07-04 18:41:35,756 - INFO - Inserted economic event with ID: 5301
2025-07-04 18:41:35,758 - INFO - Inserted economic event with ID: 5302
2025-07-04 18:41:35,760 - INFO - Inserted economic event with ID: 5303
2025-07-04 18:41:35,762 - INFO - Inserted economic event with ID: 5304
2025-07-04 18:41:35,765 - INFO - Inserted economic event with ID: 5305
2025-07-04 18:41:35,768 - INFO - Inserted economic event with ID: 5306
2025-07-04 18:41:35,771 - INFO - Inserted economic event with ID: 5307
2025-07-04 18:41:35,774 - INFO - Inserted economic event with ID: 5308
2025-07-04 18:41:35,777 - INFO - Inserted economic event with ID: 5309
2025-07-04 18:41:35,779 - INFO - Inserted economic event with ID: 5310
2025-07-04 18:41:35,782 - INFO - Inserted economic event with ID: 5311
2025-07-04 18:41:35,784 - INFO - Inserted economic event with ID: 5312
2025-07-04 18:41:35,787 - INFO - Inserted economic event with ID: 5313
2025-07-04 18:41:35,790 - INFO - Inserted economic event with ID: 5314
2025-07-04 18:41:35,792 - INFO - Inserted economic event with ID: 5315
2025-07-04 18:41:35,795 - INFO - Inserted economic event with ID: 5316
2025-07-04 18:41:35,798 - INFO - Inserted economic event with ID: 5317
2025-07-04 18:41:35,800 - INFO - Inserted economic event with ID: 5318
2025-07-04 18:41:35,803 - INFO - Inserted economic event with ID: 5319
2025-07-04 18:41:35,806 - INFO - Inserted economic event with ID: 5320
2025-07-04 18:41:35,809 - INFO - Inserted economic event with ID: 5321
2025-07-04 18:41:35,811 - INFO - Inserted economic event with ID: 5322
2025-07-04 18:41:35,814 - INFO - Inserted economic event with ID: 5323
2025-07-04 18:41:35,817 - INFO - Inserted economic event with ID: 5324
2025-07-04 18:41:35,819 - INFO - Inserted economic event with ID: 5325
2025-07-04 18:41:35,822 - INFO - Inserted economic event with ID: 5326
2025-07-04 18:41:35,825 - INFO - Inserted economic event with ID: 5327
2025-07-04 18:41:35,827 - INFO - Inserted economic event with ID: 5328
2025-07-04 18:41:35,830 - INFO - Inserted economic event with ID: 5329
2025-07-04 18:41:35,833 - INFO - Inserted economic event with ID: 5330
2025-07-04 18:41:35,835 - INFO - Inserted economic event with ID: 5331
2025-07-04 18:41:35,838 - INFO - Inserted economic event with ID: 5332
2025-07-04 18:41:35,840 - INFO - Inserted economic event with ID: 5333
2025-07-04 18:41:35,844 - INFO - Inserted economic event with ID: 5334
2025-07-04 18:41:35,846 - INFO - Inserted economic event with ID: 5335
2025-07-04 18:41:35,849 - INFO - Inserted economic event with ID: 5336
2025-07-04 18:41:35,852 - INFO - Inserted economic event with ID: 5337
2025-07-04 18:41:35,854 - INFO - Inserted economic event with ID: 5338
2025-07-04 18:41:35,857 - INFO - Inserted economic event with ID: 5339
2025-07-04 18:41:35,859 - INFO - Inserted economic event with ID: 5340
2025-07-04 18:41:35,862 - INFO - Inserted economic event with ID: 5341
2025-07-04 18:41:35,864 - INFO - Inserted economic event with ID: 5342
2025-07-04 18:41:35,866 - INFO - Inserted economic event with ID: 5343
2025-07-04 18:41:35,870 - INFO - Inserted economic event with ID: 5344
2025-07-04 18:41:35,872 - INFO - Inserted economic event with ID: 5345
2025-07-04 18:41:35,876 - INFO - Inserted economic event with ID: 5346
2025-07-04 18:41:35,877 - INFO - Inserted economic event with ID: 5347
2025-07-04 18:41:35,880 - INFO - Inserted economic event with ID: 5348
2025-07-04 18:41:35,883 - INFO - Inserted economic event with ID: 5349
2025-07-04 18:41:35,885 - INFO - Inserted economic event with ID: 5350
2025-07-04 18:41:35,888 - INFO - Inserted economic event with ID: 5351
2025-07-04 18:41:35,890 - INFO - Inserted economic event with ID: 5352
2025-07-04 18:41:35,893 - INFO - Inserted economic event with ID: 5353
2025-07-04 18:41:35,895 - INFO - Inserted economic event with ID: 5354
2025-07-04 18:41:35,898 - INFO - Inserted economic event with ID: 5355
2025-07-04 18:41:35,901 - INFO - Inserted economic event with ID: 5356
2025-07-04 18:41:35,904 - INFO - Inserted economic event with ID: 5357
2025-07-04 18:41:35,906 - INFO - Inserted economic event with ID: 5358
2025-07-04 18:41:35,909 - INFO - Inserted economic event with ID: 5359
2025-07-04 18:41:35,912 - INFO - Inserted economic event with ID: 5360
2025-07-04 18:41:35,915 - INFO - Inserted economic event with ID: 5361
2025-07-04 18:41:35,918 - INFO - Inserted economic event with ID: 5362
2025-07-04 18:41:35,921 - INFO - Inserted economic event with ID: 5363
2025-07-04 18:41:35,923 - INFO - Inserted economic event with ID: 5364
2025-07-04 18:41:35,927 - INFO - Inserted economic event with ID: 5365
2025-07-04 18:41:35,930 - INFO - Inserted economic event with ID: 5366
2025-07-04 18:41:35,932 - INFO - Inserted economic event with ID: 5367
2025-07-04 18:41:35,935 - INFO - Inserted economic event with ID: 5368
2025-07-04 18:41:35,938 - INFO - Inserted economic event with ID: 5369
2025-07-04 18:41:35,941 - INFO - Inserted economic event with ID: 5370
2025-07-04 18:41:35,944 - INFO - Inserted economic event with ID: 5371
2025-07-04 18:41:35,946 - INFO - Inserted economic event with ID: 5372
2025-07-04 18:41:35,949 - INFO - Inserted economic event with ID: 5373
2025-07-04 18:41:35,951 - INFO - Inserted economic event with ID: 5374
2025-07-04 18:41:35,954 - INFO - Inserted economic event with ID: 5375
2025-07-04 18:41:35,957 - INFO - Inserted economic event with ID: 5376
2025-07-04 18:41:35,959 - INFO - Inserted economic event with ID: 5377
2025-07-04 18:41:35,962 - INFO - Inserted economic event with ID: 5378
2025-07-04 18:41:35,965 - INFO - Inserted economic event with ID: 5379
2025-07-04 18:41:35,967 - INFO - Inserted economic event with ID: 5380
2025-07-04 18:41:35,970 - INFO - Inserted economic event with ID: 5381
2025-07-04 18:41:35,973 - INFO - Inserted economic event with ID: 5382
2025-07-04 18:41:35,975 - INFO - Inserted economic event with ID: 5383
2025-07-04 18:41:35,978 - INFO - Inserted economic event with ID: 5384
2025-07-04 18:41:35,981 - INFO - Inserted economic event with ID: 5385
2025-07-04 18:41:35,984 - INFO - Inserted economic event with ID: 5386
2025-07-04 18:41:35,986 - INFO - Inserted economic event with ID: 5387
2025-07-04 18:41:35,990 - INFO - Inserted economic event with ID: 5388
2025-07-04 18:41:35,993 - INFO - Inserted economic event with ID: 5389
2025-07-04 18:41:35,996 - INFO - Inserted economic event with ID: 5390
2025-07-04 18:41:35,998 - INFO - Inserted economic event with ID: 5391
2025-07-04 18:41:36,000 - INFO - Inserted economic event with ID: 5392
2025-07-04 18:41:36,003 - INFO - Inserted economic event with ID: 5393
2025-07-04 18:41:36,005 - INFO - Inserted economic event with ID: 5394
2025-07-04 18:41:36,007 - INFO - Inserted economic event with ID: 5395
2025-07-04 18:41:36,010 - INFO - Inserted economic event with ID: 5396
2025-07-04 18:41:36,013 - INFO - Inserted economic event with ID: 5397
2025-07-04 18:41:36,015 - INFO - Inserted economic event with ID: 5398
2025-07-04 18:41:36,018 - INFO - Inserted economic event with ID: 5399
2025-07-04 18:41:36,020 - INFO - Inserted economic event with ID: 5400
2025-07-04 18:41:36,023 - INFO - Inserted economic event with ID: 5401
2025-07-04 18:41:36,026 - INFO - Inserted economic event with ID: 5402
2025-07-04 18:41:36,029 - INFO - Inserted economic event with ID: 5403
2025-07-04 18:41:36,032 - INFO - Inserted economic event with ID: 5404
2025-07-04 18:41:36,034 - INFO - Inserted economic event with ID: 5405
2025-07-04 18:41:36,037 - INFO - Inserted economic event with ID: 5406
2025-07-04 18:41:36,040 - INFO - Inserted economic event with ID: 5407
2025-07-04 18:41:36,043 - INFO - Inserted economic event with ID: 5408
2025-07-04 18:41:36,045 - INFO - Inserted economic event with ID: 5409
2025-07-04 18:41:36,048 - INFO - Inserted economic event with ID: 5410
2025-07-04 18:41:36,050 - INFO - Inserted economic event with ID: 5411
2025-07-04 18:41:36,054 - INFO - Inserted economic event with ID: 5412
2025-07-04 18:41:36,056 - INFO - Inserted economic event with ID: 5413
2025-07-04 18:41:36,059 - INFO - Inserted economic event with ID: 5414
2025-07-04 18:41:36,061 - INFO - Inserted economic event with ID: 5415
2025-07-04 18:41:36,064 - INFO - Inserted economic event with ID: 5416
2025-07-04 18:41:36,067 - INFO - Inserted economic event with ID: 5417
2025-07-04 18:41:36,069 - INFO - Inserted economic event with ID: 5418
2025-07-04 18:41:36,073 - INFO - Inserted economic event with ID: 5419
2025-07-04 18:41:36,075 - INFO - Inserted economic event with ID: 5420
2025-07-04 18:41:36,077 - INFO - Inserted economic event with ID: 5421
2025-07-04 18:41:36,080 - INFO - Inserted economic event with ID: 5422
2025-07-04 18:41:36,082 - INFO - Inserted economic event with ID: 5423
2025-07-04 18:41:36,086 - INFO - Inserted economic event with ID: 5424
2025-07-04 18:41:36,088 - INFO - Inserted economic event with ID: 5425
2025-07-04 18:41:36,093 - INFO - Inserted economic event with ID: 5426
2025-07-04 18:41:36,096 - INFO - Inserted economic event with ID: 5427
2025-07-04 18:41:36,098 - INFO - Inserted economic event with ID: 5428
2025-07-04 18:41:36,101 - INFO - Inserted economic event with ID: 5429
2025-07-04 18:41:36,105 - INFO - Inserted economic event with ID: 5430
2025-07-04 18:41:36,108 - INFO - Inserted economic event with ID: 5431
2025-07-04 18:41:36,110 - INFO - Inserted economic event with ID: 5432
2025-07-04 18:41:36,114 - INFO - Inserted economic event with ID: 5433
2025-07-04 18:41:36,118 - INFO - Inserted economic event with ID: 5434
2025-07-04 18:41:36,120 - INFO - Inserted economic event with ID: 5435
2025-07-04 18:41:36,124 - INFO - Inserted economic event with ID: 5436
2025-07-04 18:41:36,127 - INFO - Inserted economic event with ID: 5437
2025-07-04 18:41:36,129 - INFO - Inserted economic event with ID: 5438
2025-07-04 18:41:36,132 - INFO - Inserted economic event with ID: 5439
2025-07-04 18:41:36,136 - INFO - Inserted economic event with ID: 5440
2025-07-04 18:41:36,138 - INFO - Inserted economic event with ID: 5441
2025-07-04 18:41:36,142 - INFO - Inserted economic event with ID: 5442
2025-07-04 18:41:36,144 - INFO - Inserted economic event with ID: 5443
2025-07-04 18:41:36,147 - INFO - Inserted economic event with ID: 5444
2025-07-04 18:41:36,151 - INFO - Inserted economic event with ID: 5445
2025-07-04 18:41:36,155 - INFO - Inserted economic event with ID: 5446
2025-07-04 18:41:36,158 - INFO - Inserted economic event with ID: 5447
2025-07-04 18:41:36,160 - INFO - Inserted economic event with ID: 5448
2025-07-04 18:41:36,163 - INFO - Inserted economic event with ID: 5449
2025-07-04 18:41:36,166 - INFO - Inserted economic event with ID: 5450
2025-07-04 18:41:36,169 - INFO - Inserted economic event with ID: 5451
2025-07-04 18:41:36,172 - INFO - Inserted economic event with ID: 5452
2025-07-04 18:41:36,175 - INFO - Inserted economic event with ID: 5453
2025-07-04 18:41:36,179 - INFO - Inserted economic event with ID: 5454
2025-07-04 18:41:36,181 - INFO - Inserted economic event with ID: 5455
2025-07-04 18:41:36,184 - INFO - Inserted economic event with ID: 5456
2025-07-04 18:41:36,187 - INFO - Inserted economic event with ID: 5457
2025-07-04 18:41:36,191 - INFO - Inserted economic event with ID: 5458
2025-07-04 18:41:36,193 - INFO - Inserted economic event with ID: 5459
2025-07-04 18:41:36,197 - INFO - Inserted economic event with ID: 5460
2025-07-04 18:41:36,199 - INFO - Inserted economic event with ID: 5461
2025-07-04 18:41:36,203 - INFO - Inserted economic event with ID: 5462
2025-07-04 18:41:36,205 - INFO - Inserted economic event with ID: 5463
2025-07-04 18:41:36,208 - INFO - Inserted economic event with ID: 5464
2025-07-04 18:41:36,210 - INFO - Inserted economic event with ID: 5465
2025-07-04 18:41:36,214 - INFO - Inserted economic event with ID: 5466
2025-07-04 18:41:36,216 - INFO - Inserted economic event with ID: 5467
2025-07-04 18:41:36,220 - INFO - Inserted economic event with ID: 5468
2025-07-04 18:41:36,222 - INFO - Inserted economic event with ID: 5469
2025-07-04 18:41:36,225 - INFO - Inserted economic event with ID: 5470
2025-07-04 18:41:36,228 - INFO - Inserted economic event with ID: 5471
2025-07-04 18:41:36,231 - INFO - Inserted economic event with ID: 5472
2025-07-04 18:41:36,234 - INFO - Inserted economic event with ID: 5473
2025-07-04 18:41:36,238 - INFO - Inserted economic event with ID: 5474
2025-07-04 18:41:36,240 - INFO - Inserted economic event with ID: 5475
2025-07-04 18:41:36,242 - INFO - Inserted economic event with ID: 5476
2025-07-04 18:41:36,246 - INFO - Inserted economic event with ID: 5477
2025-07-04 18:41:36,249 - INFO - Inserted economic event with ID: 5478
2025-07-04 18:41:36,252 - INFO - Inserted economic event with ID: 5479
2025-07-04 18:41:36,255 - INFO - Inserted economic event with ID: 5480
2025-07-04 18:41:36,258 - INFO - Inserted economic event with ID: 5481
2025-07-04 18:41:36,261 - INFO - Inserted economic event with ID: 5482
2025-07-04 18:41:36,264 - INFO - Inserted economic event with ID: 5483
2025-07-04 18:41:36,266 - INFO - Inserted economic event with ID: 5484
2025-07-04 18:41:36,268 - INFO - Inserted economic event with ID: 5485
2025-07-04 18:41:36,271 - INFO - Inserted economic event with ID: 5486
2025-07-04 18:41:36,274 - INFO - Inserted economic event with ID: 5487
2025-07-04 18:41:36,277 - INFO - Inserted economic event with ID: 5488
2025-07-04 18:41:36,279 - INFO - Inserted economic event with ID: 5489
2025-07-04 18:41:36,282 - INFO - Inserted economic event with ID: 5490
2025-07-04 18:41:36,285 - INFO - Inserted economic event with ID: 5491
2025-07-04 18:41:36,287 - INFO - Inserted economic event with ID: 5492
2025-07-04 18:41:36,290 - INFO - Inserted economic event with ID: 5493
2025-07-04 18:41:36,293 - INFO - Inserted economic event with ID: 5494
2025-07-04 18:41:36,296 - INFO - Inserted economic event with ID: 5495
2025-07-04 18:41:36,298 - INFO - Inserted economic event with ID: 5496
2025-07-04 18:41:36,302 - INFO - Inserted economic event with ID: 5497
2025-07-04 18:41:36,304 - INFO - Inserted economic event with ID: 5498
2025-07-04 18:41:36,307 - INFO - Inserted economic event with ID: 5499
2025-07-04 18:41:36,310 - INFO - Inserted economic event with ID: 5500
2025-07-04 18:41:36,313 - INFO - Inserted economic event with ID: 5501
2025-07-04 18:41:36,315 - INFO - Inserted economic event with ID: 5502
2025-07-04 18:41:36,318 - INFO - Inserted economic event with ID: 5503
2025-07-04 18:41:36,320 - INFO - Inserted economic event with ID: 5504
2025-07-04 18:41:36,323 - INFO - Inserted economic event with ID: 5505
2025-07-04 18:41:36,326 - INFO - Inserted economic event with ID: 5506
2025-07-04 18:41:36,329 - INFO - Inserted economic event with ID: 5507
2025-07-04 18:41:36,332 - INFO - Inserted economic event with ID: 5508
2025-07-04 18:41:36,335 - INFO - Inserted economic event with ID: 5509
2025-07-04 18:41:36,339 - INFO - Inserted economic event with ID: 5510
2025-07-04 18:41:36,342 - INFO - Inserted economic event with ID: 5511
2025-07-04 18:41:36,345 - INFO - Inserted economic event with ID: 5512
2025-07-04 18:41:36,348 - INFO - Inserted economic event with ID: 5513
2025-07-04 18:41:36,350 - INFO - Inserted economic event with ID: 5514
2025-07-04 18:41:36,353 - INFO - Inserted economic event with ID: 5515
2025-07-04 18:41:36,355 - INFO - Inserted economic event with ID: 5516
2025-07-04 18:41:36,358 - INFO - Inserted economic event with ID: 5517
2025-07-04 18:41:36,361 - INFO - Inserted economic event with ID: 5518
2025-07-04 18:41:36,364 - INFO - Inserted economic event with ID: 5519
2025-07-04 18:41:36,367 - INFO - Inserted economic event with ID: 5520
2025-07-04 18:41:36,370 - INFO - Inserted economic event with ID: 5521
2025-07-04 18:41:36,372 - INFO - Inserted economic event with ID: 5522
2025-07-04 18:41:36,375 - INFO - Inserted economic event with ID: 5523
2025-07-04 18:41:36,378 - INFO - Inserted economic event with ID: 5524
2025-07-04 18:41:36,381 - INFO - Inserted economic event with ID: 5525
2025-07-04 18:41:36,383 - INFO - Inserted economic event with ID: 5526
2025-07-04 18:41:36,386 - INFO - Inserted economic event with ID: 5527
2025-07-04 18:41:36,389 - INFO - Inserted economic event with ID: 5528
2025-07-04 18:41:36,392 - INFO - Inserted economic event with ID: 5529
2025-07-04 18:41:36,395 - INFO - Inserted economic event with ID: 5530
2025-07-04 18:41:36,397 - INFO - Inserted economic event with ID: 5531
2025-07-04 18:41:36,400 - INFO - Inserted economic event with ID: 5532
2025-07-04 18:41:36,403 - INFO - Inserted economic event with ID: 5533
2025-07-04 18:41:36,405 - INFO - Inserted economic event with ID: 5534
2025-07-04 18:41:36,408 - INFO - Inserted economic event with ID: 5535
2025-07-04 18:41:36,411 - INFO - Inserted economic event with ID: 5536
2025-07-04 18:41:36,414 - INFO - Inserted economic event with ID: 5537
2025-07-04 18:41:36,417 - INFO - Inserted economic event with ID: 5538
2025-07-04 18:41:36,420 - INFO - Inserted economic event with ID: 5539
2025-07-04 18:41:36,423 - INFO - Inserted economic event with ID: 5540
2025-07-04 18:41:36,426 - INFO - Inserted economic event with ID: 5541
2025-07-04 18:41:36,428 - INFO - Inserted economic event with ID: 5542
2025-07-04 18:41:36,432 - INFO - Inserted economic event with ID: 5543
2025-07-04 18:41:36,434 - INFO - Inserted economic event with ID: 5544
2025-07-04 18:41:36,437 - INFO - Inserted economic event with ID: 5545
2025-07-04 18:41:36,439 - INFO - Inserted economic event with ID: 5546
2025-07-04 18:41:36,442 - INFO - Inserted economic event with ID: 5547
2025-07-04 18:41:36,444 - INFO - Inserted economic event with ID: 5548
2025-07-04 18:41:36,447 - INFO - Inserted economic event with ID: 5549
2025-07-04 18:41:36,450 - INFO - Inserted economic event with ID: 5550
2025-07-04 18:41:36,452 - INFO - Inserted economic event with ID: 5551
2025-07-04 18:41:36,455 - INFO - Inserted economic event with ID: 5552
2025-07-04 18:41:36,457 - INFO - Inserted economic event with ID: 5553
2025-07-04 18:41:36,461 - INFO - Inserted economic event with ID: 5554
2025-07-04 18:41:36,463 - INFO - Inserted economic event with ID: 5555
2025-07-04 18:41:36,466 - INFO - Inserted economic event with ID: 5556
2025-07-04 18:41:36,469 - INFO - Inserted economic event with ID: 5557
2025-07-04 18:41:36,472 - INFO - Inserted economic event with ID: 5558
2025-07-04 18:41:36,473 - INFO - Inserted economic event with ID: 5559
2025-07-04 18:41:36,476 - INFO - Inserted economic event with ID: 5560
2025-07-04 18:41:36,478 - INFO - Inserted economic event with ID: 5561
2025-07-04 18:41:36,482 - INFO - Inserted economic event with ID: 5562
2025-07-04 18:41:36,485 - INFO - Inserted economic event with ID: 5563
2025-07-04 18:41:36,487 - INFO - Inserted economic event with ID: 5564
2025-07-04 18:41:36,489 - INFO - Inserted economic event with ID: 5565
2025-07-04 18:41:36,493 - INFO - Inserted economic event with ID: 5566
2025-07-04 18:41:36,495 - INFO - Inserted economic event with ID: 5567
2025-07-04 18:41:36,498 - INFO - Inserted economic event with ID: 5568
2025-07-04 18:41:36,500 - INFO - Inserted economic event with ID: 5569
2025-07-04 18:41:36,503 - INFO - Inserted economic event with ID: 5570
2025-07-04 18:41:36,506 - INFO - Inserted economic event with ID: 5571
2025-07-04 18:41:36,509 - INFO - Inserted economic event with ID: 5572
2025-07-04 18:41:36,511 - INFO - Inserted economic event with ID: 5573
2025-07-04 18:41:36,515 - INFO - Inserted economic event with ID: 5574
2025-07-04 18:41:36,517 - INFO - Inserted economic event with ID: 5575
2025-07-04 18:41:36,520 - INFO - Inserted economic event with ID: 5576
2025-07-04 18:41:36,522 - INFO - Inserted economic event with ID: 5577
2025-07-04 18:41:36,525 - INFO - Inserted economic event with ID: 5578
2025-07-04 18:41:36,526 - INFO - Inserted economic event with ID: 5579
2025-07-04 18:41:36,529 - INFO - Inserted economic event with ID: 5580
2025-07-04 18:41:36,532 - INFO - Inserted economic event with ID: 5581
2025-07-04 18:41:36,534 - INFO - Inserted economic event with ID: 5582
2025-07-04 18:41:36,538 - INFO - Inserted economic event with ID: 5583
2025-07-04 18:41:36,540 - INFO - Inserted economic event with ID: 5584
2025-07-04 18:41:36,542 - INFO - Inserted economic event with ID: 5585
2025-07-04 18:41:36,545 - INFO - Inserted economic event with ID: 5586
2025-07-04 18:41:36,548 - INFO - Inserted economic event with ID: 5587
2025-07-04 18:41:36,550 - INFO - Inserted economic event with ID: 5588
2025-07-04 18:41:36,553 - INFO - Inserted economic event with ID: 5589
2025-07-04 18:41:36,555 - INFO - Inserted economic event with ID: 5590
2025-07-04 18:41:36,558 - INFO - Inserted economic event with ID: 5591
2025-07-04 18:41:36,561 - INFO - Inserted economic event with ID: 5592
2025-07-04 18:41:36,563 - INFO - Inserted economic event with ID: 5593
2025-07-04 18:41:36,566 - INFO - Inserted economic event with ID: 5594
2025-07-04 18:41:36,568 - INFO - Inserted economic event with ID: 5595
2025-07-04 18:41:36,572 - INFO - Inserted economic event with ID: 5596
2025-07-04 18:41:36,574 - INFO - Inserted economic event with ID: 5597
2025-07-04 18:41:36,576 - INFO - Inserted economic event with ID: 5598
2025-07-04 18:41:36,579 - INFO - Inserted economic event with ID: 5599
2025-07-04 18:41:36,582 - INFO - Inserted economic event with ID: 5600
2025-07-04 18:41:36,585 - INFO - Inserted economic event with ID: 5601
2025-07-04 18:41:36,588 - INFO - Inserted economic event with ID: 5602
2025-07-04 18:41:36,590 - INFO - Inserted economic event with ID: 5603
2025-07-04 18:41:36,593 - INFO - Inserted economic event with ID: 5604
2025-07-04 18:41:36,595 - INFO - Inserted economic event with ID: 5605
2025-07-04 18:41:36,598 - INFO - Inserted economic event with ID: 5606
2025-07-04 18:41:36,601 - INFO - Inserted economic event with ID: 5607
2025-07-04 18:41:36,603 - INFO - Inserted economic event with ID: 5608
2025-07-04 18:41:36,606 - INFO - Inserted economic event with ID: 5609
2025-07-04 18:41:36,608 - INFO - Inserted economic event with ID: 5610
2025-07-04 18:41:36,611 - INFO - Inserted economic event with ID: 5611
2025-07-04 18:41:36,614 - INFO - Inserted economic event with ID: 5612
2025-07-04 18:41:36,616 - INFO - Inserted economic event with ID: 5613
2025-07-04 18:41:36,619 - INFO - Inserted economic event with ID: 5614
2025-07-04 18:41:36,623 - INFO - Inserted economic event with ID: 5615
2025-07-04 18:41:36,625 - INFO - Inserted economic event with ID: 5616
2025-07-04 18:41:36,628 - INFO - Inserted economic event with ID: 5617
2025-07-04 18:41:36,630 - INFO - Inserted economic event with ID: 5618
2025-07-04 18:41:36,633 - INFO - Inserted economic event with ID: 5619
2025-07-04 18:41:36,635 - INFO - Inserted economic event with ID: 5620
2025-07-04 18:41:36,637 - INFO - Inserted economic event with ID: 5621
2025-07-04 18:41:36,640 - INFO - Inserted economic event with ID: 5622
2025-07-04 18:41:36,642 - INFO - Inserted economic event with ID: 5623
2025-07-04 18:41:36,646 - INFO - Inserted economic event with ID: 5624
2025-07-04 18:41:36,650 - INFO - Inserted economic event with ID: 5625
2025-07-04 18:41:36,652 - INFO - Inserted economic event with ID: 5626
2025-07-04 18:41:36,656 - INFO - Inserted economic event with ID: 5627
2025-07-04 18:41:36,659 - INFO - Inserted economic event with ID: 5628
2025-07-04 18:41:36,664 - INFO - Inserted economic event with ID: 5629
2025-07-04 18:41:36,667 - INFO - Inserted economic event with ID: 5630
2025-07-04 18:41:36,670 - INFO - Inserted economic event with ID: 5631
2025-07-04 18:41:36,673 - INFO - Inserted economic event with ID: 5632
2025-07-04 18:41:36,676 - INFO - Inserted economic event with ID: 5633
2025-07-04 18:41:36,679 - INFO - Inserted economic event with ID: 5634
2025-07-04 18:41:36,683 - INFO - Inserted economic event with ID: 5635
2025-07-04 18:41:36,687 - INFO - Inserted economic event with ID: 5636
2025-07-04 18:41:36,689 - INFO - Inserted economic event with ID: 5637
2025-07-04 18:41:36,693 - INFO - Inserted economic event with ID: 5638
2025-07-04 18:41:36,697 - INFO - Inserted economic event with ID: 5639
2025-07-04 18:41:36,700 - INFO - Inserted economic event with ID: 5640
2025-07-04 18:41:36,703 - INFO - Inserted economic event with ID: 5641
2025-07-04 18:41:36,706 - INFO - Inserted economic event with ID: 5642
2025-07-04 18:41:36,709 - INFO - Inserted economic event with ID: 5643
2025-07-04 18:41:36,713 - INFO - Inserted economic event with ID: 5644
2025-07-04 18:41:36,717 - INFO - Inserted economic event with ID: 5645
2025-07-04 18:41:36,720 - INFO - Inserted economic event with ID: 5646
2025-07-04 18:41:36,723 - INFO - Inserted economic event with ID: 5647
2025-07-04 18:41:36,726 - INFO - Inserted economic event with ID: 5648
2025-07-04 18:41:36,732 - INFO - Inserted economic event with ID: 5649
2025-07-04 18:41:36,737 - INFO - Inserted economic event with ID: 5650
2025-07-04 18:41:36,740 - INFO - Inserted economic event with ID: 5651
2025-07-04 18:41:36,744 - INFO - Inserted economic event with ID: 5652
2025-07-04 18:41:36,747 - INFO - Inserted economic event with ID: 5653
2025-07-04 18:41:36,750 - INFO - Inserted economic event with ID: 5654
2025-07-04 18:41:36,754 - INFO - Inserted economic event with ID: 5655
2025-07-04 18:41:36,757 - INFO - Inserted economic event with ID: 5656
2025-07-04 18:41:36,761 - INFO - Inserted economic event with ID: 5657
2025-07-04 18:41:36,763 - INFO - Inserted economic event with ID: 5658
2025-07-04 18:41:36,766 - INFO - Inserted economic event with ID: 5659
2025-07-04 18:41:36,769 - INFO - Inserted economic event with ID: 5660
2025-07-04 18:41:36,772 - INFO - Inserted economic event with ID: 5661
2025-07-04 18:41:36,776 - INFO - Inserted economic event with ID: 5662
2025-07-04 18:41:36,778 - INFO - Inserted economic event with ID: 5663
2025-07-04 18:41:36,781 - INFO - Inserted economic event with ID: 5664
2025-07-04 18:41:36,784 - INFO - Inserted economic event with ID: 5665
2025-07-04 18:41:36,787 - INFO - Inserted economic event with ID: 5666
2025-07-04 18:41:36,789 - INFO - Inserted economic event with ID: 5667
2025-07-04 18:41:36,792 - INFO - Inserted economic event with ID: 5668
2025-07-04 18:41:36,796 - INFO - Inserted economic event with ID: 5669
2025-07-04 18:41:36,798 - INFO - Inserted economic event with ID: 5670
2025-07-04 18:41:36,801 - INFO - Inserted economic event with ID: 5671
2025-07-04 18:41:36,804 - INFO - Inserted economic event with ID: 5672
2025-07-04 18:41:36,807 - INFO - Inserted economic event with ID: 5673
2025-07-04 18:41:36,809 - INFO - Inserted economic event with ID: 5674
2025-07-04 18:41:36,812 - INFO - Inserted economic event with ID: 5675
2025-07-04 18:41:36,815 - INFO - Inserted economic event with ID: 5676
2025-07-04 18:41:36,819 - INFO - Inserted economic event with ID: 5677
2025-07-04 18:41:36,821 - INFO - Inserted economic event with ID: 5678
2025-07-04 18:41:36,825 - INFO - Inserted economic event with ID: 5679
2025-07-04 18:41:36,827 - INFO - Inserted economic event with ID: 5680
2025-07-04 18:41:36,830 - INFO - Inserted economic event with ID: 5681
2025-07-04 18:41:36,833 - INFO - Inserted economic event with ID: 5682
2025-07-04 18:41:36,836 - INFO - Inserted economic event with ID: 5683
2025-07-04 18:41:36,838 - INFO - Inserted economic event with ID: 5684
2025-07-04 18:41:36,841 - INFO - Inserted economic event with ID: 5685
2025-07-04 18:41:36,843 - INFO - Inserted economic event with ID: 5686
2025-07-04 18:41:36,847 - INFO - Inserted economic event with ID: 5687
2025-07-04 18:41:36,850 - INFO - Inserted economic event with ID: 5688
2025-07-04 18:41:36,853 - INFO - Inserted economic event with ID: 5689
2025-07-04 18:41:36,856 - INFO - Inserted economic event with ID: 5690
2025-07-04 18:41:36,859 - INFO - Inserted economic event with ID: 5691
2025-07-04 18:41:36,861 - INFO - Inserted economic event with ID: 5692
2025-07-04 18:41:36,865 - INFO - Inserted economic event with ID: 5693
2025-07-04 18:41:36,868 - INFO - Inserted economic event with ID: 5694
2025-07-04 18:41:36,871 - INFO - Inserted economic event with ID: 5695
2025-07-04 18:41:36,874 - INFO - Inserted economic event with ID: 5696
2025-07-04 18:41:36,877 - INFO - Inserted economic event with ID: 5697
2025-07-04 18:41:36,880 - INFO - Inserted economic event with ID: 5698
2025-07-04 18:41:36,883 - INFO - Inserted economic event with ID: 5699
2025-07-04 18:41:36,886 - INFO - Inserted economic event with ID: 5700
2025-07-04 18:41:36,889 - INFO - Inserted economic event with ID: 5701
2025-07-04 18:41:36,892 - INFO - Inserted economic event with ID: 5702
2025-07-04 18:41:36,895 - INFO - Inserted economic event with ID: 5703
2025-07-04 18:41:36,897 - INFO - Inserted economic event with ID: 5704
2025-07-04 18:41:36,899 - INFO - Inserted economic event with ID: 5705
2025-07-04 18:41:36,902 - INFO - Inserted economic event with ID: 5706
2025-07-04 18:41:36,905 - INFO - Inserted economic event with ID: 5707
2025-07-04 18:41:36,908 - INFO - Inserted economic event with ID: 5708
2025-07-04 18:41:36,912 - INFO - Inserted economic event with ID: 5709
2025-07-04 18:41:36,915 - INFO - Inserted economic event with ID: 5710
2025-07-04 18:41:36,918 - INFO - Inserted economic event with ID: 5711
2025-07-04 18:41:36,921 - INFO - Inserted economic event with ID: 5712
2025-07-04 18:41:36,924 - INFO - Inserted economic event with ID: 5713
2025-07-04 18:41:36,927 - INFO - Inserted economic event with ID: 5714
2025-07-04 18:41:36,929 - INFO - Inserted economic event with ID: 5715
2025-07-04 18:41:36,932 - INFO - Inserted economic event with ID: 5716
2025-07-04 18:41:36,934 - INFO - Inserted economic event with ID: 5717
2025-07-04 18:41:36,939 - INFO - Inserted economic event with ID: 5718
2025-07-04 18:41:36,942 - INFO - Inserted economic event with ID: 5719
2025-07-04 18:41:36,945 - INFO - Inserted economic event with ID: 5720
2025-07-04 18:41:36,948 - INFO - Inserted economic event with ID: 5721
2025-07-04 18:41:36,951 - INFO - Inserted economic event with ID: 5722
2025-07-04 18:41:36,955 - INFO - Inserted economic event with ID: 5723
2025-07-04 18:41:36,958 - INFO - Inserted economic event with ID: 5724
2025-07-04 18:41:36,961 - INFO - Inserted economic event with ID: 5725
2025-07-04 18:41:36,964 - INFO - Inserted economic event with ID: 5726
2025-07-04 18:41:36,966 - INFO - Inserted economic event with ID: 5727
2025-07-04 18:41:36,969 - INFO - Inserted economic event with ID: 5728
2025-07-04 18:41:36,972 - INFO - Inserted economic event with ID: 5729
2025-07-04 18:41:36,976 - INFO - Inserted economic event with ID: 5730
2025-07-04 18:41:36,979 - INFO - Inserted economic event with ID: 5731
2025-07-04 18:41:36,981 - INFO - Inserted economic event with ID: 5732
2025-07-04 18:41:36,985 - INFO - Inserted economic event with ID: 5733
2025-07-04 18:41:36,988 - INFO - Inserted economic event with ID: 5734
2025-07-04 18:41:36,991 - INFO - Inserted economic event with ID: 5735


[MESSARI STDERR @ 2025-07-04 18:41:57.088751]


[TWELVE_DATA STDERR @ 2025-07-04 18:42:02.031131]


[BENZINGA STDERR @ 2025-07-04 19:01:59.474913]
2025-07-04 19:01:59,390 - WARNING - \u26a0\ufe0f Data store module not available: No module named 'sqlalchemy'


[POLYGON STDERR @ 2025-07-04 19:02:00.223052]
2025-07-04 19:01:59,835 - ERROR - [Polygon] Error fetching SPX: 'v'
2025-07-04 19:02:00,001 - ERROR - [Polygon] Error fetching NDX: 'v'
2025-07-04 19:02:00,207 - ERROR - [Polygon] Error fetching RUT: 'v'


[FMP STDERR @ 2025-07-04 19:02:03.034512]
2025-07-04 19:02:00,592 - INFO - Database tables created successfully
2025-07-04 19:02:00,592 - INFO - Database initialization completed
2025-07-04 19:02:00,592 - INFO - MacroIntel Data Store initialized with SQLAlchemy ORM
2025-07-04 19:02:00,592 - INFO - \u2705 Data store module imported successfully
2025-07-04 19:02:01,018 - INFO - Inserted economic event with ID: 5736
2025-07-04 19:02:01,021 - INFO - Inserted economic event with ID: 5737
2025-07-04 19:02:01,024 - INFO - Inserted economic event with ID: 5738
2025-07-04 19:02:01,028 - INFO - Inserted economic event with ID: 5739
2025-07-04 19:02:01,030 - INFO - Inserted economic event with ID: 5740
2025-07-04 19:02:01,033 - INFO - Inserted economic event with ID: 5741
2025-07-04 19:02:01,036 - INFO - Inserted economic event with ID: 5742
2025-07-04 19:02:01,039 - INFO - Inserted economic event with ID: 5743
2025-07-04 19:02:01,041 - INFO - Inserted economic event with ID: 5744
2025-07-04 19:02:01,044 - INFO - Inserted economic event with ID: 5745
2025-07-04 19:02:01,046 - INFO - Inserted economic event with ID: 5746
2025-07-04 19:02:01,049 - INFO - Inserted economic event with ID: 5747
2025-07-04 19:02:01,051 - INFO - Inserted economic event with ID: 5748
2025-07-04 19:02:01,054 - INFO - Inserted economic event with ID: 5749
2025-07-04 19:02:01,057 - INFO - Inserted economic event with ID: 5750
2025-07-04 19:02:01,060 - INFO - Inserted economic event with ID: 5751
2025-07-04 19:02:01,063 - INFO - Inserted economic event with ID: 5752
2025-07-04 19:02:01,066 - INFO - Inserted economic event with ID: 5753
2025-07-04 19:02:01,069 - INFO - Inserted economic event with ID: 5754
2025-07-04 19:02:01,072 - INFO - Inserted economic event with ID: 5755
2025-07-04 19:02:01,075 - INFO - Inserted economic event with ID: 5756
2025-07-04 19:02:01,077 - INFO - Inserted economic event with ID: 5757
2025-07-04 19:02:01,080 - INFO - Inserted economic event with ID: 5758
2025-07-04 19:02:01,083 - INFO - Inserted economic event with ID: 5759
2025-07-04 19:02:01,085 - INFO - Inserted economic event with ID: 5760
2025-07-04 19:02:01,087 - INFO - Inserted economic event with ID: 5761
2025-07-04 19:02:01,090 - INFO - Inserted economic event with ID: 5762
2025-07-04 19:02:01,093 - INFO - Inserted economic event with ID: 5763
2025-07-04 19:02:01,095 - INFO - Inserted economic event with ID: 5764
2025-07-04 19:02:01,098 - INFO - Inserted economic event with ID: 5765
2025-07-04 19:02:01,100 - INFO - Inserted economic event with ID: 5766
2025-07-04 19:02:01,103 - INFO - Inserted economic event with ID: 5767
2025-07-04 19:02:01,105 - INFO - Inserted economic event with ID: 5768
2025-07-04 19:02:01,108 - INFO - Inserted economic event with ID: 5769
2025-07-04 19:02:01,110 - INFO - Inserted economic event with ID: 5770
2025-07-04 19:02:01,113 - INFO - Inserted economic event with ID: 5771
2025-07-04 19:02:01,116 - INFO - Inserted economic event with ID: 5772
2025-07-04 19:02:01,118 - INFO - Inserted economic event with ID: 5773
2025-07-04 19:02:01,121 - INFO - Inserted economic event with ID: 5774
2025-07-04 19:02:01,124 - INFO - Inserted economic event with ID: 5775
2025-07-04 19:02:01,126 - INFO - Inserted economic event with ID: 5776
2025-07-04 19:02:01,128 - INFO - Inserted economic event with ID: 5777
2025-07-04 19:02:01,132 - INFO - Inserted economic event with ID: 5778
2025-07-04 19:02:01,134 - INFO - Inserted economic event with ID: 5779
2025-07-04 19:02:01,137 - INFO - Inserted economic event with ID: 5780
2025-07-04 19:02:01,140 - INFO - Inserted economic event with ID: 5781
2025-07-04 19:02:01,142 - INFO - Inserted economic event with ID: 5782
2025-07-04 19:02:01,145 - INFO - Inserted economic event with ID: 5783
2025-07-04 19:02:01,147 - INFO - Inserted economic event with ID: 5784
2025-07-04 19:02:01,151 - INFO - Inserted economic event with ID: 5785
2025-07-04 19:02:01,153 - INFO - Inserted economic event with ID: 5786
2025-07-04 19:02:01,156 - INFO - Inserted economic event with ID: 5787
2025-07-04 19:02:01,159 - INFO - Inserted economic event with ID: 5788
2025-07-04 19:02:01,161 - INFO - Inserted economic event with ID: 5789
2025-07-04 19:02:01,163 - INFO - Inserted economic event with ID: 5790
2025-07-04 19:02:01,165 - INFO - Inserted economic event with ID: 5791
2025-07-04 19:02:01,169 - INFO - Inserted economic event with ID: 5792
2025-07-04 19:02:01,171 - INFO - Inserted economic event with ID: 5793
2025-07-04 19:02:01,173 - INFO - Inserted economic event with ID: 5794
2025-07-04 19:02:01,175 - INFO - Inserted economic event with ID: 5795
2025-07-04 19:02:01,178 - INFO - Inserted economic event with ID: 5796
2025-07-04 19:02:01,180 - INFO - Inserted economic event with ID: 5797
2025-07-04 19:02:01,183 - INFO - Inserted economic event with ID: 5798
2025-07-04 19:02:01,185 - INFO - Inserted economic event with ID: 5799
2025-07-04 19:02:01,187 - INFO - Inserted economic event with ID: 5800
2025-07-04 19:02:01,190 - INFO - Inserted economic event with ID: 5801
2025-07-04 19:02:01,192 - INFO - Inserted economic event with ID: 5802
2025-07-04 19:02:01,194 - INFO - Inserted economic event with ID: 5803
2025-07-04 19:02:01,197 - INFO - Inserted economic event with ID: 5804
2025-07-04 19:02:01,199 - INFO - Inserted economic event with ID: 5805
2025-07-04 19:02:01,202 - INFO - Inserted economic event with ID: 5806
2025-07-04 19:02:01,205 - INFO - Inserted economic event with ID: 5807
2025-07-04 19:02:01,207 - INFO - Inserted economic event with ID: 5808
2025-07-04 19:02:01,210 - INFO - Inserted economic event with ID: 5809
2025-07-04 19:02:01,213 - INFO - Inserted economic event with ID: 5810
2025-07-04 19:02:01,216 - INFO - Inserted economic event with ID: 5811
2025-07-04 19:02:01,218 - INFO - Inserted economic event with ID: 5812
2025-07-04 19:02:01,220 - INFO - Inserted economic event with ID: 5813
2025-07-04 19:02:01,224 - INFO - Inserted economic event with ID: 5814
2025-07-04 19:02:01,227 - INFO - Inserted economic event with ID: 5815
2025-07-04 19:02:01,229 - INFO - Inserted economic event with ID: 5816
2025-07-04 19:02:01,232 - INFO - Inserted economic event with ID: 5817
2025-07-04 19:02:01,234 - INFO - Inserted economic event with ID: 5818
2025-07-04 19:02:01,237 - INFO - Inserted economic event with ID: 5819
2025-07-04 19:02:01,240 - INFO - Inserted economic event with ID: 5820
2025-07-04 19:02:01,242 - INFO - Inserted economic event with ID: 5821
2025-07-04 19:02:01,245 - INFO - Inserted economic event with ID: 5822
2025-07-04 19:02:01,247 - INFO - Inserted economic event with ID: 5823
2025-07-04 19:02:01,249 - INFO - Inserted economic event with ID: 5824
2025-07-04 19:02:01,252 - INFO - Inserted economic event with ID: 5825
2025-07-04 19:02:01,254 - INFO - Inserted economic event with ID: 5826
2025-07-04 19:02:01,257 - INFO - Inserted economic event with ID: 5827
2025-07-04 19:02:01,260 - INFO - Inserted economic event with ID: 5828
2025-07-04 19:02:01,263 - INFO - Inserted economic event with ID: 5829
2025-07-04 19:02:01,266 - INFO - Inserted economic event with ID: 5830
2025-07-04 19:02:01,268 - INFO - Inserted economic event with ID: 5831
2025-07-04 19:02:01,271 - INFO - Inserted economic event with ID: 5832
2025-07-04 19:02:01,273 - INFO - Inserted economic event with ID: 5833
2025-07-04 19:02:01,276 - INFO - Inserted economic event with ID: 5834
2025-07-04 19:02:01,278 - INFO - Inserted economic event with ID: 5835
2025-07-04 19:02:01,281 - INFO - Inserted economic event with ID: 5836
2025-07-04 19:02:01,284 - INFO - Inserted economic event with ID: 5837
2025-07-04 19:02:01,287 - INFO - Inserted economic event with ID: 5838
2025-07-04 19:02:01,289 - INFO - Inserted economic event with ID: 5839
2025-07-04 19:02:01,292 - INFO - Inserted economic event with ID: 5840
2025-07-04 19:02:01,295 - INFO - Inserted economic event with ID: 5841
2025-07-04 19:02:01,298 - INFO - Inserted economic event with ID: 5842
2025-07-04 19:02:01,301 - INFO - Inserted economic event with ID: 5843
2025-07-04 19:02:01,304 - INFO - Inserted economic event with ID: 5844
2025-07-04 19:02:01,307 - INFO - Inserted economic event with ID: 5845
2025-07-04 19:02:01,310 - INFO - Inserted economic event with ID: 5846
2025-07-04 19:02:01,312 - INFO - Inserted economic event with ID: 5847
2025-07-04 19:02:01,315 - INFO - Inserted economic event with ID: 5848
2025-07-04 19:02:01,318 - INFO - Inserted economic event with ID: 5849
2025-07-04 19:02:01,321 - INFO - Inserted economic event with ID: 5850
2025-07-04 19:02:01,324 - INFO - Inserted economic event with ID: 5851
2025-07-04 19:02:01,326 - INFO - Inserted economic event with ID: 5852
2025-07-04 19:02:01,329 - INFO - Inserted economic event with ID: 5853
2025-07-04 19:02:01,332 - INFO - Inserted economic event with ID: 5854
2025-07-04 19:02:01,334 - INFO - Inserted economic event with ID: 5855
2025-07-04 19:02:01,337 - INFO - Inserted economic event with ID: 5856
2025-07-04 19:02:01,340 - INFO - Inserted economic event with ID: 5857
2025-07-04 19:02:01,343 - INFO - Inserted economic event with ID: 5858
2025-07-04 19:02:01,346 - INFO - Inserted economic event with ID: 5859
2025-07-04 19:02:01,349 - INFO - Inserted economic event with ID: 5860
2025-07-04 19:02:01,352 - INFO - Inserted economic event with ID: 5861
2025-07-04 19:02:01,355 - INFO - Inserted economic event with ID: 5862
2025-07-04 19:02:01,358 - INFO - Inserted economic event with ID: 5863
2025-07-04 19:02:01,360 - INFO - Inserted economic event with ID: 5864
2025-07-04 19:02:01,363 - INFO - Inserted economic event with ID: 5865
2025-07-04 19:02:01,365 - INFO - Inserted economic event with ID: 5866
2025-07-04 19:02:01,369 - INFO - Inserted economic event with ID: 5867
2025-07-04 19:02:01,372 - INFO - Inserted economic event with ID: 5868
2025-07-04 19:02:01,375 - INFO - Inserted economic event with ID: 5869
2025-07-04 19:02:01,377 - INFO - Inserted economic event with ID: 5870
2025-07-04 19:02:01,380 - INFO - Inserted economic event with ID: 5871
2025-07-04 19:02:01,383 - INFO - Inserted economic event with ID: 5872
2025-07-04 19:02:01,385 - INFO - Inserted economic event with ID: 5873
2025-07-04 19:02:01,388 - INFO - Inserted economic event with ID: 5874
2025-07-04 19:02:01,390 - INFO - Inserted economic event with ID: 5875
2025-07-04 19:02:01,393 - INFO - Inserted economic event with ID: 5876
2025-07-04 19:02:01,395 - INFO - Inserted economic event with ID: 5877
2025-07-04 19:02:01,397 - INFO - Inserted economic event with ID: 5878
2025-07-04 19:02:01,400 - INFO - Inserted economic event with ID: 5879
2025-07-04 19:02:01,402 - INFO - Inserted economic event with ID: 5880
2025-07-04 19:02:01,404 - INFO - Inserted economic event with ID: 5881
2025-07-04 19:02:01,406 - INFO - Inserted economic event with ID: 5882
2025-07-04 19:02:01,409 - INFO - Inserted economic event with ID: 5883
2025-07-04 19:02:01,411 - INFO - Inserted economic event with ID: 5884
2025-07-04 19:02:01,414 - INFO - Inserted economic event with ID: 5885
2025-07-04 19:02:01,417 - INFO - Inserted economic event with ID: 5886
2025-07-04 19:02:01,419 - INFO - Inserted economic event with ID: 5887
2025-07-04 19:02:01,422 - INFO - Inserted economic event with ID: 5888
2025-07-04 19:02:01,424 - INFO - Inserted economic event with ID: 5889
2025-07-04 19:02:01,427 - INFO - Inserted economic event with ID: 5890
2025-07-04 19:02:01,429 - INFO - Inserted economic event with ID: 5891
2025-07-04 19:02:01,433 - INFO - Inserted economic event with ID: 5892
2025-07-04 19:02:01,436 - INFO - Inserted economic event with ID: 5893
2025-07-04 19:02:01,439 - INFO - Inserted economic event with ID: 5894
2025-07-04 19:02:01,442 - INFO - Inserted economic event with ID: 5895
2025-07-04 19:02:01,445 - INFO - Inserted economic event with ID: 5896
2025-07-04 19:02:01,448 - INFO - Inserted economic event with ID: 5897
2025-07-04 19:02:01,450 - INFO - Inserted economic event with ID: 5898
2025-07-04 19:02:01,454 - INFO - Inserted economic event with ID: 5899
2025-07-04 19:02:01,456 - INFO - Inserted economic event with ID: 5900
2025-07-04 19:02:01,458 - INFO - Inserted economic event with ID: 5901
2025-07-04 19:02:01,461 - INFO - Inserted economic event with ID: 5902
2025-07-04 19:02:01,463 - INFO - Inserted economic event with ID: 5903
2025-07-04 19:02:01,467 - INFO - Inserted economic event with ID: 5904
2025-07-04 19:02:01,470 - INFO - Inserted economic event with ID: 5905
2025-07-04 19:02:01,472 - INFO - Inserted economic event with ID: 5906
2025-07-04 19:02:01,474 - INFO - Inserted economic event with ID: 5907
2025-07-04 19:02:01,477 - INFO - Inserted economic event with ID: 5908
2025-07-04 19:02:01,479 - INFO - Inserted economic event with ID: 5909
2025-07-04 19:02:01,482 - INFO - Inserted economic event with ID: 5910
2025-07-04 19:02:01,485 - INFO - Inserted economic event with ID: 5911
2025-07-04 19:02:01,488 - INFO - Inserted economic event with ID: 5912
2025-07-04 19:02:01,490 - INFO - Inserted economic event with ID: 5913
2025-07-04 19:02:01,493 - INFO - Inserted economic event with ID: 5914
2025-07-04 19:02:01,496 - INFO - Inserted economic event with ID: 5915
2025-07-04 19:02:01,498 - INFO - Inserted economic event with ID: 5916
2025-07-04 19:02:01,501 - INFO - Inserted economic event with ID: 5917
2025-07-04 19:02:01,504 - INFO - Inserted economic event with ID: 5918
2025-07-04 19:02:01,506 - INFO - Inserted economic event with ID: 5919
2025-07-04 19:02:01,509 - INFO - Inserted economic event with ID: 5920
2025-07-04 19:02:01,511 - INFO - Inserted economic event with ID: 5921
2025-07-04 19:02:01,514 - INFO - Inserted economic event with ID: 5922
2025-07-04 19:02:01,517 - INFO - Inserted economic event with ID: 5923
2025-07-04 19:02:01,519 - INFO - Inserted economic event with ID: 5924
2025-07-04 19:02:01,522 - INFO - Inserted economic event with ID: 5925
2025-07-04 19:02:01,525 - INFO - Inserted economic event with ID: 5926
2025-07-04 19:02:01,527 - INFO - Inserted economic event with ID: 5927
2025-07-04 19:02:01,530 - INFO - Inserted economic event with ID: 5928
2025-07-04 19:02:01,532 - INFO - Inserted economic event with ID: 5929
2025-07-04 19:02:01,535 - INFO - Inserted economic event with ID: 5930
2025-07-04 19:02:01,538 - INFO - Inserted economic event with ID: 5931
2025-07-04 19:02:01,540 - INFO - Inserted economic event with ID: 5932
2025-07-04 19:02:01,543 - INFO - Inserted economic event with ID: 5933
2025-07-04 19:02:01,546 - INFO - Inserted economic event with ID: 5934
2025-07-04 19:02:01,548 - INFO - Inserted economic event with ID: 5935
2025-07-04 19:02:01,551 - INFO - Inserted economic event with ID: 5936
2025-07-04 19:02:01,554 - INFO - Inserted economic event with ID: 5937
2025-07-04 19:02:01,557 - INFO - Inserted economic event with ID: 5938
2025-07-04 19:02:01,559 - INFO - Inserted economic event with ID: 5939
2025-07-04 19:02:01,561 - INFO - Inserted economic event with ID: 5940
2025-07-04 19:02:01,565 - INFO - Inserted economic event with ID: 5941
2025-07-04 19:02:01,567 - INFO - Inserted economic event with ID: 5942
2025-07-04 19:02:01,570 - INFO - Inserted economic event with ID: 5943
2025-07-04 19:02:01,573 - INFO - Inserted economic event with ID: 5944
2025-07-04 19:02:01,576 - INFO - Inserted economic event with ID: 5945
2025-07-04 19:02:01,578 - INFO - Inserted economic event with ID: 5946
2025-07-04 19:02:01,580 - INFO - Inserted economic event with ID: 5947
2025-07-04 19:02:01,583 - INFO - Inserted economic event with ID: 5948
2025-07-04 19:02:01,585 - INFO - Inserted economic event with ID: 5949
2025-07-04 19:02:01,588 - INFO - Inserted economic event with ID: 5950
2025-07-04 19:02:01,591 - INFO - Inserted economic event with ID: 5951
2025-07-04 19:02:01,593 - INFO - Inserted economic event with ID: 5952
2025-07-04 19:02:01,596 - INFO - Inserted economic event with ID: 5953
2025-07-04 19:02:01,598 - INFO - Inserted economic event with ID: 5954
2025-07-04 19:02:01,603 - INFO - Inserted economic event with ID: 5955
2025-07-04 19:02:01,605 - INFO - Inserted economic event with ID: 5956
2025-07-04 19:02:01,608 - INFO - Inserted economic event with ID: 5957
2025-07-04 19:02:01,611 - INFO - Inserted economic event with ID: 5958
2025-07-04 19:02:01,613 - INFO - Inserted economic event with ID: 5959
2025-07-04 19:02:01,617 - INFO - Inserted economic event with ID: 5960
2025-07-04 19:02:01,621 - INFO - Inserted economic event with ID: 5961
2025-07-04 19:02:01,624 - INFO - Inserted economic event with ID: 5962
2025-07-04 19:02:01,628 - INFO - Inserted economic event with ID: 5963
2025-07-04 19:02:01,632 - INFO - Inserted economic event with ID: 5964
2025-07-04 19:02:01,637 - INFO - Inserted economic event with ID: 5965
2025-07-04 19:02:01,641 - INFO - Inserted economic event with ID: 5966
2025-07-04 19:02:01,644 - INFO - Inserted economic event with ID: 5967
2025-07-04 19:02:01,649 - INFO - Inserted economic event with ID: 5968
2025-07-04 19:02:01,652 - INFO - Inserted economic event with ID: 5969
2025-07-04 19:02:01,655 - INFO - Inserted economic event with ID: 5970
2025-07-04 19:02:01,658 - INFO - Inserted economic event with ID: 5971
2025-07-04 19:02:01,660 - INFO - Inserted economic event with ID: 5972
2025-07-04 19:02:01,663 - INFO - Inserted economic event with ID: 5973
2025-07-04 19:02:01,665 - INFO - Inserted economic event with ID: 5974
2025-07-04 19:02:01,668 - INFO - Inserted economic event with ID: 5975
2025-07-04 19:02:01,670 - INFO - Inserted economic event with ID: 5976
2025-07-04 19:02:01,672 - INFO - Inserted economic event with ID: 5977
2025-07-04 19:02:01,675 - INFO - Inserted economic event with ID: 5978
2025-07-04 19:02:01,678 - INFO - Inserted economic event with ID: 5979
2025-07-04 19:02:01,680 - INFO - Inserted economic event with ID: 5980
2025-07-04 19:02:01,683 - INFO - Inserted economic event with ID: 5981
2025-07-04 19:02:01,685 - INFO - Inserted economic event with ID: 5982
2025-07-04 19:02:01,688 - INFO - Inserted economic event with ID: 5983
2025-07-04 19:02:01,691 - INFO - Inserted economic event with ID: 5984
2025-07-04 19:02:01,693 - INFO - Inserted economic event with ID: 5985
2025-07-04 19:02:01,696 - INFO - Inserted economic event with ID: 5986
2025-07-04 19:02:01,699 - INFO - Inserted economic event with ID: 5987
2025-07-04 19:02:01,702 - INFO - Inserted economic event with ID: 5988
2025-07-04 19:02:01,705 - INFO - Inserted economic event with ID: 5989
2025-07-04 19:02:01,708 - INFO - Inserted economic event with ID: 5990
2025-07-04 19:02:01,710 - INFO - Inserted economic event with ID: 5991
2025-07-04 19:02:01,713 - INFO - Inserted economic event with ID: 5992
2025-07-04 19:02:01,716 - INFO - Inserted economic event with ID: 5993
2025-07-04 19:02:01,719 - INFO - Inserted economic event with ID: 5994
2025-07-04 19:02:01,721 - INFO - Inserted economic event with ID: 5995
2025-07-04 19:02:01,724 - INFO - Inserted economic event with ID: 5996
2025-07-04 19:02:01,727 - INFO - Inserted economic event with ID: 5997
2025-07-04 19:02:01,729 - INFO - Inserted economic event with ID: 5998
2025-07-04 19:02:01,731 - INFO - Inserted economic event with ID: 5999
2025-07-04 19:02:01,734 - INFO - Inserted economic event with ID: 6000
2025-07-04 19:02:01,736 - INFO - Inserted economic event with ID: 6001
2025-07-04 19:02:01,740 - INFO - Inserted economic event with ID: 6002
2025-07-04 19:02:01,743 - INFO - Inserted economic event with ID: 6003
2025-07-04 19:02:01,745 - INFO - Inserted economic event with ID: 6004
2025-07-04 19:02:01,747 - INFO - Inserted economic event with ID: 6005
2025-07-04 19:02:01,751 - INFO - Inserted economic event with ID: 6006
2025-07-04 19:02:01,754 - INFO - Inserted economic event with ID: 6007
2025-07-04 19:02:01,757 - INFO - Inserted economic event with ID: 6008
2025-07-04 19:02:01,760 - INFO - Inserted economic event with ID: 6009
2025-07-04 19:02:01,762 - INFO - Inserted economic event with ID: 6010
2025-07-04 19:02:01,765 - INFO - Inserted economic event with ID: 6011
2025-07-04 19:02:01,768 - INFO - Inserted economic event with ID: 6012
2025-07-04 19:02:01,771 - INFO - Inserted economic event with ID: 6013
2025-07-04 19:02:01,774 - INFO - Inserted economic event with ID: 6014
2025-07-04 19:02:01,776 - INFO - Inserted economic event with ID: 6015
2025-07-04 19:02:01,779 - INFO - Inserted economic event with ID: 6016
2025-07-04 19:02:01,781 - INFO - Inserted economic event with ID: 6017
2025-07-04 19:02:01,784 - INFO - Inserted economic event with ID: 6018
2025-07-04 19:02:01,786 - INFO - Inserted economic event with ID: 6019
2025-07-04 19:02:01,789 - INFO - Inserted economic event with ID: 6020
2025-07-04 19:02:01,792 - INFO - Inserted economic event with ID: 6021
2025-07-04 19:02:01,795 - INFO - Inserted economic event with ID: 6022
2025-07-04 19:02:01,797 - INFO - Inserted economic event with ID: 6023
2025-07-04 19:02:01,799 - INFO - Inserted economic event with ID: 6024
2025-07-04 19:02:01,803 - INFO - Inserted economic event with ID: 6025
2025-07-04 19:02:01,806 - INFO - Inserted economic event with ID: 6026
2025-07-04 19:02:01,807 - INFO - Inserted economic event with ID: 6027
2025-07-04 19:02:01,811 - INFO - Inserted economic event with ID: 6028
2025-07-04 19:02:01,814 - INFO - Inserted economic event with ID: 6029
2025-07-04 19:02:01,816 - INFO - Inserted economic event with ID: 6030
2025-07-04 19:02:01,819 - INFO - Inserted economic event with ID: 6031
2025-07-04 19:02:01,822 - INFO - Inserted economic event with ID: 6032
2025-07-04 19:02:01,825 - INFO - Inserted economic event with ID: 6033
2025-07-04 19:02:01,828 - INFO - Inserted economic event with ID: 6034
2025-07-04 19:02:01,830 - INFO - Inserted economic event with ID: 6035
2025-07-04 19:02:01,833 - INFO - Inserted economic event with ID: 6036
2025-07-04 19:02:01,836 - INFO - Inserted economic event with ID: 6037
2025-07-04 19:02:01,838 - INFO - Inserted economic event with ID: 6038
2025-07-04 19:02:01,840 - INFO - Inserted economic event with ID: 6039
2025-07-04 19:02:01,844 - INFO - Inserted economic event with ID: 6040
2025-07-04 19:02:01,847 - INFO - Inserted economic event with ID: 6041
2025-07-04 19:02:01,849 - INFO - Inserted economic event with ID: 6042
2025-07-04 19:02:01,852 - INFO - Inserted economic event with ID: 6043
2025-07-04 19:02:01,855 - INFO - Inserted economic event with ID: 6044
2025-07-04 19:02:01,857 - INFO - Inserted economic event with ID: 6045
2025-07-04 19:02:01,859 - INFO - Inserted economic event with ID: 6046
2025-07-04 19:02:01,863 - INFO - Inserted economic event with ID: 6047
2025-07-04 19:02:01,866 - INFO - Inserted economic event with ID: 6048
2025-07-04 19:02:01,867 - INFO - Inserted economic event with ID: 6049
2025-07-04 19:02:01,871 - INFO - Inserted economic event with ID: 6050
2025-07-04 19:02:01,874 - INFO - Inserted economic event with ID: 6051
2025-07-04 19:02:01,876 - INFO - Inserted economic event with ID: 6052
2025-07-04 19:02:01,879 - INFO - Inserted economic event with ID: 6053
2025-07-04 19:02:01,882 - INFO - Inserted economic event with ID: 6054
2025-07-04 19:02:01,885 - INFO - Inserted economic event with ID: 6055
2025-07-04 19:02:01,887 - INFO - Inserted economic event with ID: 6056
2025-07-04 19:02:01,890 - INFO - Inserted economic event with ID: 6057
2025-07-04 19:02:01,892 - INFO - Inserted economic event with ID: 6058
2025-07-04 19:02:01,895 - INFO - Inserted economic event with ID: 6059
2025-07-04 19:02:01,898 - INFO - Inserted economic event with ID: 6060
2025-07-04 19:02:01,901 - INFO - Inserted economic event with ID: 6061
2025-07-04 19:02:01,903 - INFO - Inserted economic event with ID: 6062
2025-07-04 19:02:01,906 - INFO - Inserted economic event with ID: 6063
2025-07-04 19:02:01,908 - INFO - Inserted economic event with ID: 6064
2025-07-04 19:02:01,912 - INFO - Inserted economic event with ID: 6065
2025-07-04 19:02:01,915 - INFO - Inserted economic event with ID: 6066
2025-07-04 19:02:01,918 - INFO - Inserted economic event with ID: 6067
2025-07-04 19:02:01,920 - INFO - Inserted economic event with ID: 6068
2025-07-04 19:02:01,922 - INFO - Inserted economic event with ID: 6069
2025-07-04 19:02:01,926 - INFO - Inserted economic event with ID: 6070
2025-07-04 19:02:01,928 - INFO - Inserted economic event with ID: 6071
2025-07-04 19:02:01,930 - INFO - Inserted economic event with ID: 6072
2025-07-04 19:02:01,933 - INFO - Inserted economic event with ID: 6073
2025-07-04 19:02:01,936 - INFO - Inserted economic event with ID: 6074
2025-07-04 19:02:01,939 - INFO - Inserted economic event with ID: 6075
2025-07-04 19:02:01,942 - INFO - Inserted economic event with ID: 6076
2025-07-04 19:02:01,945 - INFO - Inserted economic event with ID: 6077
2025-07-04 19:02:01,947 - INFO - Inserted economic event with ID: 6078
2025-07-04 19:02:01,950 - INFO - Inserted economic event with ID: 6079
2025-07-04 19:02:01,952 - INFO - Inserted economic event with ID: 6080
2025-07-04 19:02:01,955 - INFO - Inserted economic event with ID: 6081
2025-07-04 19:02:01,957 - INFO - Inserted economic event with ID: 6082
2025-07-04 19:02:01,959 - INFO - Inserted economic event with ID: 6083
2025-07-04 19:02:01,963 - INFO - Inserted economic event with ID: 6084
2025-07-04 19:02:01,966 - INFO - Inserted economic event with ID: 6085
2025-07-04 19:02:01,968 - INFO - Inserted economic event with ID: 6086
2025-07-04 19:02:01,971 - INFO - Inserted economic event with ID: 6087
2025-07-04 19:02:01,973 - INFO - Inserted economic event with ID: 6088
2025-07-04 19:02:01,976 - INFO - Inserted economic event with ID: 6089
2025-07-04 19:02:01,979 - INFO - Inserted economic event with ID: 6090
2025-07-04 19:02:01,981 - INFO - Inserted economic event with ID: 6091
2025-07-04 19:02:01,984 - INFO - Inserted economic event with ID: 6092
2025-07-04 19:02:01,987 - INFO - Inserted economic event with ID: 6093
2025-07-04 19:02:01,989 - INFO - Inserted economic event with ID: 6094
2025-07-04 19:02:01,992 - INFO - Inserted economic event with ID: 6095
2025-07-04 19:02:01,995 - INFO - Inserted economic event with ID: 6096
2025-07-04 19:02:01,997 - INFO - Inserted economic event with ID: 6097
2025-07-04 19:02:02,000 - INFO - Inserted economic event with ID: 6098
2025-07-04 19:02:02,003 - INFO - Inserted economic event with ID: 6099
2025-07-04 19:02:02,005 - INFO - Inserted economic event with ID: 6100
2025-07-04 19:02:02,009 - INFO - Inserted economic event with ID: 6101
2025-07-04 19:02:02,011 - INFO - Inserted economic event with ID: 6102
2025-07-04 19:02:02,013 - INFO - Inserted economic event with ID: 6103
2025-07-04 19:02:02,016 - INFO - Inserted economic event with ID: 6104
2025-07-04 19:02:02,018 - INFO - Inserted economic event with ID: 6105
2025-07-04 19:02:02,022 - INFO - Inserted economic event with ID: 6106
2025-07-04 19:02:02,024 - INFO - Inserted economic event with ID: 6107
2025-07-04 19:02:02,027 - INFO - Inserted economic event with ID: 6108
2025-07-04 19:02:02,030 - INFO - Inserted economic event with ID: 6109
2025-07-04 19:02:02,034 - INFO - Inserted economic event with ID: 6110
2025-07-04 19:02:02,037 - INFO - Inserted economic event with ID: 6111
2025-07-04 19:02:02,039 - INFO - Inserted economic event with ID: 6112
2025-07-04 19:02:02,043 - INFO - Inserted economic event with ID: 6113
2025-07-04 19:02:02,046 - INFO - Inserted economic event with ID: 6114
2025-07-04 19:02:02,049 - INFO - Inserted economic event with ID: 6115
2025-07-04 19:02:02,053 - INFO - Inserted economic event with ID: 6116
2025-07-04 19:02:02,056 - INFO - Inserted economic event with ID: 6117
2025-07-04 19:02:02,059 - INFO - Inserted economic event with ID: 6118
2025-07-04 19:02:02,063 - INFO - Inserted economic event with ID: 6119
2025-07-04 19:02:02,066 - INFO - Inserted economic event with ID: 6120
2025-07-04 19:02:02,068 - INFO - Inserted economic event with ID: 6121
2025-07-04 19:02:02,071 - INFO - Inserted economic event with ID: 6122
2025-07-04 19:02:02,073 - INFO - Inserted economic event with ID: 6123
2025-07-04 19:02:02,076 - INFO - Inserted economic event with ID: 6124
2025-07-04 19:02:02,079 - INFO - Inserted economic event with ID: 6125
2025-07-04 19:02:02,082 - INFO - Inserted economic event with ID: 6126
2025-07-04 19:02:02,085 - INFO - Inserted economic event with ID: 6127
2025-07-04 19:02:02,088 - INFO - Inserted economic event with ID: 6128
2025-07-04 19:02:02,090 - INFO - Inserted economic event with ID: 6129
2025-07-04 19:02:02,094 - INFO - Inserted economic event with ID: 6130
2025-07-04 19:02:02,097 - INFO - Inserted economic event with ID: 6131
2025-07-04 19:02:02,100 - INFO - Inserted economic event with ID: 6132
2025-07-04 19:02:02,103 - INFO - Inserted economic event with ID: 6133
2025-07-04 19:02:02,106 - INFO - Inserted economic event with ID: 6134
2025-07-04 19:02:02,108 - INFO - Inserted economic event with ID: 6135
2025-07-04 19:02:02,111 - INFO - Inserted economic event with ID: 6136
2025-07-04 19:02:02,114 - INFO - Inserted economic event with ID: 6137
2025-07-04 19:02:02,117 - INFO - Inserted economic event with ID: 6138
2025-07-04 19:02:02,120 - INFO - Inserted economic event with ID: 6139
2025-07-04 19:02:02,122 - INFO - Inserted economic event with ID: 6140
2025-07-04 19:02:02,125 - INFO - Inserted economic event with ID: 6141
2025-07-04 19:02:02,128 - INFO - Inserted economic event with ID: 6142
2025-07-04 19:02:02,131 - INFO - Inserted economic event with ID: 6143
2025-07-04 19:02:02,134 - INFO - Inserted economic event with ID: 6144
2025-07-04 19:02:02,136 - INFO - Inserted economic event with ID: 6145
2025-07-04 19:02:02,139 - INFO - Inserted economic event with ID: 6146
2025-07-04 19:02:02,142 - INFO - Inserted economic event with ID: 6147
2025-07-04 19:02:02,146 - INFO - Inserted economic event with ID: 6148
2025-07-04 19:02:02,148 - INFO - Inserted economic event with ID: 6149
2025-07-04 19:02:02,151 - INFO - Inserted economic event with ID: 6150
2025-07-04 19:02:02,154 - INFO - Inserted economic event with ID: 6151
2025-07-04 19:02:02,158 - INFO - Inserted economic event with ID: 6152
2025-07-04 19:02:02,161 - INFO - Inserted economic event with ID: 6153
2025-07-04 19:02:02,163 - INFO - Inserted economic event with ID: 6154
2025-07-04 19:02:02,166 - INFO - Inserted economic event with ID: 6155
2025-07-04 19:02:02,169 - INFO - Inserted economic event with ID: 6156
2025-07-04 19:02:02,171 - INFO - Inserted economic event with ID: 6157
2025-07-04 19:02:02,174 - INFO - Inserted economic event with ID: 6158
2025-07-04 19:02:02,177 - INFO - Inserted economic event with ID: 6159
2025-07-04 19:02:02,180 - INFO - Inserted economic event with ID: 6160
2025-07-04 19:02:02,183 - INFO - Inserted economic event with ID: 6161
2025-07-04 19:02:02,186 - INFO - Inserted economic event with ID: 6162
2025-07-04 19:02:02,189 - INFO - Inserted economic event with ID: 6163
2025-07-04 19:02:02,192 - INFO - Inserted economic event with ID: 6164
2025-07-04 19:02:02,195 - INFO - Inserted economic event with ID: 6165
2025-07-04 19:02:02,197 - INFO - Inserted economic event with ID: 6166
2025-07-04 19:02:02,200 - INFO - Inserted economic event with ID: 6167
2025-07-04 19:02:02,203 - INFO - Inserted economic event with ID: 6168
2025-07-04 19:02:02,205 - INFO - Inserted economic event with ID: 6169
2025-07-04 19:02:02,209 - INFO - Inserted economic event with ID: 6170
2025-07-04 19:02:02,211 - INFO - Inserted economic event with ID: 6171
2025-07-04 19:02:02,215 - INFO - Inserted economic event with ID: 6172
2025-07-04 19:02:02,217 - INFO - Inserted economic event with ID: 6173
2025-07-04 19:02:02,219 - INFO - Inserted economic event with ID: 6174
2025-07-04 19:02:02,223 - INFO - Inserted economic event with ID: 6175
2025-07-04 19:02:02,225 - INFO - Inserted economic event with ID: 6176
2025-07-04 19:02:02,228 - INFO - Inserted economic event with ID: 6177
2025-07-04 19:02:02,230 - INFO - Inserted economic event with ID: 6178
2025-07-04 19:02:02,233 - INFO - Inserted economic event with ID: 6179
2025-07-04 19:02:02,235 - INFO - Inserted economic event with ID: 6180
2025-07-04 19:02:02,238 - INFO - Inserted economic event with ID: 6181
2025-07-04 19:02:02,241 - INFO - Inserted economic event with ID: 6182
2025-07-04 19:02:02,243 - INFO - Inserted economic event with ID: 6183
2025-07-04 19:02:02,247 - INFO - Inserted economic event with ID: 6184
2025-07-04 19:02:02,249 - INFO - Inserted economic event with ID: 6185
2025-07-04 19:02:02,252 - INFO - Inserted economic event with ID: 6186
2025-07-04 19:02:02,255 - INFO - Inserted economic event with ID: 6187
2025-07-04 19:02:02,258 - INFO - Inserted economic event with ID: 6188
2025-07-04 19:02:02,261 - INFO - Inserted economic event with ID: 6189
2025-07-04 19:02:02,264 - INFO - Inserted economic event with ID: 6190
2025-07-04 19:02:02,266 - INFO - Inserted economic event with ID: 6191
2025-07-04 19:02:02,269 - INFO - Inserted economic event with ID: 6192
2025-07-04 19:02:02,273 - INFO - Inserted economic event with ID: 6193
2025-07-04 19:02:02,275 - INFO - Inserted economic event with ID: 6194
2025-07-04 19:02:02,278 - INFO - Inserted economic event with ID: 6195
2025-07-04 19:02:02,281 - INFO - Inserted economic event with ID: 6196
2025-07-04 19:02:02,283 - INFO - Inserted economic event with ID: 6197
2025-07-04 19:02:02,286 - INFO - Inserted economic event with ID: 6198
2025-07-04 19:02:02,289 - INFO - Inserted economic event with ID: 6199
2025-07-04 19:02:02,292 - INFO - Inserted economic event with ID: 6200
2025-07-04 19:02:02,294 - INFO - Inserted economic event with ID: 6201
2025-07-04 19:02:02,296 - INFO - Inserted economic event with ID: 6202
2025-07-04 19:02:02,300 - INFO - Inserted economic event with ID: 6203
2025-07-04 19:02:02,303 - INFO - Inserted economic event with ID: 6204
2025-07-04 19:02:02,305 - INFO - Inserted economic event with ID: 6205
2025-07-04 19:02:02,308 - INFO - Inserted economic event with ID: 6206
2025-07-04 19:02:02,310 - INFO - Inserted economic event with ID: 6207
2025-07-04 19:02:02,314 - INFO - Inserted economic event with ID: 6208
2025-07-04 19:02:02,317 - INFO - Inserted economic event with ID: 6209
2025-07-04 19:02:02,319 - INFO - Inserted economic event with ID: 6210
2025-07-04 19:02:02,321 - INFO - Inserted economic event with ID: 6211
2025-07-04 19:02:02,326 - INFO - Inserted economic event with ID: 6212
2025-07-04 19:02:02,328 - INFO - Inserted economic event with ID: 6213
2025-07-04 19:02:02,331 - INFO - Inserted economic event with ID: 6214
2025-07-04 19:02:02,333 - INFO - Inserted economic event with ID: 6215
2025-07-04 19:02:02,337 - INFO - Inserted economic event with ID: 6216
2025-07-04 19:02:02,340 - INFO - Inserted economic event with ID: 6217
2025-07-04 19:02:02,342 - INFO - Inserted economic event with ID: 6218
2025-07-04 19:02:02,344 - INFO - Inserted economic event with ID: 6219
2025-07-04 19:02:02,348 - INFO - Inserted economic event with ID: 6220
2025-07-04 19:02:02,351 - INFO - Inserted economic event with ID: 6221
2025-07-04 19:02:02,354 - INFO - Inserted economic event with ID: 6222
2025-07-04 19:02:02,357 - INFO - Inserted economic event with ID: 6223
2025-07-04 19:02:02,359 - INFO - Inserted economic event with ID: 6224
2025-07-04 19:02:02,362 - INFO - Inserted economic event with ID: 6225
2025-07-04 19:02:02,366 - INFO - Inserted economic event with ID: 6226
2025-07-04 19:02:02,368 - INFO - Inserted economic event with ID: 6227
2025-07-04 19:02:02,371 - INFO - Inserted economic event with ID: 6228
2025-07-04 19:02:02,373 - INFO - Inserted economic event with ID: 6229
2025-07-04 19:02:02,377 - INFO - Inserted economic event with ID: 6230
2025-07-04 19:02:02,379 - INFO - Inserted economic event with ID: 6231
2025-07-04 19:02:02,382 - INFO - Inserted economic event with ID: 6232
2025-07-04 19:02:02,385 - INFO - Inserted economic event with ID: 6233
2025-07-04 19:02:02,388 - INFO - Inserted economic event with ID: 6234
2025-07-04 19:02:02,390 - INFO - Inserted economic event with ID: 6235
2025-07-04 19:02:02,393 - INFO - Inserted economic event with ID: 6236
2025-07-04 19:02:02,396 - INFO - Inserted economic event with ID: 6237
2025-07-04 19:02:02,398 - INFO - Inserted economic event with ID: 6238
2025-07-04 19:02:02,400 - INFO - Inserted economic event with ID: 6239
2025-07-04 19:02:02,403 - INFO - Inserted economic event with ID: 6240
2025-07-04 19:02:02,406 - INFO - Inserted economic event with ID: 6241
2025-07-04 19:02:02,410 - INFO - Inserted economic event with ID: 6242
2025-07-04 19:02:02,413 - INFO - Inserted economic event with ID: 6243
2025-07-04 19:02:02,415 - INFO - Inserted economic event with ID: 6244
2025-07-04 19:02:02,418 - INFO - Inserted economic event with ID: 6245
2025-07-04 19:02:02,421 - INFO - Inserted economic event with ID: 6246
2025-07-04 19:02:02,424 - INFO - Inserted economic event with ID: 6247
2025-07-04 19:02:02,426 - INFO - Inserted economic event with ID: 6248
2025-07-04 19:02:02,429 - INFO - Inserted economic event with ID: 6249
2025-07-04 19:02:02,432 - INFO - Inserted economic event with ID: 6250
2025-07-04 19:02:02,435 - INFO - Inserted economic event with ID: 6251
2025-07-04 19:02:02,437 - INFO - Inserted economic event with ID: 6252
2025-07-04 19:02:02,441 - INFO - Inserted economic event with ID: 6253
2025-07-04 19:02:02,445 - INFO - Inserted economic event with ID: 6254
2025-07-04 19:02:02,447 - INFO - Inserted economic event with ID: 6255
2025-07-04 19:02:02,450 - INFO - Inserted economic event with ID: 6256
2025-07-04 19:02:02,453 - INFO - Inserted economic event with ID: 6257
2025-07-04 19:02:02,455 - INFO - Inserted economic event with ID: 6258
2025-07-04 19:02:02,457 - INFO - Inserted economic event with ID: 6259
2025-07-04 19:02:02,460 - INFO - Inserted economic event with ID: 6260
2025-07-04 19:02:02,463 - INFO - Inserted economic event with ID: 6261
2025-07-04 19:02:02,465 - INFO - Inserted economic event with ID: 6262
2025-07-04 19:02:02,468 - INFO - Inserted economic event with ID: 6263
2025-07-04 19:02:02,470 - INFO - Inserted economic event with ID: 6264
2025-07-04 19:02:02,473 - INFO - Inserted economic event with ID: 6265
2025-07-04 19:02:02,475 - INFO - Inserted economic event with ID: 6266
2025-07-04 19:02:02,477 - INFO - Inserted economic event with ID: 6267
2025-07-04 19:02:02,481 - INFO - Inserted economic event with ID: 6268
2025-07-04 19:02:02,484 - INFO - Inserted economic event with ID: 6269
2025-07-04 19:02:02,486 - INFO - Inserted economic event with ID: 6270
2025-07-04 19:02:02,489 - INFO - Inserted economic event with ID: 6271
2025-07-04 19:02:02,491 - INFO - Inserted economic event with ID: 6272
2025-07-04 19:02:02,494 - INFO - Inserted economic event with ID: 6273
2025-07-04 19:02:02,497 - INFO - Inserted economic event with ID: 6274
2025-07-04 19:02:02,499 - INFO - Inserted economic event with ID: 6275
2025-07-04 19:02:02,501 - INFO - Inserted economic event with ID: 6276
2025-07-04 19:02:02,504 - INFO - Inserted economic event with ID: 6277
2025-07-04 19:02:02,506 - INFO - Inserted economic event with ID: 6278
2025-07-04 19:02:02,509 - INFO - Inserted economic event with ID: 6279
2025-07-04 19:02:02,511 - INFO - Inserted economic event with ID: 6280
2025-07-04 19:02:02,514 - INFO - Inserted economic event with ID: 6281
2025-07-04 19:02:02,516 - INFO - Inserted economic event with ID: 6282
2025-07-04 19:02:02,519 - INFO - Inserted economic event with ID: 6283
2025-07-04 19:02:02,522 - INFO - Inserted economic event with ID: 6284
2025-07-04 19:02:02,524 - INFO - Inserted economic event with ID: 6285
2025-07-04 19:02:02,527 - INFO - Inserted economic event with ID: 6286
2025-07-04 19:02:02,529 - INFO - Inserted economic event with ID: 6287
2025-07-04 19:02:02,532 - INFO - Inserted economic event with ID: 6288
2025-07-04 19:02:02,534 - INFO - Inserted economic event with ID: 6289
2025-07-04 19:02:02,537 - INFO - Inserted economic event with ID: 6290
2025-07-04 19:02:02,540 - INFO - Inserted economic event with ID: 6291
2025-07-04 19:02:02,543 - INFO - Inserted economic event with ID: 6292
2025-07-04 19:02:02,545 - INFO - Inserted economic event with ID: 6293
2025-07-04 19:02:02,547 - INFO - Inserted economic event with ID: 6294
2025-07-04 19:02:02,550 - INFO - Inserted economic event with ID: 6295
2025-07-04 19:02:02,552 - INFO - Inserted economic event with ID: 6296
2025-07-04 19:02:02,556 - INFO - Inserted economic event with ID: 6297
2025-07-04 19:02:02,558 - INFO - Inserted economic event with ID: 6298
2025-07-04 19:02:02,561 - INFO - Inserted economic event with ID: 6299
2025-07-04 19:02:02,563 - INFO - Inserted economic event with ID: 6300
2025-07-04 19:02:02,566 - INFO - Inserted economic event with ID: 6301
2025-07-04 19:02:02,568 - INFO - Inserted economic event with ID: 6302
2025-07-04 19:02:02,571 - INFO - Inserted economic event with ID: 6303
2025-07-04 19:02:02,573 - INFO - Inserted economic event with ID: 6304
2025-07-04 19:02:02,576 - INFO - Inserted economic event with ID: 6305
2025-07-04 19:02:02,578 - INFO - Inserted economic event with ID: 6306
2025-07-04 19:02:02,581 - INFO - Inserted economic event with ID: 6307
2025-07-04 19:02:02,583 - INFO - Inserted economic event with ID: 6308
2025-07-04 19:02:02,586 - INFO - Inserted economic event with ID: 6309
2025-07-04 19:02:02,589 - INFO - Inserted economic event with ID: 6310
2025-07-04 19:02:02,591 - INFO - Inserted economic event with ID: 6311
2025-07-04 19:02:02,593 - INFO - Inserted economic event with ID: 6312
2025-07-04 19:02:02,596 - INFO - Inserted economic event with ID: 6313
2025-07-04 19:02:02,598 - INFO - Inserted economic event with ID: 6314
2025-07-04 19:02:02,602 - INFO - Inserted economic event with ID: 6315
2025-07-04 19:02:02,605 - INFO - Inserted economic event with ID: 6316
2025-07-04 19:02:02,607 - INFO - Inserted economic event with ID: 6317
2025-07-04 19:02:02,609 - INFO - Inserted economic event with ID: 6318
2025-07-04 19:02:02,612 - INFO - Inserted economic event with ID: 6319
2025-07-04 19:02:02,615 - INFO - Inserted economic event with ID: 6320
2025-07-04 19:02:02,618 - INFO - Inserted economic event with ID: 6321
2025-07-04 19:02:02,621 - INFO - Inserted economic event with ID: 6322
2025-07-04 19:02:02,624 - INFO - Inserted economic event with ID: 6323
2025-07-04 19:02:02,626 - INFO - Inserted economic event with ID: 6324
2025-07-04 19:02:02,628 - INFO - Inserted economic event with ID: 6325
2025-07-04 19:02:02,632 - INFO - Inserted economic event with ID: 6326
2025-07-04 19:02:02,634 - INFO - Inserted economic event with ID: 6327
2025-07-04 19:02:02,636 - INFO - Inserted economic event with ID: 6328
2025-07-04 19:02:02,639 - INFO - Inserted economic event with ID: 6329
2025-07-04 19:02:02,642 - INFO - Inserted economic event with ID: 6330
2025-07-04 19:02:02,644 - INFO - Inserted economic event with ID: 6331
2025-07-04 19:02:02,647 - INFO - Inserted economic event with ID: 6332
2025-07-04 19:02:02,649 - INFO - Inserted economic event with ID: 6333
2025-07-04 19:02:02,652 - INFO - Inserted economic event with ID: 6334
2025-07-04 19:02:02,655 - INFO - Inserted economic event with ID: 6335
2025-07-04 19:02:02,658 - INFO - Inserted economic event with ID: 6336
2025-07-04 19:02:02,661 - INFO - Inserted economic event with ID: 6337
2025-07-04 19:02:02,663 - INFO - Inserted economic event with ID: 6338
2025-07-04 19:02:02,665 - INFO - Inserted economic event with ID: 6339
2025-07-04 19:02:02,668 - INFO - Inserted economic event with ID: 6340
2025-07-04 19:02:02,671 - INFO - Inserted economic event with ID: 6341
2025-07-04 19:02:02,674 - INFO - Inserted economic event with ID: 6342
2025-07-04 19:02:02,677 - INFO - Inserted economic event with ID: 6343
2025-07-04 19:02:02,679 - INFO - Inserted economic event with ID: 6344
2025-07-04 19:02:02,682 - INFO - Inserted economic event with ID: 6345
2025-07-04 19:02:02,684 - INFO - Inserted economic event with ID: 6346
2025-07-04 19:02:02,687 - INFO - Inserted economic event with ID: 6347
2025-07-04 19:02:02,689 - INFO - Inserted economic event with ID: 6348
2025-07-04 19:02:02,691 - INFO - Inserted economic event with ID: 6349
2025-07-04 19:02:02,694 - INFO - Inserted economic event with ID: 6350
2025-07-04 19:02:02,696 - INFO - Inserted economic event with ID: 6351
2025-07-04 19:02:02,699 - INFO - Inserted economic event with ID: 6352
2025-07-04 19:02:02,701 - INFO - Inserted economic event with ID: 6353
2025-07-04 19:02:02,703 - INFO - Inserted economic event with ID: 6354
2025-07-04 19:02:02,706 - INFO - Inserted economic event with ID: 6355
2025-07-04 19:02:02,709 - INFO - Inserted economic event with ID: 6356
2025-07-04 19:02:02,712 - INFO - Inserted economic event with ID: 6357
2025-07-04 19:02:02,714 - INFO - Inserted economic event with ID: 6358
2025-07-04 19:02:02,717 - INFO - Inserted economic event with ID: 6359
2025-07-04 19:02:02,719 - INFO - Inserted economic event with ID: 6360
2025-07-04 19:02:02,722 - INFO - Inserted economic event with ID: 6361
2025-07-04 19:02:02,725 - INFO - Inserted economic event with ID: 6362
2025-07-04 19:02:02,728 - INFO - Inserted economic event with ID: 6363
2025-07-04 19:02:02,730 - INFO - Inserted economic event with ID: 6364
2025-07-04 19:02:02,733 - INFO - Inserted economic event with ID: 6365
2025-07-04 19:02:02,735 - INFO - Inserted economic event with ID: 6366
2025-07-04 19:02:02,737 - INFO - Inserted economic event with ID: 6367
2025-07-04 19:02:02,740 - INFO - Inserted economic event with ID: 6368
2025-07-04 19:02:02,742 - INFO - Inserted economic event with ID: 6369
2025-07-04 19:02:02,745 - INFO - Inserted economic event with ID: 6370
2025-07-04 19:02:02,747 - INFO - Inserted economic event with ID: 6371
2025-07-04 19:02:02,750 - INFO - Inserted economic event with ID: 6372
2025-07-04 19:02:02,752 - INFO - Inserted economic event with ID: 6373
2025-07-04 19:02:02,754 - INFO - Inserted economic event with ID: 6374
2025-07-04 19:02:02,757 - INFO - Inserted economic event with ID: 6375
2025-07-04 19:02:02,759 - INFO - Inserted economic event with ID: 6376
2025-07-04 19:02:02,762 - INFO - Inserted economic event with ID: 6377
2025-07-04 19:02:02,765 - INFO - Inserted economic event with ID: 6378
2025-07-04 19:02:02,768 - INFO - Inserted economic event with ID: 6379
2025-07-04 19:02:02,770 - INFO - Inserted economic event with ID: 6380
2025-07-04 19:02:02,772 - INFO - Inserted economic event with ID: 6381
2025-07-04 19:02:02,776 - INFO - Inserted economic event with ID: 6382
2025-07-04 19:02:02,779 - INFO - Inserted economic event with ID: 6383
2025-07-04 19:02:02,782 - INFO - Inserted economic event with ID: 6384
2025-07-04 19:02:02,784 - INFO - Inserted economic event with ID: 6385
2025-07-04 19:02:02,787 - INFO - Inserted economic event with ID: 6386
2025-07-04 19:02:02,789 - INFO - Inserted economic event with ID: 6387
2025-07-04 19:02:02,791 - INFO - Inserted economic event with ID: 6388
2025-07-04 19:02:02,794 - INFO - Inserted economic event with ID: 6389
2025-07-04 19:02:02,797 - INFO - Inserted economic event with ID: 6390
2025-07-04 19:02:02,799 - INFO - Inserted economic event with ID: 6391
2025-07-04 19:02:02,802 - INFO - Inserted economic event with ID: 6392
2025-07-04 19:02:02,805 - INFO - Inserted economic event with ID: 6393
2025-07-04 19:02:02,807 - INFO - Inserted economic event with ID: 6394
2025-07-04 19:02:02,809 - INFO - Inserted economic event with ID: 6395
2025-07-04 19:02:02,812 - INFO - Inserted economic event with ID: 6396
2025-07-04 19:02:02,815 - INFO - Inserted economic event with ID: 6397
2025-07-04 19:02:02,817 - INFO - Inserted economic event with ID: 6398
2025-07-04 19:02:02,820 - INFO - Inserted economic event with ID: 6399
2025-07-04 19:02:02,824 - INFO - Inserted economic event with ID: 6400
2025-07-04 19:02:02,827 - INFO - Inserted economic event with ID: 6401
2025-07-04 19:02:02,830 - INFO - Inserted economic event with ID: 6402
2025-07-04 19:02:02,833 - INFO - Inserted economic event with ID: 6403
2025-07-04 19:02:02,836 - INFO - Inserted economic event with ID: 6404
2025-07-04 19:02:02,838 - INFO - Inserted economic event with ID: 6405
2025-07-04 19:02:02,841 - INFO - Inserted economic event with ID: 6406
2025-07-04 19:02:02,844 - INFO - Inserted economic event with ID: 6407
2025-07-04 19:02:02,846 - INFO - Inserted economic event with ID: 6408
2025-07-04 19:02:02,849 - INFO - Inserted economic event with ID: 6409
2025-07-04 19:02:02,851 - INFO - Inserted economic event with ID: 6410
2025-07-04 19:02:02,854 - INFO - Inserted economic event with ID: 6411
2025-07-04 19:02:02,858 - INFO - Inserted economic event with ID: 6412
2025-07-04 19:02:02,860 - INFO - Inserted economic event with ID: 6413
2025-07-04 19:02:02,863 - INFO - Inserted economic event with ID: 6414
2025-07-04 19:02:02,866 - INFO - Inserted economic event with ID: 6415
2025-07-04 19:02:02,868 - INFO - Inserted economic event with ID: 6416
2025-07-04 19:02:02,871 - INFO - Inserted economic event with ID: 6417
2025-07-04 19:02:02,874 - INFO - Inserted economic event with ID: 6418
2025-07-04 19:02:02,877 - INFO - Inserted economic event with ID: 6419
2025-07-04 19:02:02,879 - INFO - Inserted economic event with ID: 6420
2025-07-04 19:02:02,881 - INFO - Inserted economic event with ID: 6421
2025-07-04 19:02:02,884 - INFO - Inserted economic event with ID: 6422
2025-07-04 19:02:02,887 - INFO - Inserted economic event with ID: 6423
2025-07-04 19:02:02,889 - INFO - Inserted economic event with ID: 6424
2025-07-04 19:02:02,892 - INFO - Inserted economic event with ID: 6425
2025-07-04 19:02:02,894 - INFO - Inserted economic event with ID: 6426
2025-07-04 19:02:02,897 - INFO - Inserted economic event with ID: 6427
2025-07-04 19:02:02,902 - INFO - Inserted economic event with ID: 6428
2025-07-04 19:02:02,906 - INFO - Inserted economic event with ID: 6429
2025-07-04 19:02:02,910 - INFO - Inserted economic event with ID: 6430
2025-07-04 19:02:02,913 - INFO - Inserted economic event with ID: 6431
2025-07-04 19:02:02,915 - INFO - Inserted economic event with ID: 6432
2025-07-04 19:02:02,920 - INFO - Inserted economic event with ID: 6433
2025-07-04 19:02:02,923 - INFO - Inserted economic event with ID: 6434
2025-07-04 19:02:02,926 - INFO - Inserted economic event with ID: 6435
2025-07-04 19:02:02,929 - INFO - Inserted economic event with ID: 6436
2025-07-04 19:02:02,933 - INFO - Inserted economic event with ID: 6437
2025-07-04 19:02:02,935 - INFO - Inserted economic event with ID: 6438
2025-07-04 19:02:02,939 - INFO - Inserted economic event with ID: 6439
2025-07-04 19:02:02,942 - INFO - Inserted economic event with ID: 6440
2025-07-04 19:02:02,945 - INFO - Inserted economic event with ID: 6441
2025-07-04 19:02:02,948 - INFO - Inserted economic event with ID: 6442
2025-07-04 19:02:02,951 - INFO - Inserted economic event with ID: 6443
2025-07-04 19:02:02,955 - INFO - Inserted economic event with ID: 6444
2025-07-04 19:02:02,958 - INFO - Inserted economic event with ID: 6445
2025-07-04 19:02:02,962 - INFO - Inserted economic event with ID: 6446
2025-07-04 19:02:02,966 - INFO - Inserted economic event with ID: 6447
2025-07-04 19:02:02,968 - INFO - Inserted economic event with ID: 6448
2025-07-04 19:02:02,971 - INFO - Inserted economic event with ID: 6449
2025-07-04 19:02:02,974 - INFO - Inserted economic event with ID: 6450
2025-07-04 19:02:02,977 - INFO - Inserted economic event with ID: 6451


[MESSARI STDERR @ 2025-07-04 19:02:09.878978]


[TWELVE_DATA STDERR @ 2025-07-04 19:02:15.662336]


[BENZINGA STDERR @ 2025-07-04 19:06:17.094829]
2025-07-04 19:06:11,206 - WARNING - \u26a0\ufe0f Data store module not available: No module named 'sqlalchemy'


[POLYGON STDERR @ 2025-07-04 19:06:18.068529]
2025-07-04 19:06:17,718 - ERROR - [Polygon] Error fetching SPX: 'v'
2025-07-04 19:06:17,871 - ERROR - [Polygon] Error fetching NDX: 'v'
2025-07-04 19:06:18,049 - ERROR - [Polygon] Error fetching RUT: 'v'


[FMP STDERR @ 2025-07-04 19:06:21.510269]
2025-07-04 19:06:18,484 - INFO - Database tables created successfully
2025-07-04 19:06:18,484 - INFO - Database initialization completed
2025-07-04 19:06:18,484 - INFO - MacroIntel Data Store initialized with SQLAlchemy ORM
2025-07-04 19:06:18,484 - INFO - \u2705 Data store module imported successfully
2025-07-04 19:06:18,974 - INFO - Inserted economic event with ID: 6452
2025-07-04 19:06:18,977 - INFO - Inserted economic event with ID: 6453
2025-07-04 19:06:18,981 - INFO - Inserted economic event with ID: 6454
2025-07-04 19:06:18,984 - INFO - Inserted economic event with ID: 6455
2025-07-04 19:06:18,987 - INFO - Inserted economic event with ID: 6456
2025-07-04 19:06:18,990 - INFO - Inserted economic event with ID: 6457
2025-07-04 19:06:18,993 - INFO - Inserted economic event with ID: 6458
2025-07-04 19:06:18,996 - INFO - Inserted economic event with ID: 6459
2025-07-04 19:06:19,000 - INFO - Inserted economic event with ID: 6460
2025-07-04 19:06:19,003 - INFO - Inserted economic event with ID: 6461
2025-07-04 19:06:19,006 - INFO - Inserted economic event with ID: 6462
2025-07-04 19:06:19,009 - INFO - Inserted economic event with ID: 6463
2025-07-04 19:06:19,012 - INFO - Inserted economic event with ID: 6464
2025-07-04 19:06:19,015 - INFO - Inserted economic event with ID: 6465
2025-07-04 19:06:19,018 - INFO - Inserted economic event with ID: 6466
2025-07-04 19:06:19,021 - INFO - Inserted economic event with ID: 6467
2025-07-04 19:06:19,025 - INFO - Inserted economic event with ID: 6468
2025-07-04 19:06:19,028 - INFO - Inserted economic event with ID: 6469
2025-07-04 19:06:19,032 - INFO - Inserted economic event with ID: 6470
2025-07-04 19:06:19,035 - INFO - Inserted economic event with ID: 6471
2025-07-04 19:06:19,039 - INFO - Inserted economic event with ID: 6472
2025-07-04 19:06:19,042 - INFO - Inserted economic event with ID: 6473
2025-07-04 19:06:19,046 - INFO - Inserted economic event with ID: 6474
2025-07-04 19:06:19,049 - INFO - Inserted economic event with ID: 6475
2025-07-04 19:06:19,052 - INFO - Inserted economic event with ID: 6476
2025-07-04 19:06:19,055 - INFO - Inserted economic event with ID: 6477
2025-07-04 19:06:19,059 - INFO - Inserted economic event with ID: 6478
2025-07-04 19:06:19,062 - INFO - Inserted economic event with ID: 6479
2025-07-04 19:06:19,065 - INFO - Inserted economic event with ID: 6480
2025-07-04 19:06:19,068 - INFO - Inserted economic event with ID: 6481
2025-07-04 19:06:19,071 - INFO - Inserted economic event with ID: 6482
2025-07-04 19:06:19,074 - INFO - Inserted economic event with ID: 6483
2025-07-04 19:06:19,077 - INFO - Inserted economic event with ID: 6484
2025-07-04 19:06:19,080 - INFO - Inserted economic event with ID: 6485
2025-07-04 19:06:19,083 - INFO - Inserted economic event with ID: 6486
2025-07-04 19:06:19,086 - INFO - Inserted economic event with ID: 6487
2025-07-04 19:06:19,090 - INFO - Inserted economic event with ID: 6488
2025-07-04 19:06:19,093 - INFO - Inserted economic event with ID: 6489
2025-07-04 19:06:19,096 - INFO - Inserted economic event with ID: 6490
2025-07-04 19:06:19,099 - INFO - Inserted economic event with ID: 6491
2025-07-04 19:06:19,103 - INFO - Inserted economic event with ID: 6492
2025-07-04 19:06:19,106 - INFO - Inserted economic event with ID: 6493
2025-07-04 19:06:19,109 - INFO - Inserted economic event with ID: 6494
2025-07-04 19:06:19,112 - INFO - Inserted economic event with ID: 6495
2025-07-04 19:06:19,115 - INFO - Inserted economic event with ID: 6496
2025-07-04 19:06:19,118 - INFO - Inserted economic event with ID: 6497
2025-07-04 19:06:19,121 - INFO - Inserted economic event with ID: 6498
2025-07-04 19:06:19,124 - INFO - Inserted economic event with ID: 6499
2025-07-04 19:06:19,127 - INFO - Inserted economic event with ID: 6500
2025-07-04 19:06:19,130 - INFO - Inserted economic event with ID: 6501
2025-07-04 19:06:19,134 - INFO - Inserted economic event with ID: 6502
2025-07-04 19:06:19,136 - INFO - Inserted economic event with ID: 6503
2025-07-04 19:06:19,139 - INFO - Inserted economic event with ID: 6504
2025-07-04 19:06:19,142 - INFO - Inserted economic event with ID: 6505
2025-07-04 19:06:19,145 - INFO - Inserted economic event with ID: 6506
2025-07-04 19:06:19,149 - INFO - Inserted economic event with ID: 6507
2025-07-04 19:06:19,152 - INFO - Inserted economic event with ID: 6508
2025-07-04 19:06:19,155 - INFO - Inserted economic event with ID: 6509
2025-07-04 19:06:19,159 - INFO - Inserted economic event with ID: 6510
2025-07-04 19:06:19,162 - INFO - Inserted economic event with ID: 6511
2025-07-04 19:06:19,165 - INFO - Inserted economic event with ID: 6512
2025-07-04 19:06:19,168 - INFO - Inserted economic event with ID: 6513
2025-07-04 19:06:19,172 - INFO - Inserted economic event with ID: 6514
2025-07-04 19:06:19,175 - INFO - Inserted economic event with ID: 6515
2025-07-04 19:06:19,180 - INFO - Inserted economic event with ID: 6516
2025-07-04 19:06:19,183 - INFO - Inserted economic event with ID: 6517
2025-07-04 19:06:19,187 - INFO - Inserted economic event with ID: 6518
2025-07-04 19:06:19,190 - INFO - Inserted economic event with ID: 6519
2025-07-04 19:06:19,193 - INFO - Inserted economic event with ID: 6520
2025-07-04 19:06:19,197 - INFO - Inserted economic event with ID: 6521
2025-07-04 19:06:19,201 - INFO - Inserted economic event with ID: 6522
2025-07-04 19:06:19,204 - INFO - Inserted economic event with ID: 6523
2025-07-04 19:06:19,207 - INFO - Inserted economic event with ID: 6524
2025-07-04 19:06:19,211 - INFO - Inserted economic event with ID: 6525
2025-07-04 19:06:19,215 - INFO - Inserted economic event with ID: 6526
2025-07-04 19:06:19,218 - INFO - Inserted economic event with ID: 6527
2025-07-04 19:06:19,221 - INFO - Inserted economic event with ID: 6528
2025-07-04 19:06:19,225 - INFO - Inserted economic event with ID: 6529
2025-07-04 19:06:19,228 - INFO - Inserted economic event with ID: 6530
2025-07-04 19:06:19,231 - INFO - Inserted economic event with ID: 6531
2025-07-04 19:06:19,234 - INFO - Inserted economic event with ID: 6532
2025-07-04 19:06:19,237 - INFO - Inserted economic event with ID: 6533
2025-07-04 19:06:19,241 - INFO - Inserted economic event with ID: 6534
2025-07-04 19:06:19,243 - INFO - Inserted economic event with ID: 6535
2025-07-04 19:06:19,247 - INFO - Inserted economic event with ID: 6536
2025-07-04 19:06:19,250 - INFO - Inserted economic event with ID: 6537
2025-07-04 19:06:19,253 - INFO - Inserted economic event with ID: 6538
2025-07-04 19:06:19,257 - INFO - Inserted economic event with ID: 6539
2025-07-04 19:06:19,261 - INFO - Inserted economic event with ID: 6540
2025-07-04 19:06:19,264 - INFO - Inserted economic event with ID: 6541
2025-07-04 19:06:19,267 - INFO - Inserted economic event with ID: 6542
2025-07-04 19:06:19,270 - INFO - Inserted economic event with ID: 6543
2025-07-04 19:06:19,274 - INFO - Inserted economic event with ID: 6544
2025-07-04 19:06:19,277 - INFO - Inserted economic event with ID: 6545
2025-07-04 19:06:19,280 - INFO - Inserted economic event with ID: 6546
2025-07-04 19:06:19,283 - INFO - Inserted economic event with ID: 6547
2025-07-04 19:06:19,287 - INFO - Inserted economic event with ID: 6548
2025-07-04 19:06:19,290 - INFO - Inserted economic event with ID: 6549
2025-07-04 19:06:19,292 - INFO - Inserted economic event with ID: 6550
2025-07-04 19:06:19,295 - INFO - Inserted economic event with ID: 6551
2025-07-04 19:06:19,298 - INFO - Inserted economic event with ID: 6552
2025-07-04 19:06:19,302 - INFO - Inserted economic event with ID: 6553
2025-07-04 19:06:19,305 - INFO - Inserted economic event with ID: 6554
2025-07-04 19:06:19,309 - INFO - Inserted economic event with ID: 6555
2025-07-04 19:06:19,312 - INFO - Inserted economic event with ID: 6556
2025-07-04 19:06:19,315 - INFO - Inserted economic event with ID: 6557
2025-07-04 19:06:19,319 - INFO - Inserted economic event with ID: 6558
2025-07-04 19:06:19,322 - INFO - Inserted economic event with ID: 6559
2025-07-04 19:06:19,326 - INFO - Inserted economic event with ID: 6560
2025-07-04 19:06:19,329 - INFO - Inserted economic event with ID: 6561
2025-07-04 19:06:19,333 - INFO - Inserted economic event with ID: 6562
2025-07-04 19:06:19,336 - INFO - Inserted economic event with ID: 6563
2025-07-04 19:06:19,339 - INFO - Inserted economic event with ID: 6564
2025-07-04 19:06:19,342 - INFO - Inserted economic event with ID: 6565
2025-07-04 19:06:19,346 - INFO - Inserted economic event with ID: 6566
2025-07-04 19:06:19,349 - INFO - Inserted economic event with ID: 6567
2025-07-04 19:06:19,353 - INFO - Inserted economic event with ID: 6568
2025-07-04 19:06:19,356 - INFO - Inserted economic event with ID: 6569
2025-07-04 19:06:19,360 - INFO - Inserted economic event with ID: 6570
2025-07-04 19:06:19,363 - INFO - Inserted economic event with ID: 6571
2025-07-04 19:06:19,366 - INFO - Inserted economic event with ID: 6572
2025-07-04 19:06:19,369 - INFO - Inserted economic event with ID: 6573
2025-07-04 19:06:19,373 - INFO - Inserted economic event with ID: 6574
2025-07-04 19:06:19,377 - INFO - Inserted economic event with ID: 6575
2025-07-04 19:06:19,380 - INFO - Inserted economic event with ID: 6576
2025-07-04 19:06:19,383 - INFO - Inserted economic event with ID: 6577
2025-07-04 19:06:19,386 - INFO - Inserted economic event with ID: 6578
2025-07-04 19:06:19,390 - INFO - Inserted economic event with ID: 6579
2025-07-04 19:06:19,394 - INFO - Inserted economic event with ID: 6580
2025-07-04 19:06:19,397 - INFO - Inserted economic event with ID: 6581
2025-07-04 19:06:19,400 - INFO - Inserted economic event with ID: 6582
2025-07-04 19:06:19,404 - INFO - Inserted economic event with ID: 6583
2025-07-04 19:06:19,407 - INFO - Inserted economic event with ID: 6584
2025-07-04 19:06:19,410 - INFO - Inserted economic event with ID: 6585
2025-07-04 19:06:19,414 - INFO - Inserted economic event with ID: 6586
2025-07-04 19:06:19,417 - INFO - Inserted economic event with ID: 6587
2025-07-04 19:06:19,421 - INFO - Inserted economic event with ID: 6588
2025-07-04 19:06:19,424 - INFO - Inserted economic event with ID: 6589
2025-07-04 19:06:19,428 - INFO - Inserted economic event with ID: 6590
2025-07-04 19:06:19,431 - INFO - Inserted economic event with ID: 6591
2025-07-04 19:06:19,434 - INFO - Inserted economic event with ID: 6592
2025-07-04 19:06:19,438 - INFO - Inserted economic event with ID: 6593
2025-07-04 19:06:19,441 - INFO - Inserted economic event with ID: 6594
2025-07-04 19:06:19,444 - INFO - Inserted economic event with ID: 6595
2025-07-04 19:06:19,449 - INFO - Inserted economic event with ID: 6596
2025-07-04 19:06:19,452 - INFO - Inserted economic event with ID: 6597
2025-07-04 19:06:19,456 - INFO - Inserted economic event with ID: 6598
2025-07-04 19:06:19,459 - INFO - Inserted economic event with ID: 6599
2025-07-04 19:06:19,462 - INFO - Inserted economic event with ID: 6600
2025-07-04 19:06:19,465 - INFO - Inserted economic event with ID: 6601
2025-07-04 19:06:19,469 - INFO - Inserted economic event with ID: 6602
2025-07-04 19:06:19,472 - INFO - Inserted economic event with ID: 6603
2025-07-04 19:06:19,476 - INFO - Inserted economic event with ID: 6604
2025-07-04 19:06:19,479 - INFO - Inserted economic event with ID: 6605
2025-07-04 19:06:19,483 - INFO - Inserted economic event with ID: 6606
2025-07-04 19:06:19,487 - INFO - Inserted economic event with ID: 6607
2025-07-04 19:06:19,491 - INFO - Inserted economic event with ID: 6608
2025-07-04 19:06:19,494 - INFO - Inserted economic event with ID: 6609
2025-07-04 19:06:19,498 - INFO - Inserted economic event with ID: 6610
2025-07-04 19:06:19,501 - INFO - Inserted economic event with ID: 6611
2025-07-04 19:06:19,504 - INFO - Inserted economic event with ID: 6612
2025-07-04 19:06:19,508 - INFO - Inserted economic event with ID: 6613
2025-07-04 19:06:19,511 - INFO - Inserted economic event with ID: 6614
2025-07-04 19:06:19,514 - INFO - Inserted economic event with ID: 6615
2025-07-04 19:06:19,517 - INFO - Inserted economic event with ID: 6616
2025-07-04 19:06:19,521 - INFO - Inserted economic event with ID: 6617
2025-07-04 19:06:19,524 - INFO - Inserted economic event with ID: 6618
2025-07-04 19:06:19,527 - INFO - Inserted economic event with ID: 6619
2025-07-04 19:06:19,531 - INFO - Inserted economic event with ID: 6620
2025-07-04 19:06:19,535 - INFO - Inserted economic event with ID: 6621
2025-07-04 19:06:19,538 - INFO - Inserted economic event with ID: 6622
2025-07-04 19:06:19,542 - INFO - Inserted economic event with ID: 6623
2025-07-04 19:06:19,545 - INFO - Inserted economic event with ID: 6624
2025-07-04 19:06:19,548 - INFO - Inserted economic event with ID: 6625
2025-07-04 19:06:19,552 - INFO - Inserted economic event with ID: 6626
2025-07-04 19:06:19,555 - INFO - Inserted economic event with ID: 6627
2025-07-04 19:06:19,559 - INFO - Inserted economic event with ID: 6628
2025-07-04 19:06:19,562 - INFO - Inserted economic event with ID: 6629
2025-07-04 19:06:19,566 - INFO - Inserted economic event with ID: 6630
2025-07-04 19:06:19,571 - INFO - Inserted economic event with ID: 6631
2025-07-04 19:06:19,575 - INFO - Inserted economic event with ID: 6632
2025-07-04 19:06:19,580 - INFO - Inserted economic event with ID: 6633
2025-07-04 19:06:19,584 - INFO - Inserted economic event with ID: 6634
2025-07-04 19:06:19,589 - INFO - Inserted economic event with ID: 6635
2025-07-04 19:06:19,593 - INFO - Inserted economic event with ID: 6636
2025-07-04 19:06:19,596 - INFO - Inserted economic event with ID: 6637
2025-07-04 19:06:19,600 - INFO - Inserted economic event with ID: 6638
2025-07-04 19:06:19,604 - INFO - Inserted economic event with ID: 6639
2025-07-04 19:06:19,607 - INFO - Inserted economic event with ID: 6640
2025-07-04 19:06:19,611 - INFO - Inserted economic event with ID: 6641
2025-07-04 19:06:19,615 - INFO - Inserted economic event with ID: 6642
2025-07-04 19:06:19,618 - INFO - Inserted economic event with ID: 6643
2025-07-04 19:06:19,622 - INFO - Inserted economic event with ID: 6644
2025-07-04 19:06:19,625 - INFO - Inserted economic event with ID: 6645
2025-07-04 19:06:19,629 - INFO - Inserted economic event with ID: 6646
2025-07-04 19:06:19,632 - INFO - Inserted economic event with ID: 6647
2025-07-04 19:06:19,636 - INFO - Inserted economic event with ID: 6648
2025-07-04 19:06:19,639 - INFO - Inserted economic event with ID: 6649
2025-07-04 19:06:19,642 - INFO - Inserted economic event with ID: 6650
2025-07-04 19:06:19,646 - INFO - Inserted economic event with ID: 6651
2025-07-04 19:06:19,649 - INFO - Inserted economic event with ID: 6652
2025-07-04 19:06:19,652 - INFO - Inserted economic event with ID: 6653
2025-07-04 19:06:19,656 - INFO - Inserted economic event with ID: 6654
2025-07-04 19:06:19,659 - INFO - Inserted economic event with ID: 6655
2025-07-04 19:06:19,663 - INFO - Inserted economic event with ID: 6656
2025-07-04 19:06:19,666 - INFO - Inserted economic event with ID: 6657
2025-07-04 19:06:19,670 - INFO - Inserted economic event with ID: 6658
2025-07-04 19:06:19,674 - INFO - Inserted economic event with ID: 6659
2025-07-04 19:06:19,678 - INFO - Inserted economic event with ID: 6660
2025-07-04 19:06:19,682 - INFO - Inserted economic event with ID: 6661
2025-07-04 19:06:19,685 - INFO - Inserted economic event with ID: 6662
2025-07-04 19:06:19,689 - INFO - Inserted economic event with ID: 6663
2025-07-04 19:06:19,692 - INFO - Inserted economic event with ID: 6664
2025-07-04 19:06:19,695 - INFO - Inserted economic event with ID: 6665
2025-07-04 19:06:19,699 - INFO - Inserted economic event with ID: 6666
2025-07-04 19:06:19,703 - INFO - Inserted economic event with ID: 6667
2025-07-04 19:06:19,706 - INFO - Inserted economic event with ID: 6668
2025-07-04 19:06:19,709 - INFO - Inserted economic event with ID: 6669
2025-07-04 19:06:19,713 - INFO - Inserted economic event with ID: 6670
2025-07-04 19:06:19,716 - INFO - Inserted economic event with ID: 6671
2025-07-04 19:06:19,719 - INFO - Inserted economic event with ID: 6672
2025-07-04 19:06:19,722 - INFO - Inserted economic event with ID: 6673
2025-07-04 19:06:19,726 - INFO - Inserted economic event with ID: 6674
2025-07-04 19:06:19,729 - INFO - Inserted economic event with ID: 6675
2025-07-04 19:06:19,732 - INFO - Inserted economic event with ID: 6676
2025-07-04 19:06:19,736 - INFO - Inserted economic event with ID: 6677
2025-07-04 19:06:19,740 - INFO - Inserted economic event with ID: 6678
2025-07-04 19:06:19,743 - INFO - Inserted economic event with ID: 6679
2025-07-04 19:06:19,746 - INFO - Inserted economic event with ID: 6680
2025-07-04 19:06:19,749 - INFO - Inserted economic event with ID: 6681
2025-07-04 19:06:19,753 - INFO - Inserted economic event with ID: 6682
2025-07-04 19:06:19,757 - INFO - Inserted economic event with ID: 6683
2025-07-04 19:06:19,760 - INFO - Inserted economic event with ID: 6684
2025-07-04 19:06:19,763 - INFO - Inserted economic event with ID: 6685
2025-07-04 19:06:19,768 - INFO - Inserted economic event with ID: 6686
2025-07-04 19:06:19,771 - INFO - Inserted economic event with ID: 6687
2025-07-04 19:06:19,774 - INFO - Inserted economic event with ID: 6688
2025-07-04 19:06:19,777 - INFO - Inserted economic event with ID: 6689
2025-07-04 19:06:19,781 - INFO - Inserted economic event with ID: 6690
2025-07-04 19:06:19,785 - INFO - Inserted economic event with ID: 6691
2025-07-04 19:06:19,788 - INFO - Inserted economic event with ID: 6692
2025-07-04 19:06:19,791 - INFO - Inserted economic event with ID: 6693
2025-07-04 19:06:19,795 - INFO - Inserted economic event with ID: 6694
2025-07-04 19:06:19,798 - INFO - Inserted economic event with ID: 6695
2025-07-04 19:06:19,802 - INFO - Inserted economic event with ID: 6696
2025-07-04 19:06:19,805 - INFO - Inserted economic event with ID: 6697
2025-07-04 19:06:19,809 - INFO - Inserted economic event with ID: 6698
2025-07-04 19:06:19,812 - INFO - Inserted economic event with ID: 6699
2025-07-04 19:06:19,816 - INFO - Inserted economic event with ID: 6700
2025-07-04 19:06:19,819 - INFO - Inserted economic event with ID: 6701
2025-07-04 19:06:19,823 - INFO - Inserted economic event with ID: 6702
2025-07-04 19:06:19,826 - INFO - Inserted economic event with ID: 6703
2025-07-04 19:06:19,829 - INFO - Inserted economic event with ID: 6704
2025-07-04 19:06:19,833 - INFO - Inserted economic event with ID: 6705
2025-07-04 19:06:19,836 - INFO - Inserted economic event with ID: 6706
2025-07-04 19:06:19,839 - INFO - Inserted economic event with ID: 6707
2025-07-04 19:06:19,843 - INFO - Inserted economic event with ID: 6708
2025-07-04 19:06:19,847 - INFO - Inserted economic event with ID: 6709
2025-07-04 19:06:19,850 - INFO - Inserted economic event with ID: 6710
2025-07-04 19:06:19,853 - INFO - Inserted economic event with ID: 6711
2025-07-04 19:06:19,856 - INFO - Inserted economic event with ID: 6712
2025-07-04 19:06:19,859 - INFO - Inserted economic event with ID: 6713
2025-07-04 19:06:19,863 - INFO - Inserted economic event with ID: 6714
2025-07-04 19:06:19,866 - INFO - Inserted economic event with ID: 6715
2025-07-04 19:06:19,870 - INFO - Inserted economic event with ID: 6716
2025-07-04 19:06:19,873 - INFO - Inserted economic event with ID: 6717
2025-07-04 19:06:19,876 - INFO - Inserted economic event with ID: 6718
2025-07-04 19:06:19,879 - INFO - Inserted economic event with ID: 6719
2025-07-04 19:06:19,883 - INFO - Inserted economic event with ID: 6720
2025-07-04 19:06:19,886 - INFO - Inserted economic event with ID: 6721
2025-07-04 19:06:19,889 - INFO - Inserted economic event with ID: 6722
2025-07-04 19:06:19,894 - INFO - Inserted economic event with ID: 6723
2025-07-04 19:06:19,896 - INFO - Inserted economic event with ID: 6724
2025-07-04 19:06:19,899 - INFO - Inserted economic event with ID: 6725
2025-07-04 19:06:19,904 - INFO - Inserted economic event with ID: 6726
2025-07-04 19:06:19,907 - INFO - Inserted economic event with ID: 6727
2025-07-04 19:06:19,910 - INFO - Inserted economic event with ID: 6728
2025-07-04 19:06:19,913 - INFO - Inserted economic event with ID: 6729
2025-07-04 19:06:19,916 - INFO - Inserted economic event with ID: 6730
2025-07-04 19:06:19,921 - INFO - Inserted economic event with ID: 6731
2025-07-04 19:06:19,923 - INFO - Inserted economic event with ID: 6732
2025-07-04 19:06:19,927 - INFO - Inserted economic event with ID: 6733
2025-07-04 19:06:19,930 - INFO - Inserted economic event with ID: 6734
2025-07-04 19:06:19,934 - INFO - Inserted economic event with ID: 6735
2025-07-04 19:06:19,937 - INFO - Inserted economic event with ID: 6736
2025-07-04 19:06:19,941 - INFO - Inserted economic event with ID: 6737
2025-07-04 19:06:19,943 - INFO - Inserted economic event with ID: 6738
2025-07-04 19:06:19,946 - INFO - Inserted economic event with ID: 6739
2025-07-04 19:06:19,950 - INFO - Inserted economic event with ID: 6740
2025-07-04 19:06:19,952 - INFO - Inserted economic event with ID: 6741
2025-07-04 19:06:19,956 - INFO - Inserted economic event with ID: 6742
2025-07-04 19:06:19,958 - INFO - Inserted economic event with ID: 6743
2025-07-04 19:06:19,963 - INFO - Inserted economic event with ID: 6744
2025-07-04 19:06:19,966 - INFO - Inserted economic event with ID: 6745
2025-07-04 19:06:19,969 - INFO - Inserted economic event with ID: 6746
2025-07-04 19:06:19,972 - INFO - Inserted economic event with ID: 6747
2025-07-04 19:06:19,976 - INFO - Inserted economic event with ID: 6748
2025-07-04 19:06:19,979 - INFO - Inserted economic event with ID: 6749
2025-07-04 19:06:19,983 - INFO - Inserted economic event with ID: 6750
2025-07-04 19:06:19,985 - INFO - Inserted economic event with ID: 6751
2025-07-04 19:06:19,989 - INFO - Inserted economic event with ID: 6752
2025-07-04 19:06:19,992 - INFO - Inserted economic event with ID: 6753
2025-07-04 19:06:19,995 - INFO - Inserted economic event with ID: 6754
2025-07-04 19:06:19,999 - INFO - Inserted economic event with ID: 6755
2025-07-04 19:06:20,002 - INFO - Inserted economic event with ID: 6756
2025-07-04 19:06:20,005 - INFO - Inserted economic event with ID: 6757
2025-07-04 19:06:20,008 - INFO - Inserted economic event with ID: 6758
2025-07-04 19:06:20,011 - INFO - Inserted economic event with ID: 6759
2025-07-04 19:06:20,015 - INFO - Inserted economic event with ID: 6760
2025-07-04 19:06:20,018 - INFO - Inserted economic event with ID: 6761
2025-07-04 19:06:20,021 - INFO - Inserted economic event with ID: 6762
2025-07-04 19:06:20,024 - INFO - Inserted economic event with ID: 6763
2025-07-04 19:06:20,027 - INFO - Inserted economic event with ID: 6764
2025-07-04 19:06:20,032 - INFO - Inserted economic event with ID: 6765
2025-07-04 19:06:20,035 - INFO - Inserted economic event with ID: 6766
2025-07-04 19:06:20,038 - INFO - Inserted economic event with ID: 6767
2025-07-04 19:06:20,041 - INFO - Inserted economic event with ID: 6768
2025-07-04 19:06:20,045 - INFO - Inserted economic event with ID: 6769
2025-07-04 19:06:20,048 - INFO - Inserted economic event with ID: 6770
2025-07-04 19:06:20,052 - INFO - Inserted economic event with ID: 6771
2025-07-04 19:06:20,055 - INFO - Inserted economic event with ID: 6772
2025-07-04 19:06:20,059 - INFO - Inserted economic event with ID: 6773
2025-07-04 19:06:20,062 - INFO - Inserted economic event with ID: 6774
2025-07-04 19:06:20,065 - INFO - Inserted economic event with ID: 6775
2025-07-04 19:06:20,068 - INFO - Inserted economic event with ID: 6776
2025-07-04 19:06:20,073 - INFO - Inserted economic event with ID: 6777
2025-07-04 19:06:20,076 - INFO - Inserted economic event with ID: 6778
2025-07-04 19:06:20,079 - INFO - Inserted economic event with ID: 6779
2025-07-04 19:06:20,083 - INFO - Inserted economic event with ID: 6780
2025-07-04 19:06:20,085 - INFO - Inserted economic event with ID: 6781
2025-07-04 19:06:20,089 - INFO - Inserted economic event with ID: 6782
2025-07-04 19:06:20,092 - INFO - Inserted economic event with ID: 6783
2025-07-04 19:06:20,096 - INFO - Inserted economic event with ID: 6784
2025-07-04 19:06:20,099 - INFO - Inserted economic event with ID: 6785
2025-07-04 19:06:20,103 - INFO - Inserted economic event with ID: 6786
2025-07-04 19:06:20,106 - INFO - Inserted economic event with ID: 6787
2025-07-04 19:06:20,110 - INFO - Inserted economic event with ID: 6788
2025-07-04 19:06:20,113 - INFO - Inserted economic event with ID: 6789
2025-07-04 19:06:20,117 - INFO - Inserted economic event with ID: 6790
2025-07-04 19:06:20,120 - INFO - Inserted economic event with ID: 6791
2025-07-04 19:06:20,124 - INFO - Inserted economic event with ID: 6792
2025-07-04 19:06:20,127 - INFO - Inserted economic event with ID: 6793
2025-07-04 19:06:20,131 - INFO - Inserted economic event with ID: 6794
2025-07-04 19:06:20,135 - INFO - Inserted economic event with ID: 6795
2025-07-04 19:06:20,139 - INFO - Inserted economic event with ID: 6796
2025-07-04 19:06:20,143 - INFO - Inserted economic event with ID: 6797
2025-07-04 19:06:20,146 - INFO - Inserted economic event with ID: 6798
2025-07-04 19:06:20,150 - INFO - Inserted economic event with ID: 6799
2025-07-04 19:06:20,153 - INFO - Inserted economic event with ID: 6800
2025-07-04 19:06:20,157 - INFO - Inserted economic event with ID: 6801
2025-07-04 19:06:20,160 - INFO - Inserted economic event with ID: 6802
2025-07-04 19:06:20,163 - INFO - Inserted economic event with ID: 6803
2025-07-04 19:06:20,167 - INFO - Inserted economic event with ID: 6804
2025-07-04 19:06:20,170 - INFO - Inserted economic event with ID: 6805
2025-07-04 19:06:20,174 - INFO - Inserted economic event with ID: 6806
2025-07-04 19:06:20,177 - INFO - Inserted economic event with ID: 6807
2025-07-04 19:06:20,180 - INFO - Inserted economic event with ID: 6808
2025-07-04 19:06:20,185 - INFO - Inserted economic event with ID: 6809
2025-07-04 19:06:20,188 - INFO - Inserted economic event with ID: 6810
2025-07-04 19:06:20,192 - INFO - Inserted economic event with ID: 6811
2025-07-04 19:06:20,194 - INFO - Inserted economic event with ID: 6812
2025-07-04 19:06:20,198 - INFO - Inserted economic event with ID: 6813
2025-07-04 19:06:20,201 - INFO - Inserted economic event with ID: 6814
2025-07-04 19:06:20,204 - INFO - Inserted economic event with ID: 6815
2025-07-04 19:06:20,207 - INFO - Inserted economic event with ID: 6816
2025-07-04 19:06:20,211 - INFO - Inserted economic event with ID: 6817
2025-07-04 19:06:20,215 - INFO - Inserted economic event with ID: 6818
2025-07-04 19:06:20,218 - INFO - Inserted economic event with ID: 6819
2025-07-04 19:06:20,221 - INFO - Inserted economic event with ID: 6820
2025-07-04 19:06:20,225 - INFO - Inserted economic event with ID: 6821
2025-07-04 19:06:20,229 - INFO - Inserted economic event with ID: 6822
2025-07-04 19:06:20,232 - INFO - Inserted economic event with ID: 6823
2025-07-04 19:06:20,236 - INFO - Inserted economic event with ID: 6824
2025-07-04 19:06:20,239 - INFO - Inserted economic event with ID: 6825
2025-07-04 19:06:20,242 - INFO - Inserted economic event with ID: 6826
2025-07-04 19:06:20,246 - INFO - Inserted economic event with ID: 6827
2025-07-04 19:06:20,249 - INFO - Inserted economic event with ID: 6828
2025-07-04 19:06:20,253 - INFO - Inserted economic event with ID: 6829
2025-07-04 19:06:20,256 - INFO - Inserted economic event with ID: 6830
2025-07-04 19:06:20,260 - INFO - Inserted economic event with ID: 6831
2025-07-04 19:06:20,263 - INFO - Inserted economic event with ID: 6832
2025-07-04 19:06:20,267 - INFO - Inserted economic event with ID: 6833
2025-07-04 19:06:20,270 - INFO - Inserted economic event with ID: 6834
2025-07-04 19:06:20,273 - INFO - Inserted economic event with ID: 6835
2025-07-04 19:06:20,276 - INFO - Inserted economic event with ID: 6836
2025-07-04 19:06:20,280 - INFO - Inserted economic event with ID: 6837
2025-07-04 19:06:20,283 - INFO - Inserted economic event with ID: 6838
2025-07-04 19:06:20,287 - INFO - Inserted economic event with ID: 6839
2025-07-04 19:06:20,290 - INFO - Inserted economic event with ID: 6840
2025-07-04 19:06:20,293 - INFO - Inserted economic event with ID: 6841
2025-07-04 19:06:20,297 - INFO - Inserted economic event with ID: 6842
2025-07-04 19:06:20,300 - INFO - Inserted economic event with ID: 6843
2025-07-04 19:06:20,304 - INFO - Inserted economic event with ID: 6844
2025-07-04 19:06:20,308 - INFO - Inserted economic event with ID: 6845
2025-07-04 19:06:20,312 - INFO - Inserted economic event with ID: 6846
2025-07-04 19:06:20,315 - INFO - Inserted economic event with ID: 6847
2025-07-04 19:06:20,319 - INFO - Inserted economic event with ID: 6848
2025-07-04 19:06:20,323 - INFO - Inserted economic event with ID: 6849
2025-07-04 19:06:20,326 - INFO - Inserted economic event with ID: 6850
2025-07-04 19:06:20,330 - INFO - Inserted economic event with ID: 6851
2025-07-04 19:06:20,333 - INFO - Inserted economic event with ID: 6852
2025-07-04 19:06:20,337 - INFO - Inserted economic event with ID: 6853
2025-07-04 19:06:20,340 - INFO - Inserted economic event with ID: 6854
2025-07-04 19:06:20,344 - INFO - Inserted economic event with ID: 6855
2025-07-04 19:06:20,346 - INFO - Inserted economic event with ID: 6856
2025-07-04 19:06:20,350 - INFO - Inserted economic event with ID: 6857
2025-07-04 19:06:20,354 - INFO - Inserted economic event with ID: 6858
2025-07-04 19:06:20,357 - INFO - Inserted economic event with ID: 6859
2025-07-04 19:06:20,360 - INFO - Inserted economic event with ID: 6860
2025-07-04 19:06:20,364 - INFO - Inserted economic event with ID: 6861
2025-07-04 19:06:20,367 - INFO - Inserted economic event with ID: 6862
2025-07-04 19:06:20,371 - INFO - Inserted economic event with ID: 6863
2025-07-04 19:06:20,375 - INFO - Inserted economic event with ID: 6864
2025-07-04 19:06:20,378 - INFO - Inserted economic event with ID: 6865
2025-07-04 19:06:20,381 - INFO - Inserted economic event with ID: 6866
2025-07-04 19:06:20,385 - INFO - Inserted economic event with ID: 6867
2025-07-04 19:06:20,388 - INFO - Inserted economic event with ID: 6868
2025-07-04 19:06:20,392 - INFO - Inserted economic event with ID: 6869
2025-07-04 19:06:20,395 - INFO - Inserted economic event with ID: 6870
2025-07-04 19:06:20,398 - INFO - Inserted economic event with ID: 6871
2025-07-04 19:06:20,403 - INFO - Inserted economic event with ID: 6872
2025-07-04 19:06:20,406 - INFO - Inserted economic event with ID: 6873
2025-07-04 19:06:20,409 - INFO - Inserted economic event with ID: 6874
2025-07-04 19:06:20,413 - INFO - Inserted economic event with ID: 6875
2025-07-04 19:06:20,416 - INFO - Inserted economic event with ID: 6876
2025-07-04 19:06:20,420 - INFO - Inserted economic event with ID: 6877
2025-07-04 19:06:20,423 - INFO - Inserted economic event with ID: 6878
2025-07-04 19:06:20,427 - INFO - Inserted economic event with ID: 6879
2025-07-04 19:06:20,429 - INFO - Inserted economic event with ID: 6880
2025-07-04 19:06:20,433 - INFO - Inserted economic event with ID: 6881
2025-07-04 19:06:20,436 - INFO - Inserted economic event with ID: 6882
2025-07-04 19:06:20,440 - INFO - Inserted economic event with ID: 6883
2025-07-04 19:06:20,444 - INFO - Inserted economic event with ID: 6884
2025-07-04 19:06:20,448 - INFO - Inserted economic event with ID: 6885
2025-07-04 19:06:20,451 - INFO - Inserted economic event with ID: 6886
2025-07-04 19:06:20,455 - INFO - Inserted economic event with ID: 6887
2025-07-04 19:06:20,458 - INFO - Inserted economic event with ID: 6888
2025-07-04 19:06:20,461 - INFO - Inserted economic event with ID: 6889
2025-07-04 19:06:20,464 - INFO - Inserted economic event with ID: 6890
2025-07-04 19:06:20,468 - INFO - Inserted economic event with ID: 6891
2025-07-04 19:06:20,470 - INFO - Inserted economic event with ID: 6892
2025-07-04 19:06:20,475 - INFO - Inserted economic event with ID: 6893
2025-07-04 19:06:20,477 - INFO - Inserted economic event with ID: 6894
2025-07-04 19:06:20,480 - INFO - Inserted economic event with ID: 6895
2025-07-04 19:06:20,483 - INFO - Inserted economic event with ID: 6896
2025-07-04 19:06:20,486 - INFO - Inserted economic event with ID: 6897
2025-07-04 19:06:20,489 - INFO - Inserted economic event with ID: 6898
2025-07-04 19:06:20,493 - INFO - Inserted economic event with ID: 6899
2025-07-04 19:06:20,497 - INFO - Inserted economic event with ID: 6900
2025-07-04 19:06:20,499 - INFO - Inserted economic event with ID: 6901
2025-07-04 19:06:20,503 - INFO - Inserted economic event with ID: 6902
2025-07-04 19:06:20,506 - INFO - Inserted economic event with ID: 6903
2025-07-04 19:06:20,511 - INFO - Inserted economic event with ID: 6904
2025-07-04 19:06:20,513 - INFO - Inserted economic event with ID: 6905
2025-07-04 19:06:20,516 - INFO - Inserted economic event with ID: 6906
2025-07-04 19:06:20,520 - INFO - Inserted economic event with ID: 6907
2025-07-04 19:06:20,523 - INFO - Inserted economic event with ID: 6908
2025-07-04 19:06:20,527 - INFO - Inserted economic event with ID: 6909
2025-07-04 19:06:20,529 - INFO - Inserted economic event with ID: 6910
2025-07-04 19:06:20,533 - INFO - Inserted economic event with ID: 6911
2025-07-04 19:06:20,537 - INFO - Inserted economic event with ID: 6912
2025-07-04 19:06:20,541 - INFO - Inserted economic event with ID: 6913
2025-07-04 19:06:20,544 - INFO - Inserted economic event with ID: 6914
2025-07-04 19:06:20,548 - INFO - Inserted economic event with ID: 6915
2025-07-04 19:06:20,551 - INFO - Inserted economic event with ID: 6916
2025-07-04 19:06:20,555 - INFO - Inserted economic event with ID: 6917
2025-07-04 19:06:20,559 - INFO - Inserted economic event with ID: 6918
2025-07-04 19:06:20,562 - INFO - Inserted economic event with ID: 6919
2025-07-04 19:06:20,566 - INFO - Inserted economic event with ID: 6920
2025-07-04 19:06:20,569 - INFO - Inserted economic event with ID: 6921
2025-07-04 19:06:20,573 - INFO - Inserted economic event with ID: 6922
2025-07-04 19:06:20,576 - INFO - Inserted economic event with ID: 6923
2025-07-04 19:06:20,580 - INFO - Inserted economic event with ID: 6924
2025-07-04 19:06:20,583 - INFO - Inserted economic event with ID: 6925
2025-07-04 19:06:20,587 - INFO - Inserted economic event with ID: 6926
2025-07-04 19:06:20,590 - INFO - Inserted economic event with ID: 6927
2025-07-04 19:06:20,593 - INFO - Inserted economic event with ID: 6928
2025-07-04 19:06:20,597 - INFO - Inserted economic event with ID: 6929
2025-07-04 19:06:20,601 - INFO - Inserted economic event with ID: 6930
2025-07-04 19:06:20,604 - INFO - Inserted economic event with ID: 6931
2025-07-04 19:06:20,608 - INFO - Inserted economic event with ID: 6932
2025-07-04 19:06:20,611 - INFO - Inserted economic event with ID: 6933
2025-07-04 19:06:20,614 - INFO - Inserted economic event with ID: 6934
2025-07-04 19:06:20,617 - INFO - Inserted economic event with ID: 6935
2025-07-04 19:06:20,621 - INFO - Inserted economic event with ID: 6936
2025-07-04 19:06:20,625 - INFO - Inserted economic event with ID: 6937
2025-07-04 19:06:20,628 - INFO - Inserted economic event with ID: 6938
2025-07-04 19:06:20,632 - INFO - Inserted economic event with ID: 6939
2025-07-04 19:06:20,636 - INFO - Inserted economic event with ID: 6940
2025-07-04 19:06:20,639 - INFO - Inserted economic event with ID: 6941
2025-07-04 19:06:20,643 - INFO - Inserted economic event with ID: 6942
2025-07-04 19:06:20,646 - INFO - Inserted economic event with ID: 6943
2025-07-04 19:06:20,649 - INFO - Inserted economic event with ID: 6944
2025-07-04 19:06:20,652 - INFO - Inserted economic event with ID: 6945
2025-07-04 19:06:20,655 - INFO - Inserted economic event with ID: 6946
2025-07-04 19:06:20,659 - INFO - Inserted economic event with ID: 6947
2025-07-04 19:06:20,663 - INFO - Inserted economic event with ID: 6948
2025-07-04 19:06:20,666 - INFO - Inserted economic event with ID: 6949
2025-07-04 19:06:20,670 - INFO - Inserted economic event with ID: 6950
2025-07-04 19:06:20,673 - INFO - Inserted economic event with ID: 6951
2025-07-04 19:06:20,677 - INFO - Inserted economic event with ID: 6952
2025-07-04 19:06:20,679 - INFO - Inserted economic event with ID: 6953
2025-07-04 19:06:20,683 - INFO - Inserted economic event with ID: 6954
2025-07-04 19:06:20,686 - INFO - Inserted economic event with ID: 6955
2025-07-04 19:06:20,689 - INFO - Inserted economic event with ID: 6956
2025-07-04 19:06:20,692 - INFO - Inserted economic event with ID: 6957
2025-07-04 19:06:20,696 - INFO - Inserted economic event with ID: 6958
2025-07-04 19:06:20,700 - INFO - Inserted economic event with ID: 6959
2025-07-04 19:06:20,704 - INFO - Inserted economic event with ID: 6960
2025-07-04 19:06:20,707 - INFO - Inserted economic event with ID: 6961
2025-07-04 19:06:20,711 - INFO - Inserted economic event with ID: 6962
2025-07-04 19:06:20,714 - INFO - Inserted economic event with ID: 6963
2025-07-04 19:06:20,718 - INFO - Inserted economic event with ID: 6964
2025-07-04 19:06:20,721 - INFO - Inserted economic event with ID: 6965
2025-07-04 19:06:20,725 - INFO - Inserted economic event with ID: 6966
2025-07-04 19:06:20,728 - INFO - Inserted economic event with ID: 6967
2025-07-04 19:06:20,732 - INFO - Inserted economic event with ID: 6968
2025-07-04 19:06:20,735 - INFO - Inserted economic event with ID: 6969
2025-07-04 19:06:20,739 - INFO - Inserted economic event with ID: 6970
2025-07-04 19:06:20,742 - INFO - Inserted economic event with ID: 6971
2025-07-04 19:06:20,745 - INFO - Inserted economic event with ID: 6972
2025-07-04 19:06:20,749 - INFO - Inserted economic event with ID: 6973
2025-07-04 19:06:20,752 - INFO - Inserted economic event with ID: 6974
2025-07-04 19:06:20,755 - INFO - Inserted economic event with ID: 6975
2025-07-04 19:06:20,759 - INFO - Inserted economic event with ID: 6976
2025-07-04 19:06:20,762 - INFO - Inserted economic event with ID: 6977
2025-07-04 19:06:20,765 - INFO - Inserted economic event with ID: 6978
2025-07-04 19:06:20,769 - INFO - Inserted economic event with ID: 6979
2025-07-04 19:06:20,773 - INFO - Inserted economic event with ID: 6980
2025-07-04 19:06:20,777 - INFO - Inserted economic event with ID: 6981
2025-07-04 19:06:20,780 - INFO - Inserted economic event with ID: 6982
2025-07-04 19:06:20,784 - INFO - Inserted economic event with ID: 6983
2025-07-04 19:06:20,788 - INFO - Inserted economic event with ID: 6984
2025-07-04 19:06:20,791 - INFO - Inserted economic event with ID: 6985
2025-07-04 19:06:20,795 - INFO - Inserted economic event with ID: 6986
2025-07-04 19:06:20,798 - INFO - Inserted economic event with ID: 6987
2025-07-04 19:06:20,803 - INFO - Inserted economic event with ID: 6988
2025-07-04 19:06:20,806 - INFO - Inserted economic event with ID: 6989
2025-07-04 19:06:20,809 - INFO - Inserted economic event with ID: 6990
2025-07-04 19:06:20,812 - INFO - Inserted economic event with ID: 6991
2025-07-04 19:06:20,816 - INFO - Inserted economic event with ID: 6992
2025-07-04 19:06:20,820 - INFO - Inserted economic event with ID: 6993
2025-07-04 19:06:20,823 - INFO - Inserted economic event with ID: 6994
2025-07-04 19:06:20,826 - INFO - Inserted economic event with ID: 6995
2025-07-04 19:06:20,830 - INFO - Inserted economic event with ID: 6996
2025-07-04 19:06:20,833 - INFO - Inserted economic event with ID: 6997
2025-07-04 19:06:20,836 - INFO - Inserted economic event with ID: 6998
2025-07-04 19:06:20,840 - INFO - Inserted economic event with ID: 6999
2025-07-04 19:06:20,843 - INFO - Inserted economic event with ID: 7000
2025-07-04 19:06:20,846 - INFO - Inserted economic event with ID: 7001
2025-07-04 19:06:20,849 - INFO - Inserted economic event with ID: 7002
2025-07-04 19:06:20,853 - INFO - Inserted economic event with ID: 7003
2025-07-04 19:06:20,857 - INFO - Inserted economic event with ID: 7004
2025-07-04 19:06:20,861 - INFO - Inserted economic event with ID: 7005
2025-07-04 19:06:20,864 - INFO - Inserted economic event with ID: 7006
2025-07-04 19:06:20,867 - INFO - Inserted economic event with ID: 7007
2025-07-04 19:06:20,871 - INFO - Inserted economic event with ID: 7008
2025-07-04 19:06:20,875 - INFO - Inserted economic event with ID: 7009
2025-07-04 19:06:20,880 - INFO - Inserted economic event with ID: 7010
2025-07-04 19:06:20,883 - INFO - Inserted economic event with ID: 7011
2025-07-04 19:06:20,887 - INFO - Inserted economic event with ID: 7012
2025-07-04 19:06:20,889 - INFO - Inserted economic event with ID: 7013
2025-07-04 19:06:20,893 - INFO - Inserted economic event with ID: 7014
2025-07-04 19:06:20,897 - INFO - Inserted economic event with ID: 7015
2025-07-04 19:06:20,900 - INFO - Inserted economic event with ID: 7016
2025-07-04 19:06:20,904 - INFO - Inserted economic event with ID: 7017
2025-07-04 19:06:20,908 - INFO - Inserted economic event with ID: 7018
2025-07-04 19:06:20,912 - INFO - Inserted economic event with ID: 7019
2025-07-04 19:06:20,915 - INFO - Inserted economic event with ID: 7020
2025-07-04 19:06:20,920 - INFO - Inserted economic event with ID: 7021
2025-07-04 19:06:20,924 - INFO - Inserted economic event with ID: 7022
2025-07-04 19:06:20,929 - INFO - Inserted economic event with ID: 7023
2025-07-04 19:06:20,933 - INFO - Inserted economic event with ID: 7024
2025-07-04 19:06:20,937 - INFO - Inserted economic event with ID: 7025
2025-07-04 19:06:20,941 - INFO - Inserted economic event with ID: 7026
2025-07-04 19:06:20,945 - INFO - Inserted economic event with ID: 7027
2025-07-04 19:06:20,948 - INFO - Inserted economic event with ID: 7028
2025-07-04 19:06:20,952 - INFO - Inserted economic event with ID: 7029
2025-07-04 19:06:20,957 - INFO - Inserted economic event with ID: 7030
2025-07-04 19:06:20,959 - INFO - Inserted economic event with ID: 7031
2025-07-04 19:06:20,963 - INFO - Inserted economic event with ID: 7032
2025-07-04 19:06:20,967 - INFO - Inserted economic event with ID: 7033
2025-07-04 19:06:20,971 - INFO - Inserted economic event with ID: 7034
2025-07-04 19:06:20,974 - INFO - Inserted economic event with ID: 7035
2025-07-04 19:06:20,978 - INFO - Inserted economic event with ID: 7036
2025-07-04 19:06:20,982 - INFO - Inserted economic event with ID: 7037
2025-07-04 19:06:20,986 - INFO - Inserted economic event with ID: 7038
2025-07-04 19:06:20,990 - INFO - Inserted economic event with ID: 7039
2025-07-04 19:06:20,993 - INFO - Inserted economic event with ID: 7040
2025-07-04 19:06:20,996 - INFO - Inserted economic event with ID: 7041
2025-07-04 19:06:21,001 - INFO - Inserted economic event with ID: 7042
2025-07-04 19:06:21,005 - INFO - Inserted economic event with ID: 7043
2025-07-04 19:06:21,009 - INFO - Inserted economic event with ID: 7044
2025-07-04 19:06:21,013 - INFO - Inserted economic event with ID: 7045
2025-07-04 19:06:21,017 - INFO - Inserted economic event with ID: 7046
2025-07-04 19:06:21,020 - INFO - Inserted economic event with ID: 7047
2025-07-04 19:06:21,024 - INFO - Inserted economic event with ID: 7048
2025-07-04 19:06:21,027 - INFO - Inserted economic event with ID: 7049
2025-07-04 19:06:21,031 - INFO - Inserted economic event with ID: 7050
2025-07-04 19:06:21,035 - INFO - Inserted economic event with ID: 7051
2025-07-04 19:06:21,038 - INFO - Inserted economic event with ID: 7052
2025-07-04 19:06:21,043 - INFO - Inserted economic event with ID: 7053
2025-07-04 19:06:21,046 - INFO - Inserted economic event with ID: 7054
2025-07-04 19:06:21,049 - INFO - Inserted economic event with ID: 7055
2025-07-04 19:06:21,054 - INFO - Inserted economic event with ID: 7056
2025-07-04 19:06:21,056 - INFO - Inserted economic event with ID: 7057
2025-07-04 19:06:21,060 - INFO - Inserted economic event with ID: 7058
2025-07-04 19:06:21,064 - INFO - Inserted economic event with ID: 7059
2025-07-04 19:06:21,069 - INFO - Inserted economic event with ID: 7060
2025-07-04 19:06:21,072 - INFO - Inserted economic event with ID: 7061
2025-07-04 19:06:21,076 - INFO - Inserted economic event with ID: 7062
2025-07-04 19:06:21,079 - INFO - Inserted economic event with ID: 7063
2025-07-04 19:06:21,083 - INFO - Inserted economic event with ID: 7064
2025-07-04 19:06:21,086 - INFO - Inserted economic event with ID: 7065
2025-07-04 19:06:21,089 - INFO - Inserted economic event with ID: 7066
2025-07-04 19:06:21,094 - INFO - Inserted economic event with ID: 7067
2025-07-04 19:06:21,098 - INFO - Inserted economic event with ID: 7068
2025-07-04 19:06:21,102 - INFO - Inserted economic event with ID: 7069
2025-07-04 19:06:21,104 - INFO - Inserted economic event with ID: 7070
2025-07-04 19:06:21,109 - INFO - Inserted economic event with ID: 7071
2025-07-04 19:06:21,112 - INFO - Inserted economic event with ID: 7072
2025-07-04 19:06:21,116 - INFO - Inserted economic event with ID: 7073
2025-07-04 19:06:21,119 - INFO - Inserted economic event with ID: 7074
2025-07-04 19:06:21,124 - INFO - Inserted economic event with ID: 7075
2025-07-04 19:06:21,127 - INFO - Inserted economic event with ID: 7076
2025-07-04 19:06:21,130 - INFO - Inserted economic event with ID: 7077
2025-07-04 19:06:21,133 - INFO - Inserted economic event with ID: 7078
2025-07-04 19:06:21,137 - INFO - Inserted economic event with ID: 7079
2025-07-04 19:06:21,141 - INFO - Inserted economic event with ID: 7080
2025-07-04 19:06:21,144 - INFO - Inserted economic event with ID: 7081
2025-07-04 19:06:21,148 - INFO - Inserted economic event with ID: 7082
2025-07-04 19:06:21,152 - INFO - Inserted economic event with ID: 7083
2025-07-04 19:06:21,156 - INFO - Inserted economic event with ID: 7084
2025-07-04 19:06:21,159 - INFO - Inserted economic event with ID: 7085
2025-07-04 19:06:21,164 - INFO - Inserted economic event with ID: 7086
2025-07-04 19:06:21,167 - INFO - Inserted economic event with ID: 7087
2025-07-04 19:06:21,169 - INFO - Inserted economic event with ID: 7088
2025-07-04 19:06:21,173 - INFO - Inserted economic event with ID: 7089
2025-07-04 19:06:21,177 - INFO - Inserted economic event with ID: 7090
2025-07-04 19:06:21,180 - INFO - Inserted economic event with ID: 7091
2025-07-04 19:06:21,184 - INFO - Inserted economic event with ID: 7092
2025-07-04 19:06:21,187 - INFO - Inserted economic event with ID: 7093
2025-07-04 19:06:21,190 - INFO - Inserted economic event with ID: 7094
2025-07-04 19:06:21,194 - INFO - Inserted economic event with ID: 7095
2025-07-04 19:06:21,198 - INFO - Inserted economic event with ID: 7096
2025-07-04 19:06:21,201 - INFO - Inserted economic event with ID: 7097
2025-07-04 19:06:21,204 - INFO - Inserted economic event with ID: 7098
2025-07-04 19:06:21,207 - INFO - Inserted economic event with ID: 7099
2025-07-04 19:06:21,212 - INFO - Inserted economic event with ID: 7100
2025-07-04 19:06:21,215 - INFO - Inserted economic event with ID: 7101
2025-07-04 19:06:21,218 - INFO - Inserted economic event with ID: 7102
2025-07-04 19:06:21,223 - INFO - Inserted economic event with ID: 7103
2025-07-04 19:06:21,227 - INFO - Inserted economic event with ID: 7104
2025-07-04 19:06:21,230 - INFO - Inserted economic event with ID: 7105
2025-07-04 19:06:21,235 - INFO - Inserted economic event with ID: 7106
2025-07-04 19:06:21,239 - INFO - Inserted economic event with ID: 7107
2025-07-04 19:06:21,243 - INFO - Inserted economic event with ID: 7108
2025-07-04 19:06:21,247 - INFO - Inserted economic event with ID: 7109
2025-07-04 19:06:21,250 - INFO - Inserted economic event with ID: 7110
2025-07-04 19:06:21,253 - INFO - Inserted economic event with ID: 7111
2025-07-04 19:06:21,256 - INFO - Inserted economic event with ID: 7112
2025-07-04 19:06:21,260 - INFO - Inserted economic event with ID: 7113
2025-07-04 19:06:21,263 - INFO - Inserted economic event with ID: 7114
2025-07-04 19:06:21,266 - INFO - Inserted economic event with ID: 7115
2025-07-04 19:06:21,270 - INFO - Inserted economic event with ID: 7116
2025-07-04 19:06:21,273 - INFO - Inserted economic event with ID: 7117
2025-07-04 19:06:21,277 - INFO - Inserted economic event with ID: 7118
2025-07-04 19:06:21,280 - INFO - Inserted economic event with ID: 7119
2025-07-04 19:06:21,283 - INFO - Inserted economic event with ID: 7120
2025-07-04 19:06:21,287 - INFO - Inserted economic event with ID: 7121
2025-07-04 19:06:21,290 - INFO - Inserted economic event with ID: 7122
2025-07-04 19:06:21,294 - INFO - Inserted economic event with ID: 7123
2025-07-04 19:06:21,297 - INFO - Inserted economic event with ID: 7124
2025-07-04 19:06:21,300 - INFO - Inserted economic event with ID: 7125
2025-07-04 19:06:21,305 - INFO - Inserted economic event with ID: 7126
2025-07-04 19:06:21,308 - INFO - Inserted economic event with ID: 7127
2025-07-04 19:06:21,311 - INFO - Inserted economic event with ID: 7128
2025-07-04 19:06:21,315 - INFO - Inserted economic event with ID: 7129
2025-07-04 19:06:21,319 - INFO - Inserted economic event with ID: 7130
2025-07-04 19:06:21,322 - INFO - Inserted economic event with ID: 7131
2025-07-04 19:06:21,326 - INFO - Inserted economic event with ID: 7132
2025-07-04 19:06:21,329 - INFO - Inserted economic event with ID: 7133
2025-07-04 19:06:21,332 - INFO - Inserted economic event with ID: 7134
2025-07-04 19:06:21,336 - INFO - Inserted economic event with ID: 7135
2025-07-04 19:06:21,339 - INFO - Inserted economic event with ID: 7136
2025-07-04 19:06:21,343 - INFO - Inserted economic event with ID: 7137
2025-07-04 19:06:21,346 - INFO - Inserted economic event with ID: 7138
2025-07-04 19:06:21,350 - INFO - Inserted economic event with ID: 7139
2025-07-04 19:06:21,354 - INFO - Inserted economic event with ID: 7140
2025-07-04 19:06:21,357 - INFO - Inserted economic event with ID: 7141
2025-07-04 19:06:21,361 - INFO - Inserted economic event with ID: 7142
2025-07-04 19:06:21,365 - INFO - Inserted economic event with ID: 7143
2025-07-04 19:06:21,367 - INFO - Inserted economic event with ID: 7144
2025-07-04 19:06:21,370 - INFO - Inserted economic event with ID: 7145
2025-07-04 19:06:21,374 - INFO - Inserted economic event with ID: 7146
2025-07-04 19:06:21,378 - INFO - Inserted economic event with ID: 7147
2025-07-04 19:06:21,381 - INFO - Inserted economic event with ID: 7148
2025-07-04 19:06:21,384 - INFO - Inserted economic event with ID: 7149
2025-07-04 19:06:21,388 - INFO - Inserted economic event with ID: 7150
2025-07-04 19:06:21,392 - INFO - Inserted economic event with ID: 7151
2025-07-04 19:06:21,395 - INFO - Inserted economic event with ID: 7152
2025-07-04 19:06:21,398 - INFO - Inserted economic event with ID: 7153
2025-07-04 19:06:21,402 - INFO - Inserted economic event with ID: 7154
2025-07-04 19:06:21,406 - INFO - Inserted economic event with ID: 7155
2025-07-04 19:06:21,409 - INFO - Inserted economic event with ID: 7156
2025-07-04 19:06:21,412 - INFO - Inserted economic event with ID: 7157
2025-07-04 19:06:21,416 - INFO - Inserted economic event with ID: 7158
2025-07-04 19:06:21,419 - INFO - Inserted economic event with ID: 7159
2025-07-04 19:06:21,421 - INFO - Inserted economic event with ID: 7160
2025-07-04 19:06:21,425 - INFO - Inserted economic event with ID: 7161
2025-07-04 19:06:21,428 - INFO - Inserted economic event with ID: 7162
2025-07-04 19:06:21,432 - INFO - Inserted economic event with ID: 7163
2025-07-04 19:06:21,435 - INFO - Inserted economic event with ID: 7164
2025-07-04 19:06:21,438 - INFO - Inserted economic event with ID: 7165
2025-07-04 19:06:21,441 - INFO - Inserted economic event with ID: 7166
2025-07-04 19:06:21,445 - INFO - Inserted economic event with ID: 7167


[MESSARI STDERR @ 2025-07-04 19:06:28.971592]


[TWELVE_DATA STDERR @ 2025-07-04 19:06:35.031346]


[BENZINGA STDERR @ 2025-07-04 19:09:12.914038]
2025-07-04 19:08:27,071 - WARNING - \u26a0\ufe0f Data store module not available: No module named 'sqlalchemy'


[POLYGON STDERR @ 2025-07-04 19:09:14.285659]
2025-07-04 19:09:13,703 - ERROR - [Polygon] Error fetching SPX: 'v'
2025-07-04 19:09:13,809 - ERROR - [Polygon] Error fetching NDX: 'v'
2025-07-04 19:09:14,259 - ERROR - [Polygon] Error fetching RUT: 'v'


[FMP STDERR @ 2025-07-04 19:09:18.459456]
2025-07-04 19:09:14,761 - INFO - Database tables created successfully
2025-07-04 19:09:14,761 - INFO - Database initialization completed
2025-07-04 19:09:14,761 - INFO - MacroIntel Data Store initialized with SQLAlchemy ORM
2025-07-04 19:09:14,761 - INFO - \u2705 Data store module imported successfully
2025-07-04 19:09:15,482 - INFO - Inserted economic event with ID: 7168
2025-07-04 19:09:15,487 - INFO - Inserted economic event with ID: 7169
2025-07-04 19:09:15,490 - INFO - Inserted economic event with ID: 7170
2025-07-04 19:09:15,494 - INFO - Inserted economic event with ID: 7171
2025-07-04 19:09:15,497 - INFO - Inserted economic event with ID: 7172
2025-07-04 19:09:15,500 - INFO - Inserted economic event with ID: 7173
2025-07-04 19:09:15,504 - INFO - Inserted economic event with ID: 7174
2025-07-04 19:09:15,508 - INFO - Inserted economic event with ID: 7175
2025-07-04 19:09:15,512 - INFO - Inserted economic event with ID: 7176
2025-07-04 19:09:15,517 - INFO - Inserted economic event with ID: 7177
2025-07-04 19:09:15,520 - INFO - Inserted economic event with ID: 7178
2025-07-04 19:09:15,523 - INFO - Inserted economic event with ID: 7179
2025-07-04 19:09:15,528 - INFO - Inserted economic event with ID: 7180
2025-07-04 19:09:15,531 - INFO - Inserted economic event with ID: 7181
2025-07-04 19:09:15,535 - INFO - Inserted economic event with ID: 7182
2025-07-04 19:09:15,538 - INFO - Inserted economic event with ID: 7183
2025-07-04 19:09:15,543 - INFO - Inserted economic event with ID: 7184
2025-07-04 19:09:15,547 - INFO - Inserted economic event with ID: 7185
2025-07-04 19:09:15,549 - INFO - Inserted economic event with ID: 7186
2025-07-04 19:09:15,553 - INFO - Inserted economic event with ID: 7187
2025-07-04 19:09:15,557 - INFO - Inserted economic event with ID: 7188
2025-07-04 19:09:15,560 - INFO - Inserted economic event with ID: 7189
2025-07-04 19:09:15,564 - INFO - Inserted economic event with ID: 7190
2025-07-04 19:09:15,567 - INFO - Inserted economic event with ID: 7191
2025-07-04 19:09:15,570 - INFO - Inserted economic event with ID: 7192
2025-07-04 19:09:15,574 - INFO - Inserted economic event with ID: 7193
2025-07-04 19:09:15,578 - INFO - Inserted economic event with ID: 7194
2025-07-04 19:09:15,583 - INFO - Inserted economic event with ID: 7195
2025-07-04 19:09:15,586 - INFO - Inserted economic event with ID: 7196
2025-07-04 19:09:15,590 - INFO - Inserted economic event with ID: 7197
2025-07-04 19:09:15,593 - INFO - Inserted economic event with ID: 7198
2025-07-04 19:09:15,596 - INFO - Inserted economic event with ID: 7199
2025-07-04 19:09:15,600 - INFO - Inserted economic event with ID: 7200
2025-07-04 19:09:15,606 - INFO - Inserted economic event with ID: 7201
2025-07-04 19:09:15,612 - INFO - Inserted economic event with ID: 7202
2025-07-04 19:09:15,618 - INFO - Inserted economic event with ID: 7203
2025-07-04 19:09:15,622 - INFO - Inserted economic event with ID: 7204
2025-07-04 19:09:15,625 - INFO - Inserted economic event with ID: 7205
2025-07-04 19:09:15,629 - INFO - Inserted economic event with ID: 7206
2025-07-04 19:09:15,633 - INFO - Inserted economic event with ID: 7207
2025-07-04 19:09:15,637 - INFO - Inserted economic event with ID: 7208
2025-07-04 19:09:15,641 - INFO - Inserted economic event with ID: 7209
2025-07-04 19:09:15,644 - INFO - Inserted economic event with ID: 7210
2025-07-04 19:09:15,648 - INFO - Inserted economic event with ID: 7211
2025-07-04 19:09:15,652 - INFO - Inserted economic event with ID: 7212
2025-07-04 19:09:15,656 - INFO - Inserted economic event with ID: 7213
2025-07-04 19:09:15,659 - INFO - Inserted economic event with ID: 7214
2025-07-04 19:09:15,663 - INFO - Inserted economic event with ID: 7215
2025-07-04 19:09:15,667 - INFO - Inserted economic event with ID: 7216
2025-07-04 19:09:15,670 - INFO - Inserted economic event with ID: 7217
2025-07-04 19:09:15,675 - INFO - Inserted economic event with ID: 7218
2025-07-04 19:09:15,678 - INFO - Inserted economic event with ID: 7219
2025-07-04 19:09:15,682 - INFO - Inserted economic event with ID: 7220
2025-07-04 19:09:15,686 - INFO - Inserted economic event with ID: 7221
2025-07-04 19:09:15,689 - INFO - Inserted economic event with ID: 7222
2025-07-04 19:09:15,693 - INFO - Inserted economic event with ID: 7223
2025-07-04 19:09:15,697 - INFO - Inserted economic event with ID: 7224
2025-07-04 19:09:15,701 - INFO - Inserted economic event with ID: 7225
2025-07-04 19:09:15,704 - INFO - Inserted economic event with ID: 7226
2025-07-04 19:09:15,707 - INFO - Inserted economic event with ID: 7227
2025-07-04 19:09:15,711 - INFO - Inserted economic event with ID: 7228
2025-07-04 19:09:15,715 - INFO - Inserted economic event with ID: 7229
2025-07-04 19:09:15,718 - INFO - Inserted economic event with ID: 7230
2025-07-04 19:09:15,721 - INFO - Inserted economic event with ID: 7231
2025-07-04 19:09:15,724 - INFO - Inserted economic event with ID: 7232
2025-07-04 19:09:15,728 - INFO - Inserted economic event with ID: 7233
2025-07-04 19:09:15,732 - INFO - Inserted economic event with ID: 7234
2025-07-04 19:09:15,735 - INFO - Inserted economic event with ID: 7235
2025-07-04 19:09:15,738 - INFO - Inserted economic event with ID: 7236
2025-07-04 19:09:15,742 - INFO - Inserted economic event with ID: 7237
2025-07-04 19:09:15,745 - INFO - Inserted economic event with ID: 7238
2025-07-04 19:09:15,749 - INFO - Inserted economic event with ID: 7239
2025-07-04 19:09:15,752 - INFO - Inserted economic event with ID: 7240
2025-07-04 19:09:15,755 - INFO - Inserted economic event with ID: 7241
2025-07-04 19:09:15,759 - INFO - Inserted economic event with ID: 7242
2025-07-04 19:09:15,763 - INFO - Inserted economic event with ID: 7243
2025-07-04 19:09:15,767 - INFO - Inserted economic event with ID: 7244
2025-07-04 19:09:15,771 - INFO - Inserted economic event with ID: 7245
2025-07-04 19:09:15,775 - INFO - Inserted economic event with ID: 7246
2025-07-04 19:09:15,779 - INFO - Inserted economic event with ID: 7247
2025-07-04 19:09:15,783 - INFO - Inserted economic event with ID: 7248
2025-07-04 19:09:15,786 - INFO - Inserted economic event with ID: 7249
2025-07-04 19:09:15,790 - INFO - Inserted economic event with ID: 7250
2025-07-04 19:09:15,793 - INFO - Inserted economic event with ID: 7251
2025-07-04 19:09:15,797 - INFO - Inserted economic event with ID: 7252
2025-07-04 19:09:15,799 - INFO - Inserted economic event with ID: 7253
2025-07-04 19:09:15,803 - INFO - Inserted economic event with ID: 7254
2025-07-04 19:09:15,807 - INFO - Inserted economic event with ID: 7255
2025-07-04 19:09:15,810 - INFO - Inserted economic event with ID: 7256
2025-07-04 19:09:15,814 - INFO - Inserted economic event with ID: 7257
2025-07-04 19:09:15,816 - INFO - Inserted economic event with ID: 7258
2025-07-04 19:09:15,819 - INFO - Inserted economic event with ID: 7259
2025-07-04 19:09:15,823 - INFO - Inserted economic event with ID: 7260
2025-07-04 19:09:15,827 - INFO - Inserted economic event with ID: 7261
2025-07-04 19:09:15,829 - INFO - Inserted economic event with ID: 7262
2025-07-04 19:09:15,834 - INFO - Inserted economic event with ID: 7263
2025-07-04 19:09:15,837 - INFO - Inserted economic event with ID: 7264
2025-07-04 19:09:15,840 - INFO - Inserted economic event with ID: 7265
2025-07-04 19:09:15,843 - INFO - Inserted economic event with ID: 7266
2025-07-04 19:09:15,848 - INFO - Inserted economic event with ID: 7267
2025-07-04 19:09:15,854 - INFO - Inserted economic event with ID: 7268
2025-07-04 19:09:15,857 - INFO - Inserted economic event with ID: 7269
2025-07-04 19:09:15,861 - INFO - Inserted economic event with ID: 7270
2025-07-04 19:09:15,864 - INFO - Inserted economic event with ID: 7271
2025-07-04 19:09:15,869 - INFO - Inserted economic event with ID: 7272
2025-07-04 19:09:15,872 - INFO - Inserted economic event with ID: 7273
2025-07-04 19:09:15,877 - INFO - Inserted economic event with ID: 7274
2025-07-04 19:09:15,880 - INFO - Inserted economic event with ID: 7275
2025-07-04 19:09:15,883 - INFO - Inserted economic event with ID: 7276
2025-07-04 19:09:15,888 - INFO - Inserted economic event with ID: 7277
2025-07-04 19:09:15,891 - INFO - Inserted economic event with ID: 7278
2025-07-04 19:09:15,895 - INFO - Inserted economic event with ID: 7279
2025-07-04 19:09:15,898 - INFO - Inserted economic event with ID: 7280
2025-07-04 19:09:15,901 - INFO - Inserted economic event with ID: 7281
2025-07-04 19:09:15,905 - INFO - Inserted economic event with ID: 7282
2025-07-04 19:09:15,910 - INFO - Inserted economic event with ID: 7283
2025-07-04 19:09:15,920 - INFO - Inserted economic event with ID: 7284
2025-07-04 19:09:15,923 - INFO - Inserted economic event with ID: 7285
2025-07-04 19:09:15,926 - INFO - Inserted economic event with ID: 7286
2025-07-04 19:09:15,931 - INFO - Inserted economic event with ID: 7287
2025-07-04 19:09:15,936 - INFO - Inserted economic event with ID: 7288
2025-07-04 19:09:15,940 - INFO - Inserted economic event with ID: 7289
2025-07-04 19:09:15,944 - INFO - Inserted economic event with ID: 7290
2025-07-04 19:09:15,947 - INFO - Inserted economic event with ID: 7291
2025-07-04 19:09:15,951 - INFO - Inserted economic event with ID: 7292
2025-07-04 19:09:15,954 - INFO - Inserted economic event with ID: 7293
2025-07-04 19:09:15,959 - INFO - Inserted economic event with ID: 7294
2025-07-04 19:09:15,962 - INFO - Inserted economic event with ID: 7295
2025-07-04 19:09:15,966 - INFO - Inserted economic event with ID: 7296
2025-07-04 19:09:15,970 - INFO - Inserted economic event with ID: 7297
2025-07-04 19:09:15,974 - INFO - Inserted economic event with ID: 7298
2025-07-04 19:09:15,978 - INFO - Inserted economic event with ID: 7299
2025-07-04 19:09:15,982 - INFO - Inserted economic event with ID: 7300
2025-07-04 19:09:15,986 - INFO - Inserted economic event with ID: 7301
2025-07-04 19:09:16,001 - INFO - Inserted economic event with ID: 7302
2025-07-04 19:09:16,004 - INFO - Inserted economic event with ID: 7303
2025-07-04 19:09:16,009 - INFO - Inserted economic event with ID: 7304
2025-07-04 19:09:16,013 - INFO - Inserted economic event with ID: 7305
2025-07-04 19:09:16,017 - INFO - Inserted economic event with ID: 7306
2025-07-04 19:09:16,022 - INFO - Inserted economic event with ID: 7307
2025-07-04 19:09:16,028 - INFO - Inserted economic event with ID: 7308
2025-07-04 19:09:16,035 - INFO - Inserted economic event with ID: 7309
2025-07-04 19:09:16,040 - INFO - Inserted economic event with ID: 7310
2025-07-04 19:09:16,045 - INFO - Inserted economic event with ID: 7311
2025-07-04 19:09:16,052 - INFO - Inserted economic event with ID: 7312
2025-07-04 19:09:16,057 - INFO - Inserted economic event with ID: 7313
2025-07-04 19:09:16,063 - INFO - Inserted economic event with ID: 7314
2025-07-04 19:09:16,069 - INFO - Inserted economic event with ID: 7315
2025-07-04 19:09:16,073 - INFO - Inserted economic event with ID: 7316
2025-07-04 19:09:16,080 - INFO - Inserted economic event with ID: 7317
2025-07-04 19:09:16,085 - INFO - Inserted economic event with ID: 7318
2025-07-04 19:09:16,091 - INFO - Inserted economic event with ID: 7319
2025-07-04 19:09:16,097 - INFO - Inserted economic event with ID: 7320
2025-07-04 19:09:16,103 - INFO - Inserted economic event with ID: 7321
2025-07-04 19:09:16,109 - INFO - Inserted economic event with ID: 7322
2025-07-04 19:09:16,116 - INFO - Inserted economic event with ID: 7323
2025-07-04 19:09:16,121 - INFO - Inserted economic event with ID: 7324
2025-07-04 19:09:16,128 - INFO - Inserted economic event with ID: 7325
2025-07-04 19:09:16,133 - INFO - Inserted economic event with ID: 7326
2025-07-04 19:09:16,136 - INFO - Inserted economic event with ID: 7327
2025-07-04 19:09:16,140 - INFO - Inserted economic event with ID: 7328
2025-07-04 19:09:16,145 - INFO - Inserted economic event with ID: 7329
2025-07-04 19:09:16,149 - INFO - Inserted economic event with ID: 7330
2025-07-04 19:09:16,153 - INFO - Inserted economic event with ID: 7331
2025-07-04 19:09:16,156 - INFO - Inserted economic event with ID: 7332
2025-07-04 19:09:16,162 - INFO - Inserted economic event with ID: 7333
2025-07-04 19:09:16,166 - INFO - Inserted economic event with ID: 7334
2025-07-04 19:09:16,171 - INFO - Inserted economic event with ID: 7335
2025-07-04 19:09:16,175 - INFO - Inserted economic event with ID: 7336
2025-07-04 19:09:16,180 - INFO - Inserted economic event with ID: 7337
2025-07-04 19:09:16,183 - INFO - Inserted economic event with ID: 7338
2025-07-04 19:09:16,189 - INFO - Inserted economic event with ID: 7339
2025-07-04 19:09:16,194 - INFO - Inserted economic event with ID: 7340
2025-07-04 19:09:16,197 - INFO - Inserted economic event with ID: 7341
2025-07-04 19:09:16,201 - INFO - Inserted economic event with ID: 7342
2025-07-04 19:09:16,208 - INFO - Inserted economic event with ID: 7343
2025-07-04 19:09:16,212 - INFO - Inserted economic event with ID: 7344
2025-07-04 19:09:16,217 - INFO - Inserted economic event with ID: 7345
2025-07-04 19:09:16,219 - INFO - Inserted economic event with ID: 7346
2025-07-04 19:09:16,224 - INFO - Inserted economic event with ID: 7347
2025-07-04 19:09:16,228 - INFO - Inserted economic event with ID: 7348
2025-07-04 19:09:16,232 - INFO - Inserted economic event with ID: 7349
2025-07-04 19:09:16,236 - INFO - Inserted economic event with ID: 7350
2025-07-04 19:09:16,239 - INFO - Inserted economic event with ID: 7351
2025-07-04 19:09:16,243 - INFO - Inserted economic event with ID: 7352
2025-07-04 19:09:16,247 - INFO - Inserted economic event with ID: 7353
2025-07-04 19:09:16,250 - INFO - Inserted economic event with ID: 7354
2025-07-04 19:09:16,254 - INFO - Inserted economic event with ID: 7355
2025-07-04 19:09:16,258 - INFO - Inserted economic event with ID: 7356
2025-07-04 19:09:16,263 - INFO - Inserted economic event with ID: 7357
2025-07-04 19:09:16,267 - INFO - Inserted economic event with ID: 7358
2025-07-04 19:09:16,271 - INFO - Inserted economic event with ID: 7359
2025-07-04 19:09:16,274 - INFO - Inserted economic event with ID: 7360
2025-07-04 19:09:16,278 - INFO - Inserted economic event with ID: 7361
2025-07-04 19:09:16,281 - INFO - Inserted economic event with ID: 7362
2025-07-04 19:09:16,286 - INFO - Inserted economic event with ID: 7363
2025-07-04 19:09:16,290 - INFO - Inserted economic event with ID: 7364
2025-07-04 19:09:16,295 - INFO - Inserted economic event with ID: 7365
2025-07-04 19:09:16,300 - INFO - Inserted economic event with ID: 7366
2025-07-04 19:09:16,303 - INFO - Inserted economic event with ID: 7367
2025-07-04 19:09:16,308 - INFO - Inserted economic event with ID: 7368
2025-07-04 19:09:16,311 - INFO - Inserted economic event with ID: 7369
2025-07-04 19:09:16,315 - INFO - Inserted economic event with ID: 7370
2025-07-04 19:09:16,319 - INFO - Inserted economic event with ID: 7371
2025-07-04 19:09:16,323 - INFO - Inserted economic event with ID: 7372
2025-07-04 19:09:16,326 - INFO - Inserted economic event with ID: 7373
2025-07-04 19:09:16,330 - INFO - Inserted economic event with ID: 7374
2025-07-04 19:09:16,335 - INFO - Inserted economic event with ID: 7375
2025-07-04 19:09:16,339 - INFO - Inserted economic event with ID: 7376
2025-07-04 19:09:16,342 - INFO - Inserted economic event with ID: 7377
2025-07-04 19:09:16,347 - INFO - Inserted economic event with ID: 7378
2025-07-04 19:09:16,350 - INFO - Inserted economic event with ID: 7379
2025-07-04 19:09:16,356 - INFO - Inserted economic event with ID: 7380
2025-07-04 19:09:16,358 - INFO - Inserted economic event with ID: 7381
2025-07-04 19:09:16,363 - INFO - Inserted economic event with ID: 7382
2025-07-04 19:09:16,367 - INFO - Inserted economic event with ID: 7383
2025-07-04 19:09:16,371 - INFO - Inserted economic event with ID: 7384
2025-07-04 19:09:16,375 - INFO - Inserted economic event with ID: 7385
2025-07-04 19:09:16,378 - INFO - Inserted economic event with ID: 7386
2025-07-04 19:09:16,382 - INFO - Inserted economic event with ID: 7387
2025-07-04 19:09:16,385 - INFO - Inserted economic event with ID: 7388
2025-07-04 19:09:16,390 - INFO - Inserted economic event with ID: 7389
2025-07-04 19:09:16,394 - INFO - Inserted economic event with ID: 7390
2025-07-04 19:09:16,398 - INFO - Inserted economic event with ID: 7391
2025-07-04 19:09:16,402 - INFO - Inserted economic event with ID: 7392
2025-07-04 19:09:16,406 - INFO - Inserted economic event with ID: 7393
2025-07-04 19:09:16,410 - INFO - Inserted economic event with ID: 7394
2025-07-04 19:09:16,413 - INFO - Inserted economic event with ID: 7395
2025-07-04 19:09:16,417 - INFO - Inserted economic event with ID: 7396
2025-07-04 19:09:16,420 - INFO - Inserted economic event with ID: 7397
2025-07-04 19:09:16,424 - INFO - Inserted economic event with ID: 7398
2025-07-04 19:09:16,427 - INFO - Inserted economic event with ID: 7399
2025-07-04 19:09:16,432 - INFO - Inserted economic event with ID: 7400
2025-07-04 19:09:16,438 - INFO - Inserted economic event with ID: 7401
2025-07-04 19:09:16,441 - INFO - Inserted economic event with ID: 7402
2025-07-04 19:09:16,445 - INFO - Inserted economic event with ID: 7403
2025-07-04 19:09:16,448 - INFO - Inserted economic event with ID: 7404
2025-07-04 19:09:16,453 - INFO - Inserted economic event with ID: 7405
2025-07-04 19:09:16,457 - INFO - Inserted economic event with ID: 7406
2025-07-04 19:09:16,460 - INFO - Inserted economic event with ID: 7407
2025-07-04 19:09:16,464 - INFO - Inserted economic event with ID: 7408
2025-07-04 19:09:16,468 - INFO - Inserted economic event with ID: 7409
2025-07-04 19:09:16,472 - INFO - Inserted economic event with ID: 7410
2025-07-04 19:09:16,475 - INFO - Inserted economic event with ID: 7411
2025-07-04 19:09:16,479 - INFO - Inserted economic event with ID: 7412
2025-07-04 19:09:16,483 - INFO - Inserted economic event with ID: 7413
2025-07-04 19:09:16,486 - INFO - Inserted economic event with ID: 7414
2025-07-04 19:09:16,489 - INFO - Inserted economic event with ID: 7415
2025-07-04 19:09:16,494 - INFO - Inserted economic event with ID: 7416
2025-07-04 19:09:16,497 - INFO - Inserted economic event with ID: 7417
2025-07-04 19:09:16,502 - INFO - Inserted economic event with ID: 7418
2025-07-04 19:09:16,506 - INFO - Inserted economic event with ID: 7419
2025-07-04 19:09:16,510 - INFO - Inserted economic event with ID: 7420
2025-07-04 19:09:16,515 - INFO - Inserted economic event with ID: 7421
2025-07-04 19:09:16,518 - INFO - Inserted economic event with ID: 7422
2025-07-04 19:09:16,522 - INFO - Inserted economic event with ID: 7423
2025-07-04 19:09:16,527 - INFO - Inserted economic event with ID: 7424
2025-07-04 19:09:16,530 - INFO - Inserted economic event with ID: 7425
2025-07-04 19:09:16,534 - INFO - Inserted economic event with ID: 7426
2025-07-04 19:09:16,538 - INFO - Inserted economic event with ID: 7427
2025-07-04 19:09:16,543 - INFO - Inserted economic event with ID: 7428
2025-07-04 19:09:16,546 - INFO - Inserted economic event with ID: 7429
2025-07-04 19:09:16,550 - INFO - Inserted economic event with ID: 7430
2025-07-04 19:09:16,553 - INFO - Inserted economic event with ID: 7431
2025-07-04 19:09:16,557 - INFO - Inserted economic event with ID: 7432
2025-07-04 19:09:16,561 - INFO - Inserted economic event with ID: 7433
2025-07-04 19:09:16,566 - INFO - Inserted economic event with ID: 7434
2025-07-04 19:09:16,570 - INFO - Inserted economic event with ID: 7435
2025-07-04 19:09:16,573 - INFO - Inserted economic event with ID: 7436
2025-07-04 19:09:16,578 - INFO - Inserted economic event with ID: 7437
2025-07-04 19:09:16,582 - INFO - Inserted economic event with ID: 7438
2025-07-04 19:09:16,586 - INFO - Inserted economic event with ID: 7439
2025-07-04 19:09:16,590 - INFO - Inserted economic event with ID: 7440
2025-07-04 19:09:16,594 - INFO - Inserted economic event with ID: 7441
2025-07-04 19:09:16,599 - INFO - Inserted economic event with ID: 7442
2025-07-04 19:09:16,603 - INFO - Inserted economic event with ID: 7443
2025-07-04 19:09:16,606 - INFO - Inserted economic event with ID: 7444
2025-07-04 19:09:16,611 - INFO - Inserted economic event with ID: 7445
2025-07-04 19:09:16,615 - INFO - Inserted economic event with ID: 7446
2025-07-04 19:09:16,620 - INFO - Inserted economic event with ID: 7447
2025-07-04 19:09:16,624 - INFO - Inserted economic event with ID: 7448
2025-07-04 19:09:16,628 - INFO - Inserted economic event with ID: 7449
2025-07-04 19:09:16,632 - INFO - Inserted economic event with ID: 7450
2025-07-04 19:09:16,636 - INFO - Inserted economic event with ID: 7451
2025-07-04 19:09:16,642 - INFO - Inserted economic event with ID: 7452
2025-07-04 19:09:16,647 - INFO - Inserted economic event with ID: 7453
2025-07-04 19:09:16,652 - INFO - Inserted economic event with ID: 7454
2025-07-04 19:09:16,656 - INFO - Inserted economic event with ID: 7455
2025-07-04 19:09:16,660 - INFO - Inserted economic event with ID: 7456
2025-07-04 19:09:16,663 - INFO - Inserted economic event with ID: 7457
2025-07-04 19:09:16,668 - INFO - Inserted economic event with ID: 7458
2025-07-04 19:09:16,672 - INFO - Inserted economic event with ID: 7459
2025-07-04 19:09:16,676 - INFO - Inserted economic event with ID: 7460
2025-07-04 19:09:16,681 - INFO - Inserted economic event with ID: 7461
2025-07-04 19:09:16,684 - INFO - Inserted economic event with ID: 7462
2025-07-04 19:09:16,687 - INFO - Inserted economic event with ID: 7463
2025-07-04 19:09:16,691 - INFO - Inserted economic event with ID: 7464
2025-07-04 19:09:16,695 - INFO - Inserted economic event with ID: 7465
2025-07-04 19:09:16,700 - INFO - Inserted economic event with ID: 7466
2025-07-04 19:09:16,704 - INFO - Inserted economic event with ID: 7467
2025-07-04 19:09:16,708 - INFO - Inserted economic event with ID: 7468
2025-07-04 19:09:16,712 - INFO - Inserted economic event with ID: 7469
2025-07-04 19:09:16,717 - INFO - Inserted economic event with ID: 7470
2025-07-04 19:09:16,722 - INFO - Inserted economic event with ID: 7471
2025-07-04 19:09:16,725 - INFO - Inserted economic event with ID: 7472
2025-07-04 19:09:16,729 - INFO - Inserted economic event with ID: 7473
2025-07-04 19:09:16,732 - INFO - Inserted economic event with ID: 7474
2025-07-04 19:09:16,736 - INFO - Inserted economic event with ID: 7475
2025-07-04 19:09:16,740 - INFO - Inserted economic event with ID: 7476
2025-07-04 19:09:16,744 - INFO - Inserted economic event with ID: 7477
2025-07-04 19:09:16,749 - INFO - Inserted economic event with ID: 7478
2025-07-04 19:09:16,752 - INFO - Inserted economic event with ID: 7479
2025-07-04 19:09:16,757 - INFO - Inserted economic event with ID: 7480
2025-07-04 19:09:16,761 - INFO - Inserted economic event with ID: 7481
2025-07-04 19:09:16,766 - INFO - Inserted economic event with ID: 7482
2025-07-04 19:09:16,770 - INFO - Inserted economic event with ID: 7483
2025-07-04 19:09:16,774 - INFO - Inserted economic event with ID: 7484
2025-07-04 19:09:16,778 - INFO - Inserted economic event with ID: 7485
2025-07-04 19:09:16,781 - INFO - Inserted economic event with ID: 7486
2025-07-04 19:09:16,785 - INFO - Inserted economic event with ID: 7487
2025-07-04 19:09:16,789 - INFO - Inserted economic event with ID: 7488
2025-07-04 19:09:16,793 - INFO - Inserted economic event with ID: 7489
2025-07-04 19:09:16,796 - INFO - Inserted economic event with ID: 7490
2025-07-04 19:09:16,801 - INFO - Inserted economic event with ID: 7491
2025-07-04 19:09:16,805 - INFO - Inserted economic event with ID: 7492
2025-07-04 19:09:16,809 - INFO - Inserted economic event with ID: 7493
2025-07-04 19:09:16,813 - INFO - Inserted economic event with ID: 7494
2025-07-04 19:09:16,816 - INFO - Inserted economic event with ID: 7495
2025-07-04 19:09:16,822 - INFO - Inserted economic event with ID: 7496
2025-07-04 19:09:16,826 - INFO - Inserted economic event with ID: 7497
2025-07-04 19:09:16,830 - INFO - Inserted economic event with ID: 7498
2025-07-04 19:09:16,835 - INFO - Inserted economic event with ID: 7499
2025-07-04 19:09:16,840 - INFO - Inserted economic event with ID: 7500
2025-07-04 19:09:16,843 - INFO - Inserted economic event with ID: 7501
2025-07-04 19:09:16,847 - INFO - Inserted economic event with ID: 7502
2025-07-04 19:09:16,850 - INFO - Inserted economic event with ID: 7503
2025-07-04 19:09:16,855 - INFO - Inserted economic event with ID: 7504
2025-07-04 19:09:16,860 - INFO - Inserted economic event with ID: 7505
2025-07-04 19:09:16,863 - INFO - Inserted economic event with ID: 7506
2025-07-04 19:09:16,867 - INFO - Inserted economic event with ID: 7507
2025-07-04 19:09:16,871 - INFO - Inserted economic event with ID: 7508
2025-07-04 19:09:16,875 - INFO - Inserted economic event with ID: 7509
2025-07-04 19:09:16,878 - INFO - Inserted economic event with ID: 7510
2025-07-04 19:09:16,882 - INFO - Inserted economic event with ID: 7511
2025-07-04 19:09:16,885 - INFO - Inserted economic event with ID: 7512
2025-07-04 19:09:16,890 - INFO - Inserted economic event with ID: 7513
2025-07-04 19:09:16,893 - INFO - Inserted economic event with ID: 7514
2025-07-04 19:09:16,897 - INFO - Inserted economic event with ID: 7515
2025-07-04 19:09:16,902 - INFO - Inserted economic event with ID: 7516
2025-07-04 19:09:16,906 - INFO - Inserted economic event with ID: 7517
2025-07-04 19:09:16,910 - INFO - Inserted economic event with ID: 7518
2025-07-04 19:09:16,914 - INFO - Inserted economic event with ID: 7519
2025-07-04 19:09:16,918 - INFO - Inserted economic event with ID: 7520
2025-07-04 19:09:16,921 - INFO - Inserted economic event with ID: 7521
2025-07-04 19:09:16,925 - INFO - Inserted economic event with ID: 7522
2025-07-04 19:09:16,929 - INFO - Inserted economic event with ID: 7523
2025-07-04 19:09:16,934 - INFO - Inserted economic event with ID: 7524
2025-07-04 19:09:16,937 - INFO - Inserted economic event with ID: 7525
2025-07-04 19:09:16,940 - INFO - Inserted economic event with ID: 7526
2025-07-04 19:09:16,944 - INFO - Inserted economic event with ID: 7527
2025-07-04 19:09:16,947 - INFO - Inserted economic event with ID: 7528
2025-07-04 19:09:16,952 - INFO - Inserted economic event with ID: 7529
2025-07-04 19:09:16,955 - INFO - Inserted economic event with ID: 7530
2025-07-04 19:09:16,959 - INFO - Inserted economic event with ID: 7531
2025-07-04 19:09:16,964 - INFO - Inserted economic event with ID: 7532
2025-07-04 19:09:16,968 - INFO - Inserted economic event with ID: 7533
2025-07-04 19:09:16,972 - INFO - Inserted economic event with ID: 7534
2025-07-04 19:09:16,975 - INFO - Inserted economic event with ID: 7535
2025-07-04 19:09:16,979 - INFO - Inserted economic event with ID: 7536
2025-07-04 19:09:16,982 - INFO - Inserted economic event with ID: 7537
2025-07-04 19:09:16,987 - INFO - Inserted economic event with ID: 7538
2025-07-04 19:09:16,990 - INFO - Inserted economic event with ID: 7539
2025-07-04 19:09:16,994 - INFO - Inserted economic event with ID: 7540
2025-07-04 19:09:16,997 - INFO - Inserted economic event with ID: 7541
2025-07-04 19:09:17,001 - INFO - Inserted economic event with ID: 7542
2025-07-04 19:09:17,004 - INFO - Inserted economic event with ID: 7543
2025-07-04 19:09:17,008 - INFO - Inserted economic event with ID: 7544
2025-07-04 19:09:17,011 - INFO - Inserted economic event with ID: 7545
2025-07-04 19:09:17,015 - INFO - Inserted economic event with ID: 7546
2025-07-04 19:09:17,019 - INFO - Inserted economic event with ID: 7547
2025-07-04 19:09:17,023 - INFO - Inserted economic event with ID: 7548
2025-07-04 19:09:17,027 - INFO - Inserted economic event with ID: 7549
2025-07-04 19:09:17,033 - INFO - Inserted economic event with ID: 7550
2025-07-04 19:09:17,037 - INFO - Inserted economic event with ID: 7551
2025-07-04 19:09:17,042 - INFO - Inserted economic event with ID: 7552
2025-07-04 19:09:17,046 - INFO - Inserted economic event with ID: 7553
2025-07-04 19:09:17,050 - INFO - Inserted economic event with ID: 7554
2025-07-04 19:09:17,055 - INFO - Inserted economic event with ID: 7555
2025-07-04 19:09:17,059 - INFO - Inserted economic event with ID: 7556
2025-07-04 19:09:17,066 - INFO - Inserted economic event with ID: 7557
2025-07-04 19:09:17,070 - INFO - Inserted economic event with ID: 7558
2025-07-04 19:09:17,073 - INFO - Inserted economic event with ID: 7559
2025-07-04 19:09:17,078 - INFO - Inserted economic event with ID: 7560
2025-07-04 19:09:17,082 - INFO - Inserted economic event with ID: 7561
2025-07-04 19:09:17,085 - INFO - Inserted economic event with ID: 7562
2025-07-04 19:09:17,090 - INFO - Inserted economic event with ID: 7563
2025-07-04 19:09:17,093 - INFO - Inserted economic event with ID: 7564
2025-07-04 19:09:17,097 - INFO - Inserted economic event with ID: 7565
2025-07-04 19:09:17,101 - INFO - Inserted economic event with ID: 7566
2025-07-04 19:09:17,106 - INFO - Inserted economic event with ID: 7567
2025-07-04 19:09:17,109 - INFO - Inserted economic event with ID: 7568
2025-07-04 19:09:17,113 - INFO - Inserted economic event with ID: 7569
2025-07-04 19:09:17,117 - INFO - Inserted economic event with ID: 7570
2025-07-04 19:09:17,121 - INFO - Inserted economic event with ID: 7571
2025-07-04 19:09:17,126 - INFO - Inserted economic event with ID: 7572
2025-07-04 19:09:17,129 - INFO - Inserted economic event with ID: 7573
2025-07-04 19:09:17,133 - INFO - Inserted economic event with ID: 7574
2025-07-04 19:09:17,138 - INFO - Inserted economic event with ID: 7575
2025-07-04 19:09:17,141 - INFO - Inserted economic event with ID: 7576
2025-07-04 19:09:17,145 - INFO - Inserted economic event with ID: 7577
2025-07-04 19:09:17,149 - INFO - Inserted economic event with ID: 7578
2025-07-04 19:09:17,153 - INFO - Inserted economic event with ID: 7579
2025-07-04 19:09:17,156 - INFO - Inserted economic event with ID: 7580
2025-07-04 19:09:17,161 - INFO - Inserted economic event with ID: 7581
2025-07-04 19:09:17,167 - INFO - Inserted economic event with ID: 7582
2025-07-04 19:09:17,170 - INFO - Inserted economic event with ID: 7583
2025-07-04 19:09:17,174 - INFO - Inserted economic event with ID: 7584
2025-07-04 19:09:17,177 - INFO - Inserted economic event with ID: 7585
2025-07-04 19:09:17,181 - INFO - Inserted economic event with ID: 7586
2025-07-04 19:09:17,184 - INFO - Inserted economic event with ID: 7587
2025-07-04 19:09:17,189 - INFO - Inserted economic event with ID: 7588
2025-07-04 19:09:17,194 - INFO - Inserted economic event with ID: 7589
2025-07-04 19:09:17,197 - INFO - Inserted economic event with ID: 7590
2025-07-04 19:09:17,202 - INFO - Inserted economic event with ID: 7591
2025-07-04 19:09:17,207 - INFO - Inserted economic event with ID: 7592
2025-07-04 19:09:17,210 - INFO - Inserted economic event with ID: 7593
2025-07-04 19:09:17,214 - INFO - Inserted economic event with ID: 7594
2025-07-04 19:09:17,218 - INFO - Inserted economic event with ID: 7595
2025-07-04 19:09:17,222 - INFO - Inserted economic event with ID: 7596
2025-07-04 19:09:17,225 - INFO - Inserted economic event with ID: 7597
2025-07-04 19:09:17,230 - INFO - Inserted economic event with ID: 7598
2025-07-04 19:09:17,233 - INFO - Inserted economic event with ID: 7599
2025-07-04 19:09:17,238 - INFO - Inserted economic event with ID: 7600
2025-07-04 19:09:17,242 - INFO - Inserted economic event with ID: 7601
2025-07-04 19:09:17,246 - INFO - Inserted economic event with ID: 7602
2025-07-04 19:09:17,250 - INFO - Inserted economic event with ID: 7603
2025-07-04 19:09:17,253 - INFO - Inserted economic event with ID: 7604
2025-07-04 19:09:17,259 - INFO - Inserted economic event with ID: 7605
2025-07-04 19:09:17,263 - INFO - Inserted economic event with ID: 7606
2025-07-04 19:09:17,267 - INFO - Inserted economic event with ID: 7607
2025-07-04 19:09:17,271 - INFO - Inserted economic event with ID: 7608
2025-07-04 19:09:17,274 - INFO - Inserted economic event with ID: 7609
2025-07-04 19:09:17,278 - INFO - Inserted economic event with ID: 7610
2025-07-04 19:09:17,282 - INFO - Inserted economic event with ID: 7611
2025-07-04 19:09:17,286 - INFO - Inserted economic event with ID: 7612
2025-07-04 19:09:17,290 - INFO - Inserted economic event with ID: 7613
2025-07-04 19:09:17,293 - INFO - Inserted economic event with ID: 7614
2025-07-04 19:09:17,298 - INFO - Inserted economic event with ID: 7615
2025-07-04 19:09:17,301 - INFO - Inserted economic event with ID: 7616
2025-07-04 19:09:17,305 - INFO - Inserted economic event with ID: 7617
2025-07-04 19:09:17,308 - INFO - Inserted economic event with ID: 7618
2025-07-04 19:09:17,313 - INFO - Inserted economic event with ID: 7619
2025-07-04 19:09:17,316 - INFO - Inserted economic event with ID: 7620
2025-07-04 19:09:17,320 - INFO - Inserted economic event with ID: 7621
2025-07-04 19:09:17,323 - INFO - Inserted economic event with ID: 7622
2025-07-04 19:09:17,328 - INFO - Inserted economic event with ID: 7623
2025-07-04 19:09:17,333 - INFO - Inserted economic event with ID: 7624
2025-07-04 19:09:17,337 - INFO - Inserted economic event with ID: 7625
2025-07-04 19:09:17,341 - INFO - Inserted economic event with ID: 7626
2025-07-04 19:09:17,344 - INFO - Inserted economic event with ID: 7627
2025-07-04 19:09:17,349 - INFO - Inserted economic event with ID: 7628
2025-07-04 19:09:17,354 - INFO - Inserted economic event with ID: 7629
2025-07-04 19:09:17,357 - INFO - Inserted economic event with ID: 7630
2025-07-04 19:09:17,361 - INFO - Inserted economic event with ID: 7631
2025-07-04 19:09:17,364 - INFO - Inserted economic event with ID: 7632
2025-07-04 19:09:17,370 - INFO - Inserted economic event with ID: 7633
2025-07-04 19:09:17,374 - INFO - Inserted economic event with ID: 7634
2025-07-04 19:09:17,378 - INFO - Inserted economic event with ID: 7635
2025-07-04 19:09:17,382 - INFO - Inserted economic event with ID: 7636
2025-07-04 19:09:17,386 - INFO - Inserted economic event with ID: 7637
2025-07-04 19:09:17,391 - INFO - Inserted economic event with ID: 7638
2025-07-04 19:09:17,396 - INFO - Inserted economic event with ID: 7639
2025-07-04 19:09:17,400 - INFO - Inserted economic event with ID: 7640
2025-07-04 19:09:17,403 - INFO - Inserted economic event with ID: 7641
2025-07-04 19:09:17,409 - INFO - Inserted economic event with ID: 7642
2025-07-04 19:09:17,414 - INFO - Inserted economic event with ID: 7643
2025-07-04 19:09:17,419 - INFO - Inserted economic event with ID: 7644
2025-07-04 19:09:17,424 - INFO - Inserted economic event with ID: 7645
2025-07-04 19:09:17,428 - INFO - Inserted economic event with ID: 7646
2025-07-04 19:09:17,432 - INFO - Inserted economic event with ID: 7647
2025-07-04 19:09:17,436 - INFO - Inserted economic event with ID: 7648
2025-07-04 19:09:17,440 - INFO - Inserted economic event with ID: 7649
2025-07-04 19:09:17,444 - INFO - Inserted economic event with ID: 7650
2025-07-04 19:09:17,447 - INFO - Inserted economic event with ID: 7651
2025-07-04 19:09:17,452 - INFO - Inserted economic event with ID: 7652
2025-07-04 19:09:17,456 - INFO - Inserted economic event with ID: 7653
2025-07-04 19:09:17,460 - INFO - Inserted economic event with ID: 7654
2025-07-04 19:09:17,464 - INFO - Inserted economic event with ID: 7655
2025-07-04 19:09:17,468 - INFO - Inserted economic event with ID: 7656
2025-07-04 19:09:17,472 - INFO - Inserted economic event with ID: 7657
2025-07-04 19:09:17,476 - INFO - Inserted economic event with ID: 7658
2025-07-04 19:09:17,480 - INFO - Inserted economic event with ID: 7659
2025-07-04 19:09:17,484 - INFO - Inserted economic event with ID: 7660
2025-07-04 19:09:17,489 - INFO - Inserted economic event with ID: 7661
2025-07-04 19:09:17,493 - INFO - Inserted economic event with ID: 7662
2025-07-04 19:09:17,496 - INFO - Inserted economic event with ID: 7663
2025-07-04 19:09:17,500 - INFO - Inserted economic event with ID: 7664
2025-07-04 19:09:17,506 - INFO - Inserted economic event with ID: 7665
2025-07-04 19:09:17,513 - INFO - Inserted economic event with ID: 7666
2025-07-04 19:09:17,518 - INFO - Inserted economic event with ID: 7667
2025-07-04 19:09:17,523 - INFO - Inserted economic event with ID: 7668
2025-07-04 19:09:17,529 - INFO - Inserted economic event with ID: 7669
2025-07-04 19:09:17,535 - INFO - Inserted economic event with ID: 7670
2025-07-04 19:09:17,539 - INFO - Inserted economic event with ID: 7671
2025-07-04 19:09:17,545 - INFO - Inserted economic event with ID: 7672
2025-07-04 19:09:17,549 - INFO - Inserted economic event with ID: 7673
2025-07-04 19:09:17,554 - INFO - Inserted economic event with ID: 7674
2025-07-04 19:09:17,558 - INFO - Inserted economic event with ID: 7675
2025-07-04 19:09:17,562 - INFO - Inserted economic event with ID: 7676
2025-07-04 19:09:17,566 - INFO - Inserted economic event with ID: 7677
2025-07-04 19:09:17,570 - INFO - Inserted economic event with ID: 7678
2025-07-04 19:09:17,574 - INFO - Inserted economic event with ID: 7679
2025-07-04 19:09:17,579 - INFO - Inserted economic event with ID: 7680
2025-07-04 19:09:17,583 - INFO - Inserted economic event with ID: 7681
2025-07-04 19:09:17,586 - INFO - Inserted economic event with ID: 7682
2025-07-04 19:09:17,590 - INFO - Inserted economic event with ID: 7683
2025-07-04 19:09:17,596 - INFO - Inserted economic event with ID: 7684
2025-07-04 19:09:17,600 - INFO - Inserted economic event with ID: 7685
2025-07-04 19:09:17,605 - INFO - Inserted economic event with ID: 7686
2025-07-04 19:09:17,608 - INFO - Inserted economic event with ID: 7687
2025-07-04 19:09:17,611 - INFO - Inserted economic event with ID: 7688
2025-07-04 19:09:17,615 - INFO - Inserted economic event with ID: 7689
2025-07-04 19:09:17,621 - INFO - Inserted economic event with ID: 7690
2025-07-04 19:09:17,625 - INFO - Inserted economic event with ID: 7691
2025-07-04 19:09:17,629 - INFO - Inserted economic event with ID: 7692
2025-07-04 19:09:17,633 - INFO - Inserted economic event with ID: 7693
2025-07-04 19:09:17,638 - INFO - Inserted economic event with ID: 7694
2025-07-04 19:09:17,643 - INFO - Inserted economic event with ID: 7695
2025-07-04 19:09:17,648 - INFO - Inserted economic event with ID: 7696
2025-07-04 19:09:17,652 - INFO - Inserted economic event with ID: 7697
2025-07-04 19:09:17,656 - INFO - Inserted economic event with ID: 7698
2025-07-04 19:09:17,660 - INFO - Inserted economic event with ID: 7699
2025-07-04 19:09:17,663 - INFO - Inserted economic event with ID: 7700
2025-07-04 19:09:17,667 - INFO - Inserted economic event with ID: 7701
2025-07-04 19:09:17,670 - INFO - Inserted economic event with ID: 7702
2025-07-04 19:09:17,674 - INFO - Inserted economic event with ID: 7703
2025-07-04 19:09:17,681 - INFO - Inserted economic event with ID: 7704
2025-07-04 19:09:17,684 - INFO - Inserted economic event with ID: 7705
2025-07-04 19:09:17,688 - INFO - Inserted economic event with ID: 7706
2025-07-04 19:09:17,691 - INFO - Inserted economic event with ID: 7707
2025-07-04 19:09:17,695 - INFO - Inserted economic event with ID: 7708
2025-07-04 19:09:17,699 - INFO - Inserted economic event with ID: 7709
2025-07-04 19:09:17,703 - INFO - Inserted economic event with ID: 7710
2025-07-04 19:09:17,707 - INFO - Inserted economic event with ID: 7711
2025-07-04 19:09:17,710 - INFO - Inserted economic event with ID: 7712
2025-07-04 19:09:17,714 - INFO - Inserted economic event with ID: 7713
2025-07-04 19:09:17,718 - INFO - Inserted economic event with ID: 7714
2025-07-04 19:09:17,722 - INFO - Inserted economic event with ID: 7715
2025-07-04 19:09:17,725 - INFO - Inserted economic event with ID: 7716
2025-07-04 19:09:17,729 - INFO - Inserted economic event with ID: 7717
2025-07-04 19:09:17,735 - INFO - Inserted economic event with ID: 7718
2025-07-04 19:09:17,739 - INFO - Inserted economic event with ID: 7719
2025-07-04 19:09:17,744 - INFO - Inserted economic event with ID: 7720
2025-07-04 19:09:17,748 - INFO - Inserted economic event with ID: 7721
2025-07-04 19:09:17,752 - INFO - Inserted economic event with ID: 7722
2025-07-04 19:09:17,756 - INFO - Inserted economic event with ID: 7723
2025-07-04 19:09:17,761 - INFO - Inserted economic event with ID: 7724
2025-07-04 19:09:17,766 - INFO - Inserted economic event with ID: 7725
2025-07-04 19:09:17,770 - INFO - Inserted economic event with ID: 7726
2025-07-04 19:09:17,774 - INFO - Inserted economic event with ID: 7727
2025-07-04 19:09:17,785 - INFO - Inserted economic event with ID: 7728
2025-07-04 19:09:17,790 - INFO - Inserted economic event with ID: 7729
2025-07-04 19:09:17,798 - INFO - Inserted economic event with ID: 7730
2025-07-04 19:09:17,805 - INFO - Inserted economic event with ID: 7731
2025-07-04 19:09:17,810 - INFO - Inserted economic event with ID: 7732
2025-07-04 19:09:17,814 - INFO - Inserted economic event with ID: 7733
2025-07-04 19:09:17,817 - INFO - Inserted economic event with ID: 7734
2025-07-04 19:09:17,821 - INFO - Inserted economic event with ID: 7735
2025-07-04 19:09:17,825 - INFO - Inserted economic event with ID: 7736
2025-07-04 19:09:17,828 - INFO - Inserted economic event with ID: 7737
2025-07-04 19:09:17,832 - INFO - Inserted economic event with ID: 7738
2025-07-04 19:09:17,835 - INFO - Inserted economic event with ID: 7739
2025-07-04 19:09:17,839 - INFO - Inserted economic event with ID: 7740
2025-07-04 19:09:17,842 - INFO - Inserted economic event with ID: 7741
2025-07-04 19:09:17,846 - INFO - Inserted economic event with ID: 7742
2025-07-04 19:09:17,849 - INFO - Inserted economic event with ID: 7743
2025-07-04 19:09:17,853 - INFO - Inserted economic event with ID: 7744
2025-07-04 19:09:17,857 - INFO - Inserted economic event with ID: 7745
2025-07-04 19:09:17,860 - INFO - Inserted economic event with ID: 7746
2025-07-04 19:09:17,864 - INFO - Inserted economic event with ID: 7747
2025-07-04 19:09:17,867 - INFO - Inserted economic event with ID: 7748
2025-07-04 19:09:17,871 - INFO - Inserted economic event with ID: 7749
2025-07-04 19:09:17,874 - INFO - Inserted economic event with ID: 7750
2025-07-04 19:09:17,878 - INFO - Inserted economic event with ID: 7751
2025-07-04 19:09:17,881 - INFO - Inserted economic event with ID: 7752
2025-07-04 19:09:17,884 - INFO - Inserted economic event with ID: 7753
2025-07-04 19:09:17,889 - INFO - Inserted economic event with ID: 7754
2025-07-04 19:09:17,892 - INFO - Inserted economic event with ID: 7755
2025-07-04 19:09:17,896 - INFO - Inserted economic event with ID: 7756
2025-07-04 19:09:17,899 - INFO - Inserted economic event with ID: 7757
2025-07-04 19:09:17,903 - INFO - Inserted economic event with ID: 7758
2025-07-04 19:09:17,906 - INFO - Inserted economic event with ID: 7759
2025-07-04 19:09:17,910 - INFO - Inserted economic event with ID: 7760
2025-07-04 19:09:17,913 - INFO - Inserted economic event with ID: 7761
2025-07-04 19:09:17,917 - INFO - Inserted economic event with ID: 7762
2025-07-04 19:09:17,921 - INFO - Inserted economic event with ID: 7763
2025-07-04 19:09:17,924 - INFO - Inserted economic event with ID: 7764
2025-07-04 19:09:17,928 - INFO - Inserted economic event with ID: 7765
2025-07-04 19:09:17,934 - INFO - Inserted economic event with ID: 7766
2025-07-04 19:09:17,938 - INFO - Inserted economic event with ID: 7767
2025-07-04 19:09:17,941 - INFO - Inserted economic event with ID: 7768
2025-07-04 19:09:17,945 - INFO - Inserted economic event with ID: 7769
2025-07-04 19:09:17,951 - INFO - Inserted economic event with ID: 7770
2025-07-04 19:09:17,954 - INFO - Inserted economic event with ID: 7771
2025-07-04 19:09:17,957 - INFO - Inserted economic event with ID: 7772
2025-07-04 19:09:17,961 - INFO - Inserted economic event with ID: 7773
2025-07-04 19:09:17,965 - INFO - Inserted economic event with ID: 7774
2025-07-04 19:09:17,968 - INFO - Inserted economic event with ID: 7775
2025-07-04 19:09:17,972 - INFO - Inserted economic event with ID: 7776
2025-07-04 19:09:17,975 - INFO - Inserted economic event with ID: 7777
2025-07-04 19:09:17,979 - INFO - Inserted economic event with ID: 7778
2025-07-04 19:09:17,983 - INFO - Inserted economic event with ID: 7779
2025-07-04 19:09:17,987 - INFO - Inserted economic event with ID: 7780
2025-07-04 19:09:17,990 - INFO - Inserted economic event with ID: 7781
2025-07-04 19:09:17,994 - INFO - Inserted economic event with ID: 7782
2025-07-04 19:09:17,998 - INFO - Inserted economic event with ID: 7783
2025-07-04 19:09:18,002 - INFO - Inserted economic event with ID: 7784
2025-07-04 19:09:18,006 - INFO - Inserted economic event with ID: 7785
2025-07-04 19:09:18,009 - INFO - Inserted economic event with ID: 7786
2025-07-04 19:09:18,013 - INFO - Inserted economic event with ID: 7787
2025-07-04 19:09:18,015 - INFO - Inserted economic event with ID: 7788
2025-07-04 19:09:18,020 - INFO - Inserted economic event with ID: 7789
2025-07-04 19:09:18,023 - INFO - Inserted economic event with ID: 7790
2025-07-04 19:09:18,027 - INFO - Inserted economic event with ID: 7791
2025-07-04 19:09:18,030 - INFO - Inserted economic event with ID: 7792
2025-07-04 19:09:18,034 - INFO - Inserted economic event with ID: 7793
2025-07-04 19:09:18,037 - INFO - Inserted economic event with ID: 7794
2025-07-04 19:09:18,042 - INFO - Inserted economic event with ID: 7795
2025-07-04 19:09:18,047 - INFO - Inserted economic event with ID: 7796
2025-07-04 19:09:18,051 - INFO - Inserted economic event with ID: 7797
2025-07-04 19:09:18,054 - INFO - Inserted economic event with ID: 7798
2025-07-04 19:09:18,058 - INFO - Inserted economic event with ID: 7799
2025-07-04 19:09:18,062 - INFO - Inserted economic event with ID: 7800
2025-07-04 19:09:18,065 - INFO - Inserted economic event with ID: 7801
2025-07-04 19:09:18,068 - INFO - Inserted economic event with ID: 7802
2025-07-04 19:09:18,072 - INFO - Inserted economic event with ID: 7803
2025-07-04 19:09:18,076 - INFO - Inserted economic event with ID: 7804
2025-07-04 19:09:18,079 - INFO - Inserted economic event with ID: 7805
2025-07-04 19:09:18,082 - INFO - Inserted economic event with ID: 7806
2025-07-04 19:09:18,086 - INFO - Inserted economic event with ID: 7807
2025-07-04 19:09:18,089 - INFO - Inserted economic event with ID: 7808
2025-07-04 19:09:18,093 - INFO - Inserted economic event with ID: 7809
2025-07-04 19:09:18,097 - INFO - Inserted economic event with ID: 7810
2025-07-04 19:09:18,101 - INFO - Inserted economic event with ID: 7811
2025-07-04 19:09:18,105 - INFO - Inserted economic event with ID: 7812
2025-07-04 19:09:18,108 - INFO - Inserted economic event with ID: 7813
2025-07-04 19:09:18,112 - INFO - Inserted economic event with ID: 7814
2025-07-04 19:09:18,114 - INFO - Inserted economic event with ID: 7815
2025-07-04 19:09:18,118 - INFO - Inserted economic event with ID: 7816
2025-07-04 19:09:18,122 - INFO - Inserted economic event with ID: 7817
2025-07-04 19:09:18,127 - INFO - Inserted economic event with ID: 7818
2025-07-04 19:09:18,131 - INFO - Inserted economic event with ID: 7819
2025-07-04 19:09:18,135 - INFO - Inserted economic event with ID: 7820
2025-07-04 19:09:18,139 - INFO - Inserted economic event with ID: 7821
2025-07-04 19:09:18,142 - INFO - Inserted economic event with ID: 7822
2025-07-04 19:09:18,146 - INFO - Inserted economic event with ID: 7823
2025-07-04 19:09:18,150 - INFO - Inserted economic event with ID: 7824
2025-07-04 19:09:18,155 - INFO - Inserted economic event with ID: 7825
2025-07-04 19:09:18,159 - INFO - Inserted economic event with ID: 7826
2025-07-04 19:09:18,162 - INFO - Inserted economic event with ID: 7827
2025-07-04 19:09:18,167 - INFO - Inserted economic event with ID: 7828
2025-07-04 19:09:18,170 - INFO - Inserted economic event with ID: 7829
2025-07-04 19:09:18,174 - INFO - Inserted economic event with ID: 7830
2025-07-04 19:09:18,177 - INFO - Inserted economic event with ID: 7831
2025-07-04 19:09:18,181 - INFO - Inserted economic event with ID: 7832
2025-07-04 19:09:18,185 - INFO - Inserted economic event with ID: 7833
2025-07-04 19:09:18,189 - INFO - Inserted economic event with ID: 7834
2025-07-04 19:09:18,193 - INFO - Inserted economic event with ID: 7835
2025-07-04 19:09:18,197 - INFO - Inserted economic event with ID: 7836
2025-07-04 19:09:18,201 - INFO - Inserted economic event with ID: 7837
2025-07-04 19:09:18,205 - INFO - Inserted economic event with ID: 7838
2025-07-04 19:09:18,209 - INFO - Inserted economic event with ID: 7839
2025-07-04 19:09:18,212 - INFO - Inserted economic event with ID: 7840
2025-07-04 19:09:18,217 - INFO - Inserted economic event with ID: 7841
2025-07-04 19:09:18,220 - INFO - Inserted economic event with ID: 7842
2025-07-04 19:09:18,225 - INFO - Inserted economic event with ID: 7843
2025-07-04 19:09:18,229 - INFO - Inserted economic event with ID: 7844
2025-07-04 19:09:18,232 - INFO - Inserted economic event with ID: 7845
2025-07-04 19:09:18,236 - INFO - Inserted economic event with ID: 7846
2025-07-04 19:09:18,240 - INFO - Inserted economic event with ID: 7847
2025-07-04 19:09:18,244 - INFO - Inserted economic event with ID: 7848
2025-07-04 19:09:18,247 - INFO - Inserted economic event with ID: 7849
2025-07-04 19:09:18,251 - INFO - Inserted economic event with ID: 7850
2025-07-04 19:09:18,255 - INFO - Inserted economic event with ID: 7851
2025-07-04 19:09:18,259 - INFO - Inserted economic event with ID: 7852
2025-07-04 19:09:18,263 - INFO - Inserted economic event with ID: 7853
2025-07-04 19:09:18,266 - INFO - Inserted economic event with ID: 7854
2025-07-04 19:09:18,270 - INFO - Inserted economic event with ID: 7855
2025-07-04 19:09:18,274 - INFO - Inserted economic event with ID: 7856
2025-07-04 19:09:18,278 - INFO - Inserted economic event with ID: 7857
2025-07-04 19:09:18,281 - INFO - Inserted economic event with ID: 7858
2025-07-04 19:09:18,285 - INFO - Inserted economic event with ID: 7859
2025-07-04 19:09:18,288 - INFO - Inserted economic event with ID: 7860
2025-07-04 19:09:18,292 - INFO - Inserted economic event with ID: 7861
2025-07-04 19:09:18,295 - INFO - Inserted economic event with ID: 7862
2025-07-04 19:09:18,299 - INFO - Inserted economic event with ID: 7863
2025-07-04 19:09:18,303 - INFO - Inserted economic event with ID: 7864
2025-07-04 19:09:18,308 - INFO - Inserted economic event with ID: 7865
2025-07-04 19:09:18,312 - INFO - Inserted economic event with ID: 7866
2025-07-04 19:09:18,316 - INFO - Inserted economic event with ID: 7867
2025-07-04 19:09:18,320 - INFO - Inserted economic event with ID: 7868
2025-07-04 19:09:18,323 - INFO - Inserted economic event with ID: 7869
2025-07-04 19:09:18,327 - INFO - Inserted economic event with ID: 7870
2025-07-04 19:09:18,332 - INFO - Inserted economic event with ID: 7871
2025-07-04 19:09:18,335 - INFO - Inserted economic event with ID: 7872
2025-07-04 19:09:18,339 - INFO - Inserted economic event with ID: 7873
2025-07-04 19:09:18,343 - INFO - Inserted economic event with ID: 7874
2025-07-04 19:09:18,346 - INFO - Inserted economic event with ID: 7875
2025-07-04 19:09:18,350 - INFO - Inserted economic event with ID: 7876
2025-07-04 19:09:18,354 - INFO - Inserted economic event with ID: 7877
2025-07-04 19:09:18,358 - INFO - Inserted economic event with ID: 7878
2025-07-04 19:09:18,362 - INFO - Inserted economic event with ID: 7879
2025-07-04 19:09:18,366 - INFO - Inserted economic event with ID: 7880
2025-07-04 19:09:18,370 - INFO - Inserted economic event with ID: 7881
2025-07-04 19:09:18,374 - INFO - Inserted economic event with ID: 7882
2025-07-04 19:09:18,378 - INFO - Inserted economic event with ID: 7883


[MESSARI STDERR @ 2025-07-04 19:09:32.385057]


[TWELVE_DATA STDERR @ 2025-07-04 19:09:35.327766]


[BENZINGA STDERR @ 2025-07-04 19:13:00.312490]
2025-07-04 19:12:58,981 - WARNING - \u26a0\ufe0f Data store module not available: No module named 'sqlalchemy'


[POLYGON STDERR @ 2025-07-04 19:13:00.896658]
2025-07-04 19:13:00,663 - ERROR - [Polygon] Error fetching SPX: 'v'
2025-07-04 19:13:00,765 - ERROR - [Polygon] Error fetching NDX: 'v'
2025-07-04 19:13:00,874 - ERROR - [Polygon] Error fetching RUT: 'v'


[FMP STDERR @ 2025-07-04 19:13:04.498388]
2025-07-04 19:13:01,393 - INFO - Database tables created successfully
2025-07-04 19:13:01,393 - INFO - Database initialization completed
2025-07-04 19:13:01,393 - INFO - MacroIntel Data Store initialized with SQLAlchemy ORM
2025-07-04 19:13:01,393 - INFO - \u2705 Data store module imported successfully
2025-07-04 19:13:01,673 - INFO - Inserted economic event with ID: 7884
2025-07-04 19:13:01,677 - INFO - Inserted economic event with ID: 7885
2025-07-04 19:13:01,681 - INFO - Inserted economic event with ID: 7886
2025-07-04 19:13:01,684 - INFO - Inserted economic event with ID: 7887
2025-07-04 19:13:01,688 - INFO - Inserted economic event with ID: 7888
2025-07-04 19:13:01,692 - INFO - Inserted economic event with ID: 7889
2025-07-04 19:13:01,696 - INFO - Inserted economic event with ID: 7890
2025-07-04 19:13:01,699 - INFO - Inserted economic event with ID: 7891
2025-07-04 19:13:01,703 - INFO - Inserted economic event with ID: 7892
2025-07-04 19:13:01,707 - INFO - Inserted economic event with ID: 7893
2025-07-04 19:13:01,710 - INFO - Inserted economic event with ID: 7894
2025-07-04 19:13:01,713 - INFO - Inserted economic event with ID: 7895
2025-07-04 19:13:01,716 - INFO - Inserted economic event with ID: 7896
2025-07-04 19:13:01,720 - INFO - Inserted economic event with ID: 7897
2025-07-04 19:13:01,724 - INFO - Inserted economic event with ID: 7898
2025-07-04 19:13:01,727 - INFO - Inserted economic event with ID: 7899
2025-07-04 19:13:01,731 - INFO - Inserted economic event with ID: 7900
2025-07-04 19:13:01,735 - INFO - Inserted economic event with ID: 7901
2025-07-04 19:13:01,738 - INFO - Inserted economic event with ID: 7902
2025-07-04 19:13:01,742 - INFO - Inserted economic event with ID: 7903
2025-07-04 19:13:01,745 - INFO - Inserted economic event with ID: 7904
2025-07-04 19:13:01,748 - INFO - Inserted economic event with ID: 7905
2025-07-04 19:13:01,752 - INFO - Inserted economic event with ID: 7906
2025-07-04 19:13:01,755 - INFO - Inserted economic event with ID: 7907
2025-07-04 19:13:01,759 - INFO - Inserted economic event with ID: 7908
2025-07-04 19:13:01,763 - INFO - Inserted economic event with ID: 7909
2025-07-04 19:13:01,766 - INFO - Inserted economic event with ID: 7910
2025-07-04 19:13:01,769 - INFO - Inserted economic event with ID: 7911
2025-07-04 19:13:01,773 - INFO - Inserted economic event with ID: 7912
2025-07-04 19:13:01,777 - INFO - Inserted economic event with ID: 7913
2025-07-04 19:13:01,780 - INFO - Inserted economic event with ID: 7914
2025-07-04 19:13:01,784 - INFO - Inserted economic event with ID: 7915
2025-07-04 19:13:01,787 - INFO - Inserted economic event with ID: 7916
2025-07-04 19:13:01,790 - INFO - Inserted economic event with ID: 7917
2025-07-04 19:13:01,794 - INFO - Inserted economic event with ID: 7918
2025-07-04 19:13:01,798 - INFO - Inserted economic event with ID: 7919
2025-07-04 19:13:01,802 - INFO - Inserted economic event with ID: 7920
2025-07-04 19:13:01,806 - INFO - Inserted economic event with ID: 7921
2025-07-04 19:13:01,810 - INFO - Inserted economic event with ID: 7922
2025-07-04 19:13:01,814 - INFO - Inserted economic event with ID: 7923
2025-07-04 19:13:01,817 - INFO - Inserted economic event with ID: 7924
2025-07-04 19:13:01,820 - INFO - Inserted economic event with ID: 7925
2025-07-04 19:13:01,824 - INFO - Inserted economic event with ID: 7926
2025-07-04 19:13:01,827 - INFO - Inserted economic event with ID: 7927
2025-07-04 19:13:01,831 - INFO - Inserted economic event with ID: 7928
2025-07-04 19:13:01,835 - INFO - Inserted economic event with ID: 7929
2025-07-04 19:13:01,838 - INFO - Inserted economic event with ID: 7930
2025-07-04 19:13:01,842 - INFO - Inserted economic event with ID: 7931
2025-07-04 19:13:01,845 - INFO - Inserted economic event with ID: 7932
2025-07-04 19:13:01,849 - INFO - Inserted economic event with ID: 7933
2025-07-04 19:13:01,852 - INFO - Inserted economic event with ID: 7934
2025-07-04 19:13:01,856 - INFO - Inserted economic event with ID: 7935
2025-07-04 19:13:01,859 - INFO - Inserted economic event with ID: 7936
2025-07-04 19:13:01,863 - INFO - Inserted economic event with ID: 7937
2025-07-04 19:13:01,866 - INFO - Inserted economic event with ID: 7938
2025-07-04 19:13:01,870 - INFO - Inserted economic event with ID: 7939
2025-07-04 19:13:01,873 - INFO - Inserted economic event with ID: 7940
2025-07-04 19:13:01,877 - INFO - Inserted economic event with ID: 7941
2025-07-04 19:13:01,881 - INFO - Inserted economic event with ID: 7942
2025-07-04 19:13:01,884 - INFO - Inserted economic event with ID: 7943
2025-07-04 19:13:01,888 - INFO - Inserted economic event with ID: 7944
2025-07-04 19:13:01,893 - INFO - Inserted economic event with ID: 7945
2025-07-04 19:13:01,896 - INFO - Inserted economic event with ID: 7946
2025-07-04 19:13:01,899 - INFO - Inserted economic event with ID: 7947
2025-07-04 19:13:01,903 - INFO - Inserted economic event with ID: 7948
2025-07-04 19:13:01,907 - INFO - Inserted economic event with ID: 7949
2025-07-04 19:13:01,911 - INFO - Inserted economic event with ID: 7950
2025-07-04 19:13:01,915 - INFO - Inserted economic event with ID: 7951
2025-07-04 19:13:01,918 - INFO - Inserted economic event with ID: 7952
2025-07-04 19:13:01,922 - INFO - Inserted economic event with ID: 7953
2025-07-04 19:13:01,926 - INFO - Inserted economic event with ID: 7954
2025-07-04 19:13:01,930 - INFO - Inserted economic event with ID: 7955
2025-07-04 19:13:01,934 - INFO - Inserted economic event with ID: 7956
2025-07-04 19:13:01,939 - INFO - Inserted economic event with ID: 7957
2025-07-04 19:13:01,942 - INFO - Inserted economic event with ID: 7958
2025-07-04 19:13:01,946 - INFO - Inserted economic event with ID: 7959
2025-07-04 19:13:01,950 - INFO - Inserted economic event with ID: 7960
2025-07-04 19:13:01,953 - INFO - Inserted economic event with ID: 7961
2025-07-04 19:13:01,957 - INFO - Inserted economic event with ID: 7962
2025-07-04 19:13:01,961 - INFO - Inserted economic event with ID: 7963
2025-07-04 19:13:01,964 - INFO - Inserted economic event with ID: 7964
2025-07-04 19:13:01,968 - INFO - Inserted economic event with ID: 7965
2025-07-04 19:13:01,971 - INFO - Inserted economic event with ID: 7966
2025-07-04 19:13:01,975 - INFO - Inserted economic event with ID: 7967
2025-07-04 19:13:01,977 - INFO - Inserted economic event with ID: 7968
2025-07-04 19:13:01,982 - INFO - Inserted economic event with ID: 7969
2025-07-04 19:13:01,985 - INFO - Inserted economic event with ID: 7970
2025-07-04 19:13:01,989 - INFO - Inserted economic event with ID: 7971
2025-07-04 19:13:01,992 - INFO - Inserted economic event with ID: 7972
2025-07-04 19:13:01,996 - INFO - Inserted economic event with ID: 7973
2025-07-04 19:13:01,999 - INFO - Inserted economic event with ID: 7974
2025-07-04 19:13:02,003 - INFO - Inserted economic event with ID: 7975
2025-07-04 19:13:02,006 - INFO - Inserted economic event with ID: 7976
2025-07-04 19:13:02,011 - INFO - Inserted economic event with ID: 7977
2025-07-04 19:13:02,014 - INFO - Inserted economic event with ID: 7978
2025-07-04 19:13:02,018 - INFO - Inserted economic event with ID: 7979
2025-07-04 19:13:02,021 - INFO - Inserted economic event with ID: 7980
2025-07-04 19:13:02,025 - INFO - Inserted economic event with ID: 7981
2025-07-04 19:13:02,029 - INFO - Inserted economic event with ID: 7982
2025-07-04 19:13:02,032 - INFO - Inserted economic event with ID: 7983
2025-07-04 19:13:02,036 - INFO - Inserted economic event with ID: 7984
2025-07-04 19:13:02,039 - INFO - Inserted economic event with ID: 7985
2025-07-04 19:13:02,043 - INFO - Inserted economic event with ID: 7986
2025-07-04 19:13:02,046 - INFO - Inserted economic event with ID: 7987
2025-07-04 19:13:02,050 - INFO - Inserted economic event with ID: 7988
2025-07-04 19:13:02,054 - INFO - Inserted economic event with ID: 7989
2025-07-04 19:13:02,058 - INFO - Inserted economic event with ID: 7990
2025-07-04 19:13:02,061 - INFO - Inserted economic event with ID: 7991
2025-07-04 19:13:02,065 - INFO - Inserted economic event with ID: 7992
2025-07-04 19:13:02,069 - INFO - Inserted economic event with ID: 7993
2025-07-04 19:13:02,073 - INFO - Inserted economic event with ID: 7994
2025-07-04 19:13:02,077 - INFO - Inserted economic event with ID: 7995
2025-07-04 19:13:02,080 - INFO - Inserted economic event with ID: 7996
2025-07-04 19:13:02,085 - INFO - Inserted economic event with ID: 7997
2025-07-04 19:13:02,089 - INFO - Inserted economic event with ID: 7998
2025-07-04 19:13:02,092 - INFO - Inserted economic event with ID: 7999
2025-07-04 19:13:02,095 - INFO - Inserted economic event with ID: 8000
2025-07-04 19:13:02,099 - INFO - Inserted economic event with ID: 8001
2025-07-04 19:13:02,103 - INFO - Inserted economic event with ID: 8002
2025-07-04 19:13:02,107 - INFO - Inserted economic event with ID: 8003
2025-07-04 19:13:02,110 - INFO - Inserted economic event with ID: 8004
2025-07-04 19:13:02,114 - INFO - Inserted economic event with ID: 8005
2025-07-04 19:13:02,118 - INFO - Inserted economic event with ID: 8006
2025-07-04 19:13:02,122 - INFO - Inserted economic event with ID: 8007
2025-07-04 19:13:02,126 - INFO - Inserted economic event with ID: 8008
2025-07-04 19:13:02,129 - INFO - Inserted economic event with ID: 8009
2025-07-04 19:13:02,134 - INFO - Inserted economic event with ID: 8010
2025-07-04 19:13:02,137 - INFO - Inserted economic event with ID: 8011
2025-07-04 19:13:02,141 - INFO - Inserted economic event with ID: 8012
2025-07-04 19:13:02,144 - INFO - Inserted economic event with ID: 8013
2025-07-04 19:13:02,149 - INFO - Inserted economic event with ID: 8014
2025-07-04 19:13:02,152 - INFO - Inserted economic event with ID: 8015
2025-07-04 19:13:02,156 - INFO - Inserted economic event with ID: 8016
2025-07-04 19:13:02,160 - INFO - Inserted economic event with ID: 8017
2025-07-04 19:13:02,164 - INFO - Inserted economic event with ID: 8018
2025-07-04 19:13:02,167 - INFO - Inserted economic event with ID: 8019
2025-07-04 19:13:02,171 - INFO - Inserted economic event with ID: 8020
2025-07-04 19:13:02,175 - INFO - Inserted economic event with ID: 8021
2025-07-04 19:13:02,178 - INFO - Inserted economic event with ID: 8022
2025-07-04 19:13:02,182 - INFO - Inserted economic event with ID: 8023
2025-07-04 19:13:02,186 - INFO - Inserted economic event with ID: 8024
2025-07-04 19:13:02,190 - INFO - Inserted economic event with ID: 8025
2025-07-04 19:13:02,194 - INFO - Inserted economic event with ID: 8026
2025-07-04 19:13:02,198 - INFO - Inserted economic event with ID: 8027
2025-07-04 19:13:02,202 - INFO - Inserted economic event with ID: 8028
2025-07-04 19:13:02,206 - INFO - Inserted economic event with ID: 8029
2025-07-04 19:13:02,211 - INFO - Inserted economic event with ID: 8030
2025-07-04 19:13:02,215 - INFO - Inserted economic event with ID: 8031
2025-07-04 19:13:02,219 - INFO - Inserted economic event with ID: 8032
2025-07-04 19:13:02,222 - INFO - Inserted economic event with ID: 8033
2025-07-04 19:13:02,226 - INFO - Inserted economic event with ID: 8034
2025-07-04 19:13:02,229 - INFO - Inserted economic event with ID: 8035
2025-07-04 19:13:02,233 - INFO - Inserted economic event with ID: 8036
2025-07-04 19:13:02,237 - INFO - Inserted economic event with ID: 8037
2025-07-04 19:13:02,240 - INFO - Inserted economic event with ID: 8038
2025-07-04 19:13:02,244 - INFO - Inserted economic event with ID: 8039
2025-07-04 19:13:02,248 - INFO - Inserted economic event with ID: 8040
2025-07-04 19:13:02,252 - INFO - Inserted economic event with ID: 8041
2025-07-04 19:13:02,255 - INFO - Inserted economic event with ID: 8042
2025-07-04 19:13:02,263 - INFO - Inserted economic event with ID: 8043
2025-07-04 19:13:02,269 - INFO - Inserted economic event with ID: 8044
2025-07-04 19:13:02,275 - INFO - Inserted economic event with ID: 8045
2025-07-04 19:13:02,280 - INFO - Inserted economic event with ID: 8046
2025-07-04 19:13:02,285 - INFO - Inserted economic event with ID: 8047
2025-07-04 19:13:02,291 - INFO - Inserted economic event with ID: 8048
2025-07-04 19:13:02,296 - INFO - Inserted economic event with ID: 8049
2025-07-04 19:13:02,300 - INFO - Inserted economic event with ID: 8050
2025-07-04 19:13:02,303 - INFO - Inserted economic event with ID: 8051
2025-07-04 19:13:02,307 - INFO - Inserted economic event with ID: 8052
2025-07-04 19:13:02,311 - INFO - Inserted economic event with ID: 8053
2025-07-04 19:13:02,317 - INFO - Inserted economic event with ID: 8054
2025-07-04 19:13:02,320 - INFO - Inserted economic event with ID: 8055
2025-07-04 19:13:02,325 - INFO - Inserted economic event with ID: 8056
2025-07-04 19:13:02,329 - INFO - Inserted economic event with ID: 8057
2025-07-04 19:13:02,332 - INFO - Inserted economic event with ID: 8058
2025-07-04 19:13:02,337 - INFO - Inserted economic event with ID: 8059
2025-07-04 19:13:02,341 - INFO - Inserted economic event with ID: 8060
2025-07-04 19:13:02,346 - INFO - Inserted economic event with ID: 8061
2025-07-04 19:13:02,352 - INFO - Inserted economic event with ID: 8062
2025-07-04 19:13:02,356 - INFO - Inserted economic event with ID: 8063
2025-07-04 19:13:02,361 - INFO - Inserted economic event with ID: 8064
2025-07-04 19:13:02,366 - INFO - Inserted economic event with ID: 8065
2025-07-04 19:13:02,372 - INFO - Inserted economic event with ID: 8066
2025-07-04 19:13:02,376 - INFO - Inserted economic event with ID: 8067
2025-07-04 19:13:02,379 - INFO - Inserted economic event with ID: 8068
2025-07-04 19:13:02,384 - INFO - Inserted economic event with ID: 8069
2025-07-04 19:13:02,387 - INFO - Inserted economic event with ID: 8070
2025-07-04 19:13:02,391 - INFO - Inserted economic event with ID: 8071
2025-07-04 19:13:02,395 - INFO - Inserted economic event with ID: 8072
2025-07-04 19:13:02,399 - INFO - Inserted economic event with ID: 8073
2025-07-04 19:13:02,402 - INFO - Inserted economic event with ID: 8074
2025-07-04 19:13:02,406 - INFO - Inserted economic event with ID: 8075
2025-07-04 19:13:02,410 - INFO - Inserted economic event with ID: 8076
2025-07-04 19:13:02,414 - INFO - Inserted economic event with ID: 8077
2025-07-04 19:13:02,418 - INFO - Inserted economic event with ID: 8078
2025-07-04 19:13:02,422 - INFO - Inserted economic event with ID: 8079
2025-07-04 19:13:02,427 - INFO - Inserted economic event with ID: 8080
2025-07-04 19:13:02,431 - INFO - Inserted economic event with ID: 8081
2025-07-04 19:13:02,435 - INFO - Inserted economic event with ID: 8082
2025-07-04 19:13:02,439 - INFO - Inserted economic event with ID: 8083
2025-07-04 19:13:02,442 - INFO - Inserted economic event with ID: 8084
2025-07-04 19:13:02,446 - INFO - Inserted economic event with ID: 8085
2025-07-04 19:13:02,450 - INFO - Inserted economic event with ID: 8086
2025-07-04 19:13:02,454 - INFO - Inserted economic event with ID: 8087
2025-07-04 19:13:02,458 - INFO - Inserted economic event with ID: 8088
2025-07-04 19:13:02,462 - INFO - Inserted economic event with ID: 8089
2025-07-04 19:13:02,466 - INFO - Inserted economic event with ID: 8090
2025-07-04 19:13:02,469 - INFO - Inserted economic event with ID: 8091
2025-07-04 19:13:02,473 - INFO - Inserted economic event with ID: 8092
2025-07-04 19:13:02,477 - INFO - Inserted economic event with ID: 8093
2025-07-04 19:13:02,481 - INFO - Inserted economic event with ID: 8094
2025-07-04 19:13:02,484 - INFO - Inserted economic event with ID: 8095
2025-07-04 19:13:02,488 - INFO - Inserted economic event with ID: 8096
2025-07-04 19:13:02,492 - INFO - Inserted economic event with ID: 8097
2025-07-04 19:13:02,497 - INFO - Inserted economic event with ID: 8098
2025-07-04 19:13:02,501 - INFO - Inserted economic event with ID: 8099
2025-07-04 19:13:02,505 - INFO - Inserted economic event with ID: 8100
2025-07-04 19:13:02,509 - INFO - Inserted economic event with ID: 8101
2025-07-04 19:13:02,512 - INFO - Inserted economic event with ID: 8102
2025-07-04 19:13:02,517 - INFO - Inserted economic event with ID: 8103
2025-07-04 19:13:02,520 - INFO - Inserted economic event with ID: 8104
2025-07-04 19:13:02,524 - INFO - Inserted economic event with ID: 8105
2025-07-04 19:13:02,527 - INFO - Inserted economic event with ID: 8106
2025-07-04 19:13:02,531 - INFO - Inserted economic event with ID: 8107
2025-07-04 19:13:02,535 - INFO - Inserted economic event with ID: 8108
2025-07-04 19:13:02,538 - INFO - Inserted economic event with ID: 8109
2025-07-04 19:13:02,543 - INFO - Inserted economic event with ID: 8110
2025-07-04 19:13:02,546 - INFO - Inserted economic event with ID: 8111
2025-07-04 19:13:02,550 - INFO - Inserted economic event with ID: 8112
2025-07-04 19:13:02,553 - INFO - Inserted economic event with ID: 8113
2025-07-04 19:13:02,557 - INFO - Inserted economic event with ID: 8114
2025-07-04 19:13:02,560 - INFO - Inserted economic event with ID: 8115
2025-07-04 19:13:02,564 - INFO - Inserted economic event with ID: 8116
2025-07-04 19:13:02,567 - INFO - Inserted economic event with ID: 8117
2025-07-04 19:13:02,571 - INFO - Inserted economic event with ID: 8118
2025-07-04 19:13:02,574 - INFO - Inserted economic event with ID: 8119
2025-07-04 19:13:02,578 - INFO - Inserted economic event with ID: 8120
2025-07-04 19:13:02,582 - INFO - Inserted economic event with ID: 8121
2025-07-04 19:13:02,586 - INFO - Inserted economic event with ID: 8122
2025-07-04 19:13:02,589 - INFO - Inserted economic event with ID: 8123
2025-07-04 19:13:02,593 - INFO - Inserted economic event with ID: 8124
2025-07-04 19:13:02,598 - INFO - Inserted economic event with ID: 8125
2025-07-04 19:13:02,601 - INFO - Inserted economic event with ID: 8126
2025-07-04 19:13:02,605 - INFO - Inserted economic event with ID: 8127
2025-07-04 19:13:02,608 - INFO - Inserted economic event with ID: 8128
2025-07-04 19:13:02,613 - INFO - Inserted economic event with ID: 8129
2025-07-04 19:13:02,616 - INFO - Inserted economic event with ID: 8130
2025-07-04 19:13:02,619 - INFO - Inserted economic event with ID: 8131
2025-07-04 19:13:02,623 - INFO - Inserted economic event with ID: 8132
2025-07-04 19:13:02,626 - INFO - Inserted economic event with ID: 8133
2025-07-04 19:13:02,629 - INFO - Inserted economic event with ID: 8134
2025-07-04 19:13:02,634 - INFO - Inserted economic event with ID: 8135
2025-07-04 19:13:02,638 - INFO - Inserted economic event with ID: 8136
2025-07-04 19:13:02,643 - INFO - Inserted economic event with ID: 8137
2025-07-04 19:13:02,648 - INFO - Inserted economic event with ID: 8138
2025-07-04 19:13:02,651 - INFO - Inserted economic event with ID: 8139
2025-07-04 19:13:02,655 - INFO - Inserted economic event with ID: 8140
2025-07-04 19:13:02,658 - INFO - Inserted economic event with ID: 8141
2025-07-04 19:13:02,662 - INFO - Inserted economic event with ID: 8142
2025-07-04 19:13:02,667 - INFO - Inserted economic event with ID: 8143
2025-07-04 19:13:02,671 - INFO - Inserted economic event with ID: 8144
2025-07-04 19:13:02,675 - INFO - Inserted economic event with ID: 8145
2025-07-04 19:13:02,679 - INFO - Inserted economic event with ID: 8146
2025-07-04 19:13:02,683 - INFO - Inserted economic event with ID: 8147
2025-07-04 19:13:02,687 - INFO - Inserted economic event with ID: 8148
2025-07-04 19:13:02,691 - INFO - Inserted economic event with ID: 8149
2025-07-04 19:13:02,695 - INFO - Inserted economic event with ID: 8150
2025-07-04 19:13:02,698 - INFO - Inserted economic event with ID: 8151
2025-07-04 19:13:02,702 - INFO - Inserted economic event with ID: 8152
2025-07-04 19:13:02,706 - INFO - Inserted economic event with ID: 8153
2025-07-04 19:13:02,710 - INFO - Inserted economic event with ID: 8154
2025-07-04 19:13:02,713 - INFO - Inserted economic event with ID: 8155
2025-07-04 19:13:02,718 - INFO - Inserted economic event with ID: 8156
2025-07-04 19:13:02,723 - INFO - Inserted economic event with ID: 8157
2025-07-04 19:13:02,726 - INFO - Inserted economic event with ID: 8158
2025-07-04 19:13:02,729 - INFO - Inserted economic event with ID: 8159
2025-07-04 19:13:02,734 - INFO - Inserted economic event with ID: 8160
2025-07-04 19:13:02,739 - INFO - Inserted economic event with ID: 8161
2025-07-04 19:13:02,742 - INFO - Inserted economic event with ID: 8162
2025-07-04 19:13:02,747 - INFO - Inserted economic event with ID: 8163
2025-07-04 19:13:02,750 - INFO - Inserted economic event with ID: 8164
2025-07-04 19:13:02,754 - INFO - Inserted economic event with ID: 8165
2025-07-04 19:13:02,759 - INFO - Inserted economic event with ID: 8166
2025-07-04 19:13:02,763 - INFO - Inserted economic event with ID: 8167
2025-07-04 19:13:02,767 - INFO - Inserted economic event with ID: 8168
2025-07-04 19:13:02,771 - INFO - Inserted economic event with ID: 8169
2025-07-04 19:13:02,774 - INFO - Inserted economic event with ID: 8170
2025-07-04 19:13:02,779 - INFO - Inserted economic event with ID: 8171
2025-07-04 19:13:02,782 - INFO - Inserted economic event with ID: 8172
2025-07-04 19:13:02,786 - INFO - Inserted economic event with ID: 8173
2025-07-04 19:13:02,789 - INFO - Inserted economic event with ID: 8174
2025-07-04 19:13:02,793 - INFO - Inserted economic event with ID: 8175
2025-07-04 19:13:02,796 - INFO - Inserted economic event with ID: 8176
2025-07-04 19:13:02,801 - INFO - Inserted economic event with ID: 8177
2025-07-04 19:13:02,805 - INFO - Inserted economic event with ID: 8178
2025-07-04 19:13:02,809 - INFO - Inserted economic event with ID: 8179
2025-07-04 19:13:02,813 - INFO - Inserted economic event with ID: 8180
2025-07-04 19:13:02,817 - INFO - Inserted economic event with ID: 8181
2025-07-04 19:13:02,821 - INFO - Inserted economic event with ID: 8182
2025-07-04 19:13:02,824 - INFO - Inserted economic event with ID: 8183
2025-07-04 19:13:02,827 - INFO - Inserted economic event with ID: 8184
2025-07-04 19:13:02,831 - INFO - Inserted economic event with ID: 8185
2025-07-04 19:13:02,837 - INFO - Inserted economic event with ID: 8186
2025-07-04 19:13:02,841 - INFO - Inserted economic event with ID: 8187
2025-07-04 19:13:02,846 - INFO - Inserted economic event with ID: 8188
2025-07-04 19:13:02,851 - INFO - Inserted economic event with ID: 8189
2025-07-04 19:13:02,856 - INFO - Inserted economic event with ID: 8190
2025-07-04 19:13:02,859 - INFO - Inserted economic event with ID: 8191
2025-07-04 19:13:02,863 - INFO - Inserted economic event with ID: 8192
2025-07-04 19:13:02,866 - INFO - Inserted economic event with ID: 8193
2025-07-04 19:13:02,871 - INFO - Inserted economic event with ID: 8194
2025-07-04 19:13:02,875 - INFO - Inserted economic event with ID: 8195
2025-07-04 19:13:02,879 - INFO - Inserted economic event with ID: 8196
2025-07-04 19:13:02,883 - INFO - Inserted economic event with ID: 8197
2025-07-04 19:13:02,886 - INFO - Inserted economic event with ID: 8198
2025-07-04 19:13:02,891 - INFO - Inserted economic event with ID: 8199
2025-07-04 19:13:02,895 - INFO - Inserted economic event with ID: 8200
2025-07-04 19:13:02,900 - INFO - Inserted economic event with ID: 8201
2025-07-04 19:13:02,904 - INFO - Inserted economic event with ID: 8202
2025-07-04 19:13:02,907 - INFO - Inserted economic event with ID: 8203
2025-07-04 19:13:02,912 - INFO - Inserted economic event with ID: 8204
2025-07-04 19:13:02,915 - INFO - Inserted economic event with ID: 8205
2025-07-04 19:13:02,920 - INFO - Inserted economic event with ID: 8206
2025-07-04 19:13:02,924 - INFO - Inserted economic event with ID: 8207
2025-07-04 19:13:02,928 - INFO - Inserted economic event with ID: 8208
2025-07-04 19:13:02,932 - INFO - Inserted economic event with ID: 8209
2025-07-04 19:13:02,935 - INFO - Inserted economic event with ID: 8210
2025-07-04 19:13:02,942 - INFO - Inserted economic event with ID: 8211
2025-07-04 19:13:02,946 - INFO - Inserted economic event with ID: 8212
2025-07-04 19:13:02,949 - INFO - Inserted economic event with ID: 8213
2025-07-04 19:13:02,954 - INFO - Inserted economic event with ID: 8214
2025-07-04 19:13:02,958 - INFO - Inserted economic event with ID: 8215
2025-07-04 19:13:02,962 - INFO - Inserted economic event with ID: 8216
2025-07-04 19:13:02,966 - INFO - Inserted economic event with ID: 8217
2025-07-04 19:13:02,970 - INFO - Inserted economic event with ID: 8218
2025-07-04 19:13:02,973 - INFO - Inserted economic event with ID: 8219
2025-07-04 19:13:02,977 - INFO - Inserted economic event with ID: 8220
2025-07-04 19:13:02,981 - INFO - Inserted economic event with ID: 8221
2025-07-04 19:13:02,984 - INFO - Inserted economic event with ID: 8222
2025-07-04 19:13:02,989 - INFO - Inserted economic event with ID: 8223
2025-07-04 19:13:02,994 - INFO - Inserted economic event with ID: 8224
2025-07-04 19:13:02,997 - INFO - Inserted economic event with ID: 8225
2025-07-04 19:13:03,003 - INFO - Inserted economic event with ID: 8226
2025-07-04 19:13:03,008 - INFO - Inserted economic event with ID: 8227
2025-07-04 19:13:03,011 - INFO - Inserted economic event with ID: 8228
2025-07-04 19:13:03,015 - INFO - Inserted economic event with ID: 8229
2025-07-04 19:13:03,019 - INFO - Inserted economic event with ID: 8230
2025-07-04 19:13:03,024 - INFO - Inserted economic event with ID: 8231
2025-07-04 19:13:03,027 - INFO - Inserted economic event with ID: 8232
2025-07-04 19:13:03,032 - INFO - Inserted economic event with ID: 8233
2025-07-04 19:13:03,036 - INFO - Inserted economic event with ID: 8234
2025-07-04 19:13:03,040 - INFO - Inserted economic event with ID: 8235
2025-07-04 19:13:03,044 - INFO - Inserted economic event with ID: 8236
2025-07-04 19:13:03,047 - INFO - Inserted economic event with ID: 8237
2025-07-04 19:13:03,051 - INFO - Inserted economic event with ID: 8238
2025-07-04 19:13:03,055 - INFO - Inserted economic event with ID: 8239
2025-07-04 19:13:03,059 - INFO - Inserted economic event with ID: 8240
2025-07-04 19:13:03,063 - INFO - Inserted economic event with ID: 8241
2025-07-04 19:13:03,066 - INFO - Inserted economic event with ID: 8242
2025-07-04 19:13:03,070 - INFO - Inserted economic event with ID: 8243
2025-07-04 19:13:03,074 - INFO - Inserted economic event with ID: 8244
2025-07-04 19:13:03,078 - INFO - Inserted economic event with ID: 8245
2025-07-04 19:13:03,081 - INFO - Inserted economic event with ID: 8246
2025-07-04 19:13:03,086 - INFO - Inserted economic event with ID: 8247
2025-07-04 19:13:03,089 - INFO - Inserted economic event with ID: 8248
2025-07-04 19:13:03,093 - INFO - Inserted economic event with ID: 8249
2025-07-04 19:13:03,098 - INFO - Inserted economic event with ID: 8250
2025-07-04 19:13:03,102 - INFO - Inserted economic event with ID: 8251
2025-07-04 19:13:03,107 - INFO - Inserted economic event with ID: 8252
2025-07-04 19:13:03,111 - INFO - Inserted economic event with ID: 8253
2025-07-04 19:13:03,114 - INFO - Inserted economic event with ID: 8254
2025-07-04 19:13:03,118 - INFO - Inserted economic event with ID: 8255
2025-07-04 19:13:03,122 - INFO - Inserted economic event with ID: 8256
2025-07-04 19:13:03,126 - INFO - Inserted economic event with ID: 8257
2025-07-04 19:13:03,129 - INFO - Inserted economic event with ID: 8258
2025-07-04 19:13:03,134 - INFO - Inserted economic event with ID: 8259
2025-07-04 19:13:03,137 - INFO - Inserted economic event with ID: 8260
2025-07-04 19:13:03,141 - INFO - Inserted economic event with ID: 8261
2025-07-04 19:13:03,145 - INFO - Inserted economic event with ID: 8262
2025-07-04 19:13:03,149 - INFO - Inserted economic event with ID: 8263
2025-07-04 19:13:03,153 - INFO - Inserted economic event with ID: 8264
2025-07-04 19:13:03,157 - INFO - Inserted economic event with ID: 8265
2025-07-04 19:13:03,163 - INFO - Inserted economic event with ID: 8266
2025-07-04 19:13:03,166 - INFO - Inserted economic event with ID: 8267
2025-07-04 19:13:03,171 - INFO - Inserted economic event with ID: 8268
2025-07-04 19:13:03,174 - INFO - Inserted economic event with ID: 8269
2025-07-04 19:13:03,178 - INFO - Inserted economic event with ID: 8270
2025-07-04 19:13:03,182 - INFO - Inserted economic event with ID: 8271
2025-07-04 19:13:03,186 - INFO - Inserted economic event with ID: 8272
2025-07-04 19:13:03,190 - INFO - Inserted economic event with ID: 8273
2025-07-04 19:13:03,194 - INFO - Inserted economic event with ID: 8274
2025-07-04 19:13:03,199 - INFO - Inserted economic event with ID: 8275
2025-07-04 19:13:03,203 - INFO - Inserted economic event with ID: 8276
2025-07-04 19:13:03,206 - INFO - Inserted economic event with ID: 8277
2025-07-04 19:13:03,210 - INFO - Inserted economic event with ID: 8278
2025-07-04 19:13:03,213 - INFO - Inserted economic event with ID: 8279
2025-07-04 19:13:03,218 - INFO - Inserted economic event with ID: 8280
2025-07-04 19:13:03,221 - INFO - Inserted economic event with ID: 8281
2025-07-04 19:13:03,225 - INFO - Inserted economic event with ID: 8282
2025-07-04 19:13:03,229 - INFO - Inserted economic event with ID: 8283
2025-07-04 19:13:03,233 - INFO - Inserted economic event with ID: 8284
2025-07-04 19:13:03,237 - INFO - Inserted economic event with ID: 8285
2025-07-04 19:13:03,240 - INFO - Inserted economic event with ID: 8286
2025-07-04 19:13:03,244 - INFO - Inserted economic event with ID: 8287
2025-07-04 19:13:03,248 - INFO - Inserted economic event with ID: 8288
2025-07-04 19:13:03,252 - INFO - Inserted economic event with ID: 8289
2025-07-04 19:13:03,255 - INFO - Inserted economic event with ID: 8290
2025-07-04 19:13:03,259 - INFO - Inserted economic event with ID: 8291
2025-07-04 19:13:03,262 - INFO - Inserted economic event with ID: 8292
2025-07-04 19:13:03,266 - INFO - Inserted economic event with ID: 8293
2025-07-04 19:13:03,270 - INFO - Inserted economic event with ID: 8294
2025-07-04 19:13:03,274 - INFO - Inserted economic event with ID: 8295
2025-07-04 19:13:03,279 - INFO - Inserted economic event with ID: 8296
2025-07-04 19:13:03,282 - INFO - Inserted economic event with ID: 8297
2025-07-04 19:13:03,286 - INFO - Inserted economic event with ID: 8298
2025-07-04 19:13:03,290 - INFO - Inserted economic event with ID: 8299
2025-07-04 19:13:03,294 - INFO - Inserted economic event with ID: 8300
2025-07-04 19:13:03,297 - INFO - Inserted economic event with ID: 8301
2025-07-04 19:13:03,301 - INFO - Inserted economic event with ID: 8302
2025-07-04 19:13:03,304 - INFO - Inserted economic event with ID: 8303
2025-07-04 19:13:03,308 - INFO - Inserted economic event with ID: 8304
2025-07-04 19:13:03,312 - INFO - Inserted economic event with ID: 8305
2025-07-04 19:13:03,316 - INFO - Inserted economic event with ID: 8306
2025-07-04 19:13:03,320 - INFO - Inserted economic event with ID: 8307
2025-07-04 19:13:03,324 - INFO - Inserted economic event with ID: 8308
2025-07-04 19:13:03,328 - INFO - Inserted economic event with ID: 8309
2025-07-04 19:13:03,331 - INFO - Inserted economic event with ID: 8310
2025-07-04 19:13:03,335 - INFO - Inserted economic event with ID: 8311
2025-07-04 19:13:03,338 - INFO - Inserted economic event with ID: 8312
2025-07-04 19:13:03,342 - INFO - Inserted economic event with ID: 8313
2025-07-04 19:13:03,346 - INFO - Inserted economic event with ID: 8314
2025-07-04 19:13:03,350 - INFO - Inserted economic event with ID: 8315
2025-07-04 19:13:03,355 - INFO - Inserted economic event with ID: 8316
2025-07-04 19:13:03,359 - INFO - Inserted economic event with ID: 8317
2025-07-04 19:13:03,362 - INFO - Inserted economic event with ID: 8318
2025-07-04 19:13:03,366 - INFO - Inserted economic event with ID: 8319
2025-07-04 19:13:03,370 - INFO - Inserted economic event with ID: 8320
2025-07-04 19:13:03,374 - INFO - Inserted economic event with ID: 8321
2025-07-04 19:13:03,378 - INFO - Inserted economic event with ID: 8322
2025-07-04 19:13:03,382 - INFO - Inserted economic event with ID: 8323
2025-07-04 19:13:03,386 - INFO - Inserted economic event with ID: 8324
2025-07-04 19:13:03,390 - INFO - Inserted economic event with ID: 8325
2025-07-04 19:13:03,393 - INFO - Inserted economic event with ID: 8326
2025-07-04 19:13:03,396 - INFO - Inserted economic event with ID: 8327
2025-07-04 19:13:03,400 - INFO - Inserted economic event with ID: 8328
2025-07-04 19:13:03,404 - INFO - Inserted economic event with ID: 8329
2025-07-04 19:13:03,407 - INFO - Inserted economic event with ID: 8330
2025-07-04 19:13:03,411 - INFO - Inserted economic event with ID: 8331
2025-07-04 19:13:03,414 - INFO - Inserted economic event with ID: 8332
2025-07-04 19:13:03,418 - INFO - Inserted economic event with ID: 8333
2025-07-04 19:13:03,421 - INFO - Inserted economic event with ID: 8334
2025-07-04 19:13:03,425 - INFO - Inserted economic event with ID: 8335
2025-07-04 19:13:03,428 - INFO - Inserted economic event with ID: 8336
2025-07-04 19:13:03,432 - INFO - Inserted economic event with ID: 8337
2025-07-04 19:13:03,436 - INFO - Inserted economic event with ID: 8338
2025-07-04 19:13:03,440 - INFO - Inserted economic event with ID: 8339
2025-07-04 19:13:03,443 - INFO - Inserted economic event with ID: 8340
2025-07-04 19:13:03,447 - INFO - Inserted economic event with ID: 8341
2025-07-04 19:13:03,450 - INFO - Inserted economic event with ID: 8342
2025-07-04 19:13:03,454 - INFO - Inserted economic event with ID: 8343
2025-07-04 19:13:03,458 - INFO - Inserted economic event with ID: 8344
2025-07-04 19:13:03,461 - INFO - Inserted economic event with ID: 8345
2025-07-04 19:13:03,466 - INFO - Inserted economic event with ID: 8346
2025-07-04 19:13:03,469 - INFO - Inserted economic event with ID: 8347
2025-07-04 19:13:03,473 - INFO - Inserted economic event with ID: 8348
2025-07-04 19:13:03,476 - INFO - Inserted economic event with ID: 8349
2025-07-04 19:13:03,480 - INFO - Inserted economic event with ID: 8350
2025-07-04 19:13:03,484 - INFO - Inserted economic event with ID: 8351
2025-07-04 19:13:03,488 - INFO - Inserted economic event with ID: 8352
2025-07-04 19:13:03,491 - INFO - Inserted economic event with ID: 8353
2025-07-04 19:13:03,496 - INFO - Inserted economic event with ID: 8354
2025-07-04 19:13:03,499 - INFO - Inserted economic event with ID: 8355
2025-07-04 19:13:03,503 - INFO - Inserted economic event with ID: 8356
2025-07-04 19:13:03,506 - INFO - Inserted economic event with ID: 8357
2025-07-04 19:13:03,510 - INFO - Inserted economic event with ID: 8358
2025-07-04 19:13:03,513 - INFO - Inserted economic event with ID: 8359
2025-07-04 19:13:03,518 - INFO - Inserted economic event with ID: 8360
2025-07-04 19:13:03,522 - INFO - Inserted economic event with ID: 8361
2025-07-04 19:13:03,526 - INFO - Inserted economic event with ID: 8362
2025-07-04 19:13:03,530 - INFO - Inserted economic event with ID: 8363
2025-07-04 19:13:03,533 - INFO - Inserted economic event with ID: 8364
2025-07-04 19:13:03,537 - INFO - Inserted economic event with ID: 8365
2025-07-04 19:13:03,541 - INFO - Inserted economic event with ID: 8366
2025-07-04 19:13:03,545 - INFO - Inserted economic event with ID: 8367
2025-07-04 19:13:03,549 - INFO - Inserted economic event with ID: 8368
2025-07-04 19:13:03,553 - INFO - Inserted economic event with ID: 8369
2025-07-04 19:13:03,556 - INFO - Inserted economic event with ID: 8370
2025-07-04 19:13:03,560 - INFO - Inserted economic event with ID: 8371
2025-07-04 19:13:03,564 - INFO - Inserted economic event with ID: 8372
2025-07-04 19:13:03,567 - INFO - Inserted economic event with ID: 8373
2025-07-04 19:13:03,571 - INFO - Inserted economic event with ID: 8374
2025-07-04 19:13:03,574 - INFO - Inserted economic event with ID: 8375
2025-07-04 19:13:03,578 - INFO - Inserted economic event with ID: 8376
2025-07-04 19:13:03,582 - INFO - Inserted economic event with ID: 8377
2025-07-04 19:13:03,586 - INFO - Inserted economic event with ID: 8378
2025-07-04 19:13:03,589 - INFO - Inserted economic event with ID: 8379
2025-07-04 19:13:03,594 - INFO - Inserted economic event with ID: 8380
2025-07-04 19:13:03,598 - INFO - Inserted economic event with ID: 8381
2025-07-04 19:13:03,601 - INFO - Inserted economic event with ID: 8382
2025-07-04 19:13:03,605 - INFO - Inserted economic event with ID: 8383
2025-07-04 19:13:03,609 - INFO - Inserted economic event with ID: 8384
2025-07-04 19:13:03,613 - INFO - Inserted economic event with ID: 8385
2025-07-04 19:13:03,616 - INFO - Inserted economic event with ID: 8386
2025-07-04 19:13:03,620 - INFO - Inserted economic event with ID: 8387
2025-07-04 19:13:03,624 - INFO - Inserted economic event with ID: 8388
2025-07-04 19:13:03,627 - INFO - Inserted economic event with ID: 8389
2025-07-04 19:13:03,631 - INFO - Inserted economic event with ID: 8390
2025-07-04 19:13:03,634 - INFO - Inserted economic event with ID: 8391
2025-07-04 19:13:03,638 - INFO - Inserted economic event with ID: 8392
2025-07-04 19:13:03,643 - INFO - Inserted economic event with ID: 8393
2025-07-04 19:13:03,646 - INFO - Inserted economic event with ID: 8394
2025-07-04 19:13:03,650 - INFO - Inserted economic event with ID: 8395
2025-07-04 19:13:03,654 - INFO - Inserted economic event with ID: 8396
2025-07-04 19:13:03,658 - INFO - Inserted economic event with ID: 8397
2025-07-04 19:13:03,662 - INFO - Inserted economic event with ID: 8398
2025-07-04 19:13:03,667 - INFO - Inserted economic event with ID: 8399
2025-07-04 19:13:03,671 - INFO - Inserted economic event with ID: 8400
2025-07-04 19:13:03,675 - INFO - Inserted economic event with ID: 8401
2025-07-04 19:13:03,679 - INFO - Inserted economic event with ID: 8402
2025-07-04 19:13:03,682 - INFO - Inserted economic event with ID: 8403
2025-07-04 19:13:03,685 - INFO - Inserted economic event with ID: 8404
2025-07-04 19:13:03,689 - INFO - Inserted economic event with ID: 8405
2025-07-04 19:13:03,692 - INFO - Inserted economic event with ID: 8406
2025-07-04 19:13:03,696 - INFO - Inserted economic event with ID: 8407
2025-07-04 19:13:03,699 - INFO - Inserted economic event with ID: 8408
2025-07-04 19:13:03,703 - INFO - Inserted economic event with ID: 8409
2025-07-04 19:13:03,706 - INFO - Inserted economic event with ID: 8410
2025-07-04 19:13:03,711 - INFO - Inserted economic event with ID: 8411
2025-07-04 19:13:03,715 - INFO - Inserted economic event with ID: 8412
2025-07-04 19:13:03,720 - INFO - Inserted economic event with ID: 8413
2025-07-04 19:13:03,723 - INFO - Inserted economic event with ID: 8414
2025-07-04 19:13:03,727 - INFO - Inserted economic event with ID: 8415
2025-07-04 19:13:03,732 - INFO - Inserted economic event with ID: 8416
2025-07-04 19:13:03,736 - INFO - Inserted economic event with ID: 8417
2025-07-04 19:13:03,740 - INFO - Inserted economic event with ID: 8418
2025-07-04 19:13:03,744 - INFO - Inserted economic event with ID: 8419
2025-07-04 19:13:03,748 - INFO - Inserted economic event with ID: 8420
2025-07-04 19:13:03,753 - INFO - Inserted economic event with ID: 8421
2025-07-04 19:13:03,757 - INFO - Inserted economic event with ID: 8422
2025-07-04 19:13:03,760 - INFO - Inserted economic event with ID: 8423
2025-07-04 19:13:03,764 - INFO - Inserted economic event with ID: 8424
2025-07-04 19:13:03,768 - INFO - Inserted economic event with ID: 8425
2025-07-04 19:13:03,772 - INFO - Inserted economic event with ID: 8426
2025-07-04 19:13:03,776 - INFO - Inserted economic event with ID: 8427
2025-07-04 19:13:03,779 - INFO - Inserted economic event with ID: 8428
2025-07-04 19:13:03,783 - INFO - Inserted economic event with ID: 8429
2025-07-04 19:13:03,787 - INFO - Inserted economic event with ID: 8430
2025-07-04 19:13:03,790 - INFO - Inserted economic event with ID: 8431
2025-07-04 19:13:03,794 - INFO - Inserted economic event with ID: 8432
2025-07-04 19:13:03,798 - INFO - Inserted economic event with ID: 8433
2025-07-04 19:13:03,801 - INFO - Inserted economic event with ID: 8434
2025-07-04 19:13:03,805 - INFO - Inserted economic event with ID: 8435
2025-07-04 19:13:03,810 - INFO - Inserted economic event with ID: 8436
2025-07-04 19:13:03,814 - INFO - Inserted economic event with ID: 8437
2025-07-04 19:13:03,817 - INFO - Inserted economic event with ID: 8438
2025-07-04 19:13:03,821 - INFO - Inserted economic event with ID: 8439
2025-07-04 19:13:03,827 - INFO - Inserted economic event with ID: 8440
2025-07-04 19:13:03,831 - INFO - Inserted economic event with ID: 8441
2025-07-04 19:13:03,834 - INFO - Inserted economic event with ID: 8442
2025-07-04 19:13:03,838 - INFO - Inserted economic event with ID: 8443
2025-07-04 19:13:03,842 - INFO - Inserted economic event with ID: 8444
2025-07-04 19:13:03,845 - INFO - Inserted economic event with ID: 8445
2025-07-04 19:13:03,849 - INFO - Inserted economic event with ID: 8446
2025-07-04 19:13:03,852 - INFO - Inserted economic event with ID: 8447
2025-07-04 19:13:03,856 - INFO - Inserted economic event with ID: 8448
2025-07-04 19:13:03,859 - INFO - Inserted economic event with ID: 8449
2025-07-04 19:13:03,863 - INFO - Inserted economic event with ID: 8450
2025-07-04 19:13:03,867 - INFO - Inserted economic event with ID: 8451
2025-07-04 19:13:03,871 - INFO - Inserted economic event with ID: 8452
2025-07-04 19:13:03,875 - INFO - Inserted economic event with ID: 8453
2025-07-04 19:13:03,879 - INFO - Inserted economic event with ID: 8454
2025-07-04 19:13:03,883 - INFO - Inserted economic event with ID: 8455
2025-07-04 19:13:03,887 - INFO - Inserted economic event with ID: 8456
2025-07-04 19:13:03,892 - INFO - Inserted economic event with ID: 8457
2025-07-04 19:13:03,896 - INFO - Inserted economic event with ID: 8458
2025-07-04 19:13:03,899 - INFO - Inserted economic event with ID: 8459
2025-07-04 19:13:03,903 - INFO - Inserted economic event with ID: 8460
2025-07-04 19:13:03,907 - INFO - Inserted economic event with ID: 8461
2025-07-04 19:13:03,911 - INFO - Inserted economic event with ID: 8462
2025-07-04 19:13:03,915 - INFO - Inserted economic event with ID: 8463
2025-07-04 19:13:03,918 - INFO - Inserted economic event with ID: 8464
2025-07-04 19:13:03,922 - INFO - Inserted economic event with ID: 8465
2025-07-04 19:13:03,926 - INFO - Inserted economic event with ID: 8466
2025-07-04 19:13:03,931 - INFO - Inserted economic event with ID: 8467
2025-07-04 19:13:03,935 - INFO - Inserted economic event with ID: 8468
2025-07-04 19:13:03,938 - INFO - Inserted economic event with ID: 8469
2025-07-04 19:13:03,942 - INFO - Inserted economic event with ID: 8470
2025-07-04 19:13:03,945 - INFO - Inserted economic event with ID: 8471
2025-07-04 19:13:03,950 - INFO - Inserted economic event with ID: 8472
2025-07-04 19:13:03,954 - INFO - Inserted economic event with ID: 8473
2025-07-04 19:13:03,959 - INFO - Inserted economic event with ID: 8474
2025-07-04 19:13:03,962 - INFO - Inserted economic event with ID: 8475
2025-07-04 19:13:03,966 - INFO - Inserted economic event with ID: 8476
2025-07-04 19:13:03,969 - INFO - Inserted economic event with ID: 8477
2025-07-04 19:13:03,973 - INFO - Inserted economic event with ID: 8478
2025-07-04 19:13:03,976 - INFO - Inserted economic event with ID: 8479
2025-07-04 19:13:03,980 - INFO - Inserted economic event with ID: 8480
2025-07-04 19:13:03,983 - INFO - Inserted economic event with ID: 8481
2025-07-04 19:13:03,988 - INFO - Inserted economic event with ID: 8482
2025-07-04 19:13:03,991 - INFO - Inserted economic event with ID: 8483
2025-07-04 19:13:03,995 - INFO - Inserted economic event with ID: 8484
2025-07-04 19:13:03,998 - INFO - Inserted economic event with ID: 8485
2025-07-04 19:13:04,002 - INFO - Inserted economic event with ID: 8486
2025-07-04 19:13:04,006 - INFO - Inserted economic event with ID: 8487
2025-07-04 19:13:04,009 - INFO - Inserted economic event with ID: 8488
2025-07-04 19:13:04,014 - INFO - Inserted economic event with ID: 8489
2025-07-04 19:13:04,019 - INFO - Inserted economic event with ID: 8490
2025-07-04 19:13:04,025 - INFO - Inserted economic event with ID: 8491
2025-07-04 19:13:04,028 - INFO - Inserted economic event with ID: 8492
2025-07-04 19:13:04,032 - INFO - Inserted economic event with ID: 8493
2025-07-04 19:13:04,036 - INFO - Inserted economic event with ID: 8494
2025-07-04 19:13:04,039 - INFO - Inserted economic event with ID: 8495
2025-07-04 19:13:04,043 - INFO - Inserted economic event with ID: 8496
2025-07-04 19:13:04,046 - INFO - Inserted economic event with ID: 8497
2025-07-04 19:13:04,050 - INFO - Inserted economic event with ID: 8498
2025-07-04 19:13:04,053 - INFO - Inserted economic event with ID: 8499
2025-07-04 19:13:04,057 - INFO - Inserted economic event with ID: 8500
2025-07-04 19:13:04,061 - INFO - Inserted economic event with ID: 8501
2025-07-04 19:13:04,065 - INFO - Inserted economic event with ID: 8502
2025-07-04 19:13:04,069 - INFO - Inserted economic event with ID: 8503
2025-07-04 19:13:04,073 - INFO - Inserted economic event with ID: 8504
2025-07-04 19:13:04,077 - INFO - Inserted economic event with ID: 8505
2025-07-04 19:13:04,080 - INFO - Inserted economic event with ID: 8506
2025-07-04 19:13:04,084 - INFO - Inserted economic event with ID: 8507
2025-07-04 19:13:04,088 - INFO - Inserted economic event with ID: 8508
2025-07-04 19:13:04,091 - INFO - Inserted economic event with ID: 8509
2025-07-04 19:13:04,095 - INFO - Inserted economic event with ID: 8510
2025-07-04 19:13:04,098 - INFO - Inserted economic event with ID: 8511
2025-07-04 19:13:04,102 - INFO - Inserted economic event with ID: 8512
2025-07-04 19:13:04,106 - INFO - Inserted economic event with ID: 8513
2025-07-04 19:13:04,109 - INFO - Inserted economic event with ID: 8514
2025-07-04 19:13:04,113 - INFO - Inserted economic event with ID: 8515
2025-07-04 19:13:04,117 - INFO - Inserted economic event with ID: 8516
2025-07-04 19:13:04,121 - INFO - Inserted economic event with ID: 8517
2025-07-04 19:13:04,125 - INFO - Inserted economic event with ID: 8518
2025-07-04 19:13:04,129 - INFO - Inserted economic event with ID: 8519
2025-07-04 19:13:04,133 - INFO - Inserted economic event with ID: 8520
2025-07-04 19:13:04,137 - INFO - Inserted economic event with ID: 8521
2025-07-04 19:13:04,141 - INFO - Inserted economic event with ID: 8522
2025-07-04 19:13:04,144 - INFO - Inserted economic event with ID: 8523
2025-07-04 19:13:04,148 - INFO - Inserted economic event with ID: 8524
2025-07-04 19:13:04,152 - INFO - Inserted economic event with ID: 8525
2025-07-04 19:13:04,156 - INFO - Inserted economic event with ID: 8526
2025-07-04 19:13:04,159 - INFO - Inserted economic event with ID: 8527
2025-07-04 19:13:04,163 - INFO - Inserted economic event with ID: 8528
2025-07-04 19:13:04,167 - INFO - Inserted economic event with ID: 8529
2025-07-04 19:13:04,171 - INFO - Inserted economic event with ID: 8530
2025-07-04 19:13:04,174 - INFO - Inserted economic event with ID: 8531
2025-07-04 19:13:04,178 - INFO - Inserted economic event with ID: 8532
2025-07-04 19:13:04,181 - INFO - Inserted economic event with ID: 8533
2025-07-04 19:13:04,185 - INFO - Inserted economic event with ID: 8534
2025-07-04 19:13:04,189 - INFO - Inserted economic event with ID: 8535
2025-07-04 19:13:04,192 - INFO - Inserted economic event with ID: 8536
2025-07-04 19:13:04,197 - INFO - Inserted economic event with ID: 8537
2025-07-04 19:13:04,200 - INFO - Inserted economic event with ID: 8538
2025-07-04 19:13:04,204 - INFO - Inserted economic event with ID: 8539
2025-07-04 19:13:04,208 - INFO - Inserted economic event with ID: 8540
2025-07-04 19:13:04,212 - INFO - Inserted economic event with ID: 8541
2025-07-04 19:13:04,216 - INFO - Inserted economic event with ID: 8542
2025-07-04 19:13:04,220 - INFO - Inserted economic event with ID: 8543
2025-07-04 19:13:04,223 - INFO - Inserted economic event with ID: 8544
2025-07-04 19:13:04,229 - INFO - Inserted economic event with ID: 8545
2025-07-04 19:13:04,232 - INFO - Inserted economic event with ID: 8546
2025-07-04 19:13:04,236 - INFO - Inserted economic event with ID: 8547
2025-07-04 19:13:04,239 - INFO - Inserted economic event with ID: 8548
2025-07-04 19:13:04,243 - INFO - Inserted economic event with ID: 8549
2025-07-04 19:13:04,247 - INFO - Inserted economic event with ID: 8550
2025-07-04 19:13:04,251 - INFO - Inserted economic event with ID: 8551
2025-07-04 19:13:04,254 - INFO - Inserted economic event with ID: 8552
2025-07-04 19:13:04,259 - INFO - Inserted economic event with ID: 8553
2025-07-04 19:13:04,263 - INFO - Inserted economic event with ID: 8554
2025-07-04 19:13:04,267 - INFO - Inserted economic event with ID: 8555
2025-07-04 19:13:04,271 - INFO - Inserted economic event with ID: 8556
2025-07-04 19:13:04,275 - INFO - Inserted economic event with ID: 8557
2025-07-04 19:13:04,279 - INFO - Inserted economic event with ID: 8558
2025-07-04 19:13:04,283 - INFO - Inserted economic event with ID: 8559
2025-07-04 19:13:04,286 - INFO - Inserted economic event with ID: 8560
2025-07-04 19:13:04,289 - INFO - Inserted economic event with ID: 8561
2025-07-04 19:13:04,294 - INFO - Inserted economic event with ID: 8562
2025-07-04 19:13:04,297 - INFO - Inserted economic event with ID: 8563
2025-07-04 19:13:04,300 - INFO - Inserted economic event with ID: 8564
2025-07-04 19:13:04,303 - INFO - Inserted economic event with ID: 8565
2025-07-04 19:13:04,307 - INFO - Inserted economic event with ID: 8566
2025-07-04 19:13:04,310 - INFO - Inserted economic event with ID: 8567
2025-07-04 19:13:04,314 - INFO - Inserted economic event with ID: 8568
2025-07-04 19:13:04,318 - INFO - Inserted economic event with ID: 8569
2025-07-04 19:13:04,322 - INFO - Inserted economic event with ID: 8570
2025-07-04 19:13:04,325 - INFO - Inserted economic event with ID: 8571
2025-07-04 19:13:04,328 - INFO - Inserted economic event with ID: 8572
2025-07-04 19:13:04,331 - INFO - Inserted economic event with ID: 8573
2025-07-04 19:13:04,335 - INFO - Inserted economic event with ID: 8574
2025-07-04 19:13:04,338 - INFO - Inserted economic event with ID: 8575
2025-07-04 19:13:04,342 - INFO - Inserted economic event with ID: 8576
2025-07-04 19:13:04,345 - INFO - Inserted economic event with ID: 8577
2025-07-04 19:13:04,350 - INFO - Inserted economic event with ID: 8578
2025-07-04 19:13:04,354 - INFO - Inserted economic event with ID: 8579
2025-07-04 19:13:04,358 - INFO - Inserted economic event with ID: 8580
2025-07-04 19:13:04,361 - INFO - Inserted economic event with ID: 8581
2025-07-04 19:13:04,365 - INFO - Inserted economic event with ID: 8582
2025-07-04 19:13:04,369 - INFO - Inserted economic event with ID: 8583
2025-07-04 19:13:04,373 - INFO - Inserted economic event with ID: 8584
2025-07-04 19:13:04,377 - INFO - Inserted economic event with ID: 8585
2025-07-04 19:13:04,381 - INFO - Inserted economic event with ID: 8586
2025-07-04 19:13:04,385 - INFO - Inserted economic event with ID: 8587
2025-07-04 19:13:04,389 - INFO - Inserted economic event with ID: 8588
2025-07-04 19:13:04,393 - INFO - Inserted economic event with ID: 8589
2025-07-04 19:13:04,397 - INFO - Inserted economic event with ID: 8590
2025-07-04 19:13:04,400 - INFO - Inserted economic event with ID: 8591
2025-07-04 19:13:04,404 - INFO - Inserted economic event with ID: 8592
2025-07-04 19:13:04,408 - INFO - Inserted economic event with ID: 8593
2025-07-04 19:13:04,411 - INFO - Inserted economic event with ID: 8594
2025-07-04 19:13:04,414 - INFO - Inserted economic event with ID: 8595
2025-07-04 19:13:04,418 - INFO - Inserted economic event with ID: 8596
2025-07-04 19:13:04,422 - INFO - Inserted economic event with ID: 8597
2025-07-04 19:13:04,425 - INFO - Inserted economic event with ID: 8598
2025-07-04 19:13:04,429 - INFO - Inserted economic event with ID: 8599


[MESSARI STDERR @ 2025-07-04 19:13:09.251456]


[TWELVE_DATA STDERR @ 2025-07-04 19:13:11.472489]


[BENZINGA STDERR @ 2025-07-04 19:15:11.478128]
2025-07-04 19:15:09,972 - WARNING - \u26a0\ufe0f Data store module not available: No module named 'sqlalchemy'


[POLYGON STDERR @ 2025-07-04 19:15:12.047908]
2025-07-04 19:15:11,831 - ERROR - [Polygon] Error fetching SPX: 'v'
2025-07-04 19:15:11,933 - ERROR - [Polygon] Error fetching NDX: 'v'
2025-07-04 19:15:12,027 - ERROR - [Polygon] Error fetching RUT: 'v'


[FMP STDERR @ 2025-07-04 19:15:15.379237]
2025-07-04 19:15:12,513 - INFO - Database tables created successfully
2025-07-04 19:15:12,513 - INFO - Database initialization completed
2025-07-04 19:15:12,513 - INFO - MacroIntel Data Store initialized with SQLAlchemy ORM
2025-07-04 19:15:12,513 - INFO - \u2705 Data store module imported successfully
2025-07-04 19:15:12,771 - INFO - Inserted economic event with ID: 8600
2025-07-04 19:15:12,774 - INFO - Inserted economic event with ID: 8601
2025-07-04 19:15:12,779 - INFO - Inserted economic event with ID: 8602
2025-07-04 19:15:12,782 - INFO - Inserted economic event with ID: 8603
2025-07-04 19:15:12,785 - INFO - Inserted economic event with ID: 8604
2025-07-04 19:15:12,789 - INFO - Inserted economic event with ID: 8605
2025-07-04 19:15:12,792 - INFO - Inserted economic event with ID: 8606
2025-07-04 19:15:12,796 - INFO - Inserted economic event with ID: 8607
2025-07-04 19:15:12,800 - INFO - Inserted economic event with ID: 8608
2025-07-04 19:15:12,804 - INFO - Inserted economic event with ID: 8609
2025-07-04 19:15:12,807 - INFO - Inserted economic event with ID: 8610
2025-07-04 19:15:12,810 - INFO - Inserted economic event with ID: 8611
2025-07-04 19:15:12,813 - INFO - Inserted economic event with ID: 8612
2025-07-04 19:15:12,817 - INFO - Inserted economic event with ID: 8613
2025-07-04 19:15:12,820 - INFO - Inserted economic event with ID: 8614
2025-07-04 19:15:12,824 - INFO - Inserted economic event with ID: 8615
2025-07-04 19:15:12,827 - INFO - Inserted economic event with ID: 8616
2025-07-04 19:15:12,831 - INFO - Inserted economic event with ID: 8617
2025-07-04 19:15:12,834 - INFO - Inserted economic event with ID: 8618
2025-07-04 19:15:12,837 - INFO - Inserted economic event with ID: 8619
2025-07-04 19:15:12,841 - INFO - Inserted economic event with ID: 8620
2025-07-04 19:15:12,845 - INFO - Inserted economic event with ID: 8621
2025-07-04 19:15:12,848 - INFO - Inserted economic event with ID: 8622
2025-07-04 19:15:12,852 - INFO - Inserted economic event with ID: 8623
2025-07-04 19:15:12,855 - INFO - Inserted economic event with ID: 8624
2025-07-04 19:15:12,858 - INFO - Inserted economic event with ID: 8625
2025-07-04 19:15:12,862 - INFO - Inserted economic event with ID: 8626
2025-07-04 19:15:12,866 - INFO - Inserted economic event with ID: 8627
2025-07-04 19:15:12,869 - INFO - Inserted economic event with ID: 8628
2025-07-04 19:15:12,873 - INFO - Inserted economic event with ID: 8629
2025-07-04 19:15:12,876 - INFO - Inserted economic event with ID: 8630
2025-07-04 19:15:12,880 - INFO - Inserted economic event with ID: 8631
2025-07-04 19:15:12,883 - INFO - Inserted economic event with ID: 8632
2025-07-04 19:15:12,887 - INFO - Inserted economic event with ID: 8633
2025-07-04 19:15:12,889 - INFO - Inserted economic event with ID: 8634
2025-07-04 19:15:12,892 - INFO - Inserted economic event with ID: 8635
2025-07-04 19:15:12,897 - INFO - Inserted economic event with ID: 8636
2025-07-04 19:15:12,900 - INFO - Inserted economic event with ID: 8637
2025-07-04 19:15:12,902 - INFO - Inserted economic event with ID: 8638
2025-07-04 19:15:12,907 - INFO - Inserted economic event with ID: 8639
2025-07-04 19:15:12,910 - INFO - Inserted economic event with ID: 8640
2025-07-04 19:15:12,914 - INFO - Inserted economic event with ID: 8641
2025-07-04 19:15:12,918 - INFO - Inserted economic event with ID: 8642
2025-07-04 19:15:12,921 - INFO - Inserted economic event with ID: 8643
2025-07-04 19:15:12,924 - INFO - Inserted economic event with ID: 8644
2025-07-04 19:15:12,927 - INFO - Inserted economic event with ID: 8645
2025-07-04 19:15:12,930 - INFO - Inserted economic event with ID: 8646
2025-07-04 19:15:12,934 - INFO - Inserted economic event with ID: 8647
2025-07-04 19:15:12,938 - INFO - Inserted economic event with ID: 8648
2025-07-04 19:15:12,941 - INFO - Inserted economic event with ID: 8649
2025-07-04 19:15:12,945 - INFO - Inserted economic event with ID: 8650
2025-07-04 19:15:12,947 - INFO - Inserted economic event with ID: 8651
2025-07-04 19:15:12,951 - INFO - Inserted economic event with ID: 8652
2025-07-04 19:15:12,954 - INFO - Inserted economic event with ID: 8653
2025-07-04 19:15:12,957 - INFO - Inserted economic event with ID: 8654
2025-07-04 19:15:12,961 - INFO - Inserted economic event with ID: 8655
2025-07-04 19:15:12,964 - INFO - Inserted economic event with ID: 8656
2025-07-04 19:15:12,967 - INFO - Inserted economic event with ID: 8657
2025-07-04 19:15:12,971 - INFO - Inserted economic event with ID: 8658
2025-07-04 19:15:12,975 - INFO - Inserted economic event with ID: 8659
2025-07-04 19:15:12,978 - INFO - Inserted economic event with ID: 8660
2025-07-04 19:15:12,981 - INFO - Inserted economic event with ID: 8661
2025-07-04 19:15:12,984 - INFO - Inserted economic event with ID: 8662
2025-07-04 19:15:12,988 - INFO - Inserted economic event with ID: 8663
2025-07-04 19:15:12,991 - INFO - Inserted economic event with ID: 8664
2025-07-04 19:15:12,995 - INFO - Inserted economic event with ID: 8665
2025-07-04 19:15:12,998 - INFO - Inserted economic event with ID: 8666
2025-07-04 19:15:13,001 - INFO - Inserted economic event with ID: 8667
2025-07-04 19:15:13,006 - INFO - Inserted economic event with ID: 8668
2025-07-04 19:15:13,009 - INFO - Inserted economic event with ID: 8669
2025-07-04 19:15:13,013 - INFO - Inserted economic event with ID: 8670
2025-07-04 19:15:13,016 - INFO - Inserted economic event with ID: 8671
2025-07-04 19:15:13,020 - INFO - Inserted economic event with ID: 8672
2025-07-04 19:15:13,023 - INFO - Inserted economic event with ID: 8673
2025-07-04 19:15:13,026 - INFO - Inserted economic event with ID: 8674
2025-07-04 19:15:13,029 - INFO - Inserted economic event with ID: 8675
2025-07-04 19:15:13,033 - INFO - Inserted economic event with ID: 8676
2025-07-04 19:15:13,037 - INFO - Inserted economic event with ID: 8677
2025-07-04 19:15:13,041 - INFO - Inserted economic event with ID: 8678
2025-07-04 19:15:13,045 - INFO - Inserted economic event with ID: 8679
2025-07-04 19:15:13,049 - INFO - Inserted economic event with ID: 8680
2025-07-04 19:15:13,053 - INFO - Inserted economic event with ID: 8681
2025-07-04 19:15:13,056 - INFO - Inserted economic event with ID: 8682
2025-07-04 19:15:13,060 - INFO - Inserted economic event with ID: 8683
2025-07-04 19:15:13,063 - INFO - Inserted economic event with ID: 8684
2025-07-04 19:15:13,067 - INFO - Inserted economic event with ID: 8685
2025-07-04 19:15:13,070 - INFO - Inserted economic event with ID: 8686
2025-07-04 19:15:13,074 - INFO - Inserted economic event with ID: 8687
2025-07-04 19:15:13,077 - INFO - Inserted economic event with ID: 8688
2025-07-04 19:15:13,081 - INFO - Inserted economic event with ID: 8689
2025-07-04 19:15:13,085 - INFO - Inserted economic event with ID: 8690
2025-07-04 19:15:13,089 - INFO - Inserted economic event with ID: 8691
2025-07-04 19:15:13,093 - INFO - Inserted economic event with ID: 8692
2025-07-04 19:15:13,097 - INFO - Inserted economic event with ID: 8693
2025-07-04 19:15:13,101 - INFO - Inserted economic event with ID: 8694
2025-07-04 19:15:13,105 - INFO - Inserted economic event with ID: 8695
2025-07-04 19:15:13,109 - INFO - Inserted economic event with ID: 8696
2025-07-04 19:15:13,112 - INFO - Inserted economic event with ID: 8697
2025-07-04 19:15:13,116 - INFO - Inserted economic event with ID: 8698
2025-07-04 19:15:13,119 - INFO - Inserted economic event with ID: 8699
2025-07-04 19:15:13,122 - INFO - Inserted economic event with ID: 8700
2025-07-04 19:15:13,126 - INFO - Inserted economic event with ID: 8701
2025-07-04 19:15:13,129 - INFO - Inserted economic event with ID: 8702
2025-07-04 19:15:13,132 - INFO - Inserted economic event with ID: 8703
2025-07-04 19:15:13,136 - INFO - Inserted economic event with ID: 8704
2025-07-04 19:15:13,139 - INFO - Inserted economic event with ID: 8705
2025-07-04 19:15:13,144 - INFO - Inserted economic event with ID: 8706
2025-07-04 19:15:13,148 - INFO - Inserted economic event with ID: 8707
2025-07-04 19:15:13,152 - INFO - Inserted economic event with ID: 8708
2025-07-04 19:15:13,155 - INFO - Inserted economic event with ID: 8709
2025-07-04 19:15:13,158 - INFO - Inserted economic event with ID: 8710
2025-07-04 19:15:13,161 - INFO - Inserted economic event with ID: 8711
2025-07-04 19:15:13,165 - INFO - Inserted economic event with ID: 8712
2025-07-04 19:15:13,168 - INFO - Inserted economic event with ID: 8713
2025-07-04 19:15:13,172 - INFO - Inserted economic event with ID: 8714
2025-07-04 19:15:13,176 - INFO - Inserted economic event with ID: 8715
2025-07-04 19:15:13,179 - INFO - Inserted economic event with ID: 8716
2025-07-04 19:15:13,182 - INFO - Inserted economic event with ID: 8717
2025-07-04 19:15:13,186 - INFO - Inserted economic event with ID: 8718
2025-07-04 19:15:13,190 - INFO - Inserted economic event with ID: 8719
2025-07-04 19:15:13,194 - INFO - Inserted economic event with ID: 8720
2025-07-04 19:15:13,198 - INFO - Inserted economic event with ID: 8721
2025-07-04 19:15:13,202 - INFO - Inserted economic event with ID: 8722
2025-07-04 19:15:13,205 - INFO - Inserted economic event with ID: 8723
2025-07-04 19:15:13,209 - INFO - Inserted economic event with ID: 8724
2025-07-04 19:15:13,215 - INFO - Inserted economic event with ID: 8725
2025-07-04 19:15:13,218 - INFO - Inserted economic event with ID: 8726
2025-07-04 19:15:13,221 - INFO - Inserted economic event with ID: 8727
2025-07-04 19:15:13,225 - INFO - Inserted economic event with ID: 8728
2025-07-04 19:15:13,229 - INFO - Inserted economic event with ID: 8729
2025-07-04 19:15:13,234 - INFO - Inserted economic event with ID: 8730
2025-07-04 19:15:13,238 - INFO - Inserted economic event with ID: 8731
2025-07-04 19:15:13,241 - INFO - Inserted economic event with ID: 8732
2025-07-04 19:15:13,245 - INFO - Inserted economic event with ID: 8733
2025-07-04 19:15:13,249 - INFO - Inserted economic event with ID: 8734
2025-07-04 19:15:13,254 - INFO - Inserted economic event with ID: 8735
2025-07-04 19:15:13,257 - INFO - Inserted economic event with ID: 8736
2025-07-04 19:15:13,261 - INFO - Inserted economic event with ID: 8737
2025-07-04 19:15:13,265 - INFO - Inserted economic event with ID: 8738
2025-07-04 19:15:13,268 - INFO - Inserted economic event with ID: 8739
2025-07-04 19:15:13,272 - INFO - Inserted economic event with ID: 8740
2025-07-04 19:15:13,275 - INFO - Inserted economic event with ID: 8741
2025-07-04 19:15:13,279 - INFO - Inserted economic event with ID: 8742
2025-07-04 19:15:13,283 - INFO - Inserted economic event with ID: 8743
2025-07-04 19:15:13,287 - INFO - Inserted economic event with ID: 8744
2025-07-04 19:15:13,290 - INFO - Inserted economic event with ID: 8745
2025-07-04 19:15:13,294 - INFO - Inserted economic event with ID: 8746
2025-07-04 19:15:13,298 - INFO - Inserted economic event with ID: 8747
2025-07-04 19:15:13,301 - INFO - Inserted economic event with ID: 8748
2025-07-04 19:15:13,305 - INFO - Inserted economic event with ID: 8749
2025-07-04 19:15:13,309 - INFO - Inserted economic event with ID: 8750
2025-07-04 19:15:13,312 - INFO - Inserted economic event with ID: 8751
2025-07-04 19:15:13,316 - INFO - Inserted economic event with ID: 8752
2025-07-04 19:15:13,320 - INFO - Inserted economic event with ID: 8753
2025-07-04 19:15:13,323 - INFO - Inserted economic event with ID: 8754
2025-07-04 19:15:13,327 - INFO - Inserted economic event with ID: 8755
2025-07-04 19:15:13,331 - INFO - Inserted economic event with ID: 8756
2025-07-04 19:15:13,335 - INFO - Inserted economic event with ID: 8757
2025-07-04 19:15:13,339 - INFO - Inserted economic event with ID: 8758
2025-07-04 19:15:13,342 - INFO - Inserted economic event with ID: 8759
2025-07-04 19:15:13,346 - INFO - Inserted economic event with ID: 8760
2025-07-04 19:15:13,350 - INFO - Inserted economic event with ID: 8761
2025-07-04 19:15:13,353 - INFO - Inserted economic event with ID: 8762
2025-07-04 19:15:13,357 - INFO - Inserted economic event with ID: 8763
2025-07-04 19:15:13,361 - INFO - Inserted economic event with ID: 8764
2025-07-04 19:15:13,365 - INFO - Inserted economic event with ID: 8765
2025-07-04 19:15:13,368 - INFO - Inserted economic event with ID: 8766
2025-07-04 19:15:13,371 - INFO - Inserted economic event with ID: 8767
2025-07-04 19:15:13,377 - INFO - Inserted economic event with ID: 8768
2025-07-04 19:15:13,381 - INFO - Inserted economic event with ID: 8769
2025-07-04 19:15:13,384 - INFO - Inserted economic event with ID: 8770
2025-07-04 19:15:13,388 - INFO - Inserted economic event with ID: 8771
2025-07-04 19:15:13,391 - INFO - Inserted economic event with ID: 8772
2025-07-04 19:15:13,395 - INFO - Inserted economic event with ID: 8773
2025-07-04 19:15:13,398 - INFO - Inserted economic event with ID: 8774
2025-07-04 19:15:13,401 - INFO - Inserted economic event with ID: 8775
2025-07-04 19:15:13,405 - INFO - Inserted economic event with ID: 8776
2025-07-04 19:15:13,409 - INFO - Inserted economic event with ID: 8777
2025-07-04 19:15:13,412 - INFO - Inserted economic event with ID: 8778
2025-07-04 19:15:13,415 - INFO - Inserted economic event with ID: 8779
2025-07-04 19:15:13,418 - INFO - Inserted economic event with ID: 8780
2025-07-04 19:15:13,422 - INFO - Inserted economic event with ID: 8781
2025-07-04 19:15:13,426 - INFO - Inserted economic event with ID: 8782
2025-07-04 19:15:13,429 - INFO - Inserted economic event with ID: 8783
2025-07-04 19:15:13,433 - INFO - Inserted economic event with ID: 8784
2025-07-04 19:15:13,437 - INFO - Inserted economic event with ID: 8785
2025-07-04 19:15:13,440 - INFO - Inserted economic event with ID: 8786
2025-07-04 19:15:13,444 - INFO - Inserted economic event with ID: 8787
2025-07-04 19:15:13,447 - INFO - Inserted economic event with ID: 8788
2025-07-04 19:15:13,452 - INFO - Inserted economic event with ID: 8789
2025-07-04 19:15:13,456 - INFO - Inserted economic event with ID: 8790
2025-07-04 19:15:13,459 - INFO - Inserted economic event with ID: 8791
2025-07-04 19:15:13,462 - INFO - Inserted economic event with ID: 8792
2025-07-04 19:15:13,466 - INFO - Inserted economic event with ID: 8793
2025-07-04 19:15:13,469 - INFO - Inserted economic event with ID: 8794
2025-07-04 19:15:13,473 - INFO - Inserted economic event with ID: 8795
2025-07-04 19:15:13,475 - INFO - Inserted economic event with ID: 8796
2025-07-04 19:15:13,479 - INFO - Inserted economic event with ID: 8797
2025-07-04 19:15:13,483 - INFO - Inserted economic event with ID: 8798
2025-07-04 19:15:13,487 - INFO - Inserted economic event with ID: 8799
2025-07-04 19:15:13,491 - INFO - Inserted economic event with ID: 8800
2025-07-04 19:15:13,495 - INFO - Inserted economic event with ID: 8801
2025-07-04 19:15:13,499 - INFO - Inserted economic event with ID: 8802
2025-07-04 19:15:13,502 - INFO - Inserted economic event with ID: 8803
2025-07-04 19:15:13,506 - INFO - Inserted economic event with ID: 8804
2025-07-04 19:15:13,510 - INFO - Inserted economic event with ID: 8805
2025-07-04 19:15:13,514 - INFO - Inserted economic event with ID: 8806
2025-07-04 19:15:13,517 - INFO - Inserted economic event with ID: 8807
2025-07-04 19:15:13,521 - INFO - Inserted economic event with ID: 8808
2025-07-04 19:15:13,524 - INFO - Inserted economic event with ID: 8809
2025-07-04 19:15:13,527 - INFO - Inserted economic event with ID: 8810
2025-07-04 19:15:13,531 - INFO - Inserted economic event with ID: 8811
2025-07-04 19:15:13,534 - INFO - Inserted economic event with ID: 8812
2025-07-04 19:15:13,538 - INFO - Inserted economic event with ID: 8813
2025-07-04 19:15:13,541 - INFO - Inserted economic event with ID: 8814
2025-07-04 19:15:13,544 - INFO - Inserted economic event with ID: 8815
2025-07-04 19:15:13,550 - INFO - Inserted economic event with ID: 8816
2025-07-04 19:15:13,556 - INFO - Inserted economic event with ID: 8817
2025-07-04 19:15:13,562 - INFO - Inserted economic event with ID: 8818
2025-07-04 19:15:13,566 - INFO - Inserted economic event with ID: 8819
2025-07-04 19:15:13,573 - INFO - Inserted economic event with ID: 8820
2025-07-04 19:15:13,579 - INFO - Inserted economic event with ID: 8821
2025-07-04 19:15:13,584 - INFO - Inserted economic event with ID: 8822
2025-07-04 19:15:13,589 - INFO - Inserted economic event with ID: 8823
2025-07-04 19:15:13,595 - INFO - Inserted economic event with ID: 8824
2025-07-04 19:15:13,600 - INFO - Inserted economic event with ID: 8825
2025-07-04 19:15:13,606 - INFO - Inserted economic event with ID: 8826
2025-07-04 19:15:13,611 - INFO - Inserted economic event with ID: 8827
2025-07-04 19:15:13,616 - INFO - Inserted economic event with ID: 8828
2025-07-04 19:15:13,621 - INFO - Inserted economic event with ID: 8829
2025-07-04 19:15:13,627 - INFO - Inserted economic event with ID: 8830
2025-07-04 19:15:13,630 - INFO - Inserted economic event with ID: 8831
2025-07-04 19:15:13,635 - INFO - Inserted economic event with ID: 8832
2025-07-04 19:15:13,639 - INFO - Inserted economic event with ID: 8833
2025-07-04 19:15:13,643 - INFO - Inserted economic event with ID: 8834
2025-07-04 19:15:13,647 - INFO - Inserted economic event with ID: 8835
2025-07-04 19:15:13,652 - INFO - Inserted economic event with ID: 8836
2025-07-04 19:15:13,656 - INFO - Inserted economic event with ID: 8837
2025-07-04 19:15:13,662 - INFO - Inserted economic event with ID: 8838
2025-07-04 19:15:13,667 - INFO - Inserted economic event with ID: 8839
2025-07-04 19:15:13,671 - INFO - Inserted economic event with ID: 8840
2025-07-04 19:15:13,674 - INFO - Inserted economic event with ID: 8841
2025-07-04 19:15:13,678 - INFO - Inserted economic event with ID: 8842
2025-07-04 19:15:13,681 - INFO - Inserted economic event with ID: 8843
2025-07-04 19:15:13,684 - INFO - Inserted economic event with ID: 8844
2025-07-04 19:15:13,688 - INFO - Inserted economic event with ID: 8845
2025-07-04 19:15:13,691 - INFO - Inserted economic event with ID: 8846
2025-07-04 19:15:13,695 - INFO - Inserted economic event with ID: 8847
2025-07-04 19:15:13,699 - INFO - Inserted economic event with ID: 8848
2025-07-04 19:15:13,703 - INFO - Inserted economic event with ID: 8849
2025-07-04 19:15:13,707 - INFO - Inserted economic event with ID: 8850
2025-07-04 19:15:13,710 - INFO - Inserted economic event with ID: 8851
2025-07-04 19:15:13,714 - INFO - Inserted economic event with ID: 8852
2025-07-04 19:15:13,717 - INFO - Inserted economic event with ID: 8853
2025-07-04 19:15:13,721 - INFO - Inserted economic event with ID: 8854
2025-07-04 19:15:13,724 - INFO - Inserted economic event with ID: 8855
2025-07-04 19:15:13,727 - INFO - Inserted economic event with ID: 8856
2025-07-04 19:15:13,731 - INFO - Inserted economic event with ID: 8857
2025-07-04 19:15:13,734 - INFO - Inserted economic event with ID: 8858
2025-07-04 19:15:13,738 - INFO - Inserted economic event with ID: 8859
2025-07-04 19:15:13,742 - INFO - Inserted economic event with ID: 8860
2025-07-04 19:15:13,745 - INFO - Inserted economic event with ID: 8861
2025-07-04 19:15:13,749 - INFO - Inserted economic event with ID: 8862
2025-07-04 19:15:13,752 - INFO - Inserted economic event with ID: 8863
2025-07-04 19:15:13,756 - INFO - Inserted economic event with ID: 8864
2025-07-04 19:15:13,759 - INFO - Inserted economic event with ID: 8865
2025-07-04 19:15:13,762 - INFO - Inserted economic event with ID: 8866
2025-07-04 19:15:13,765 - INFO - Inserted economic event with ID: 8867
2025-07-04 19:15:13,769 - INFO - Inserted economic event with ID: 8868
2025-07-04 19:15:13,772 - INFO - Inserted economic event with ID: 8869
2025-07-04 19:15:13,777 - INFO - Inserted economic event with ID: 8870
2025-07-04 19:15:13,780 - INFO - Inserted economic event with ID: 8871
2025-07-04 19:15:13,784 - INFO - Inserted economic event with ID: 8872
2025-07-04 19:15:13,787 - INFO - Inserted economic event with ID: 8873
2025-07-04 19:15:13,790 - INFO - Inserted economic event with ID: 8874
2025-07-04 19:15:13,793 - INFO - Inserted economic event with ID: 8875
2025-07-04 19:15:13,796 - INFO - Inserted economic event with ID: 8876
2025-07-04 19:15:13,800 - INFO - Inserted economic event with ID: 8877
2025-07-04 19:15:13,804 - INFO - Inserted economic event with ID: 8878
2025-07-04 19:15:13,808 - INFO - Inserted economic event with ID: 8879
2025-07-04 19:15:13,812 - INFO - Inserted economic event with ID: 8880
2025-07-04 19:15:13,817 - INFO - Inserted economic event with ID: 8881
2025-07-04 19:15:13,821 - INFO - Inserted economic event with ID: 8882
2025-07-04 19:15:13,825 - INFO - Inserted economic event with ID: 8883
2025-07-04 19:15:13,828 - INFO - Inserted economic event with ID: 8884
2025-07-04 19:15:13,832 - INFO - Inserted economic event with ID: 8885
2025-07-04 19:15:13,836 - INFO - Inserted economic event with ID: 8886
2025-07-04 19:15:13,839 - INFO - Inserted economic event with ID: 8887
2025-07-04 19:15:13,844 - INFO - Inserted economic event with ID: 8888
2025-07-04 19:15:13,848 - INFO - Inserted economic event with ID: 8889
2025-07-04 19:15:13,852 - INFO - Inserted economic event with ID: 8890
2025-07-04 19:15:13,856 - INFO - Inserted economic event with ID: 8891
2025-07-04 19:15:13,860 - INFO - Inserted economic event with ID: 8892
2025-07-04 19:15:13,863 - INFO - Inserted economic event with ID: 8893
2025-07-04 19:15:13,867 - INFO - Inserted economic event with ID: 8894
2025-07-04 19:15:13,871 - INFO - Inserted economic event with ID: 8895
2025-07-04 19:15:13,875 - INFO - Inserted economic event with ID: 8896
2025-07-04 19:15:13,879 - INFO - Inserted economic event with ID: 8897
2025-07-04 19:15:13,882 - INFO - Inserted economic event with ID: 8898
2025-07-04 19:15:13,887 - INFO - Inserted economic event with ID: 8899
2025-07-04 19:15:13,890 - INFO - Inserted economic event with ID: 8900
2025-07-04 19:15:13,894 - INFO - Inserted economic event with ID: 8901
2025-07-04 19:15:13,897 - INFO - Inserted economic event with ID: 8902
2025-07-04 19:15:13,901 - INFO - Inserted economic event with ID: 8903
2025-07-04 19:15:13,904 - INFO - Inserted economic event with ID: 8904
2025-07-04 19:15:13,909 - INFO - Inserted economic event with ID: 8905
2025-07-04 19:15:13,913 - INFO - Inserted economic event with ID: 8906
2025-07-04 19:15:13,917 - INFO - Inserted economic event with ID: 8907
2025-07-04 19:15:13,920 - INFO - Inserted economic event with ID: 8908
2025-07-04 19:15:13,924 - INFO - Inserted economic event with ID: 8909
2025-07-04 19:15:13,928 - INFO - Inserted economic event with ID: 8910
2025-07-04 19:15:13,932 - INFO - Inserted economic event with ID: 8911
2025-07-04 19:15:13,935 - INFO - Inserted economic event with ID: 8912
2025-07-04 19:15:13,939 - INFO - Inserted economic event with ID: 8913
2025-07-04 19:15:13,943 - INFO - Inserted economic event with ID: 8914
2025-07-04 19:15:13,947 - INFO - Inserted economic event with ID: 8915
2025-07-04 19:15:13,950 - INFO - Inserted economic event with ID: 8916
2025-07-04 19:15:13,954 - INFO - Inserted economic event with ID: 8917
2025-07-04 19:15:13,958 - INFO - Inserted economic event with ID: 8918
2025-07-04 19:15:13,962 - INFO - Inserted economic event with ID: 8919
2025-07-04 19:15:13,965 - INFO - Inserted economic event with ID: 8920
2025-07-04 19:15:13,969 - INFO - Inserted economic event with ID: 8921
2025-07-04 19:15:13,973 - INFO - Inserted economic event with ID: 8922
2025-07-04 19:15:13,976 - INFO - Inserted economic event with ID: 8923
2025-07-04 19:15:13,980 - INFO - Inserted economic event with ID: 8924
2025-07-04 19:15:13,984 - INFO - Inserted economic event with ID: 8925
2025-07-04 19:15:13,988 - INFO - Inserted economic event with ID: 8926
2025-07-04 19:15:13,992 - INFO - Inserted economic event with ID: 8927
2025-07-04 19:15:13,996 - INFO - Inserted economic event with ID: 8928
2025-07-04 19:15:14,000 - INFO - Inserted economic event with ID: 8929
2025-07-04 19:15:14,003 - INFO - Inserted economic event with ID: 8930
2025-07-04 19:15:14,007 - INFO - Inserted economic event with ID: 8931
2025-07-04 19:15:14,010 - INFO - Inserted economic event with ID: 8932
2025-07-04 19:15:14,015 - INFO - Inserted economic event with ID: 8933
2025-07-04 19:15:14,018 - INFO - Inserted economic event with ID: 8934
2025-07-04 19:15:14,022 - INFO - Inserted economic event with ID: 8935
2025-07-04 19:15:14,025 - INFO - Inserted economic event with ID: 8936
2025-07-04 19:15:14,028 - INFO - Inserted economic event with ID: 8937
2025-07-04 19:15:14,032 - INFO - Inserted economic event with ID: 8938
2025-07-04 19:15:14,035 - INFO - Inserted economic event with ID: 8939
2025-07-04 19:15:14,039 - INFO - Inserted economic event with ID: 8940
2025-07-04 19:15:14,042 - INFO - Inserted economic event with ID: 8941
2025-07-04 19:15:14,046 - INFO - Inserted economic event with ID: 8942
2025-07-04 19:15:14,049 - INFO - Inserted economic event with ID: 8943
2025-07-04 19:15:14,053 - INFO - Inserted economic event with ID: 8944
2025-07-04 19:15:14,056 - INFO - Inserted economic event with ID: 8945
2025-07-04 19:15:14,059 - INFO - Inserted economic event with ID: 8946
2025-07-04 19:15:14,062 - INFO - Inserted economic event with ID: 8947
2025-07-04 19:15:14,066 - INFO - Inserted economic event with ID: 8948
2025-07-04 19:15:14,069 - INFO - Inserted economic event with ID: 8949
2025-07-04 19:15:14,074 - INFO - Inserted economic event with ID: 8950
2025-07-04 19:15:14,077 - INFO - Inserted economic event with ID: 8951
2025-07-04 19:15:14,081 - INFO - Inserted economic event with ID: 8952
2025-07-04 19:15:14,085 - INFO - Inserted economic event with ID: 8953
2025-07-04 19:15:14,088 - INFO - Inserted economic event with ID: 8954
2025-07-04 19:15:14,092 - INFO - Inserted economic event with ID: 8955
2025-07-04 19:15:14,095 - INFO - Inserted economic event with ID: 8956
2025-07-04 19:15:14,099 - INFO - Inserted economic event with ID: 8957
2025-07-04 19:15:14,102 - INFO - Inserted economic event with ID: 8958
2025-07-04 19:15:14,106 - INFO - Inserted economic event with ID: 8959
2025-07-04 19:15:14,109 - INFO - Inserted economic event with ID: 8960
2025-07-04 19:15:14,112 - INFO - Inserted economic event with ID: 8961
2025-07-04 19:15:14,115 - INFO - Inserted economic event with ID: 8962
2025-07-04 19:15:14,120 - INFO - Inserted economic event with ID: 8963
2025-07-04 19:15:14,124 - INFO - Inserted economic event with ID: 8964
2025-07-04 19:15:14,127 - INFO - Inserted economic event with ID: 8965
2025-07-04 19:15:14,131 - INFO - Inserted economic event with ID: 8966
2025-07-04 19:15:14,134 - INFO - Inserted economic event with ID: 8967
2025-07-04 19:15:14,138 - INFO - Inserted economic event with ID: 8968
2025-07-04 19:15:14,142 - INFO - Inserted economic event with ID: 8969
2025-07-04 19:15:14,146 - INFO - Inserted economic event with ID: 8970
2025-07-04 19:15:14,150 - INFO - Inserted economic event with ID: 8971
2025-07-04 19:15:14,154 - INFO - Inserted economic event with ID: 8972
2025-07-04 19:15:14,159 - INFO - Inserted economic event with ID: 8973
2025-07-04 19:15:14,163 - INFO - Inserted economic event with ID: 8974
2025-07-04 19:15:14,166 - INFO - Inserted economic event with ID: 8975
2025-07-04 19:15:14,169 - INFO - Inserted economic event with ID: 8976
2025-07-04 19:15:14,172 - INFO - Inserted economic event with ID: 8977
2025-07-04 19:15:14,175 - INFO - Inserted economic event with ID: 8978
2025-07-04 19:15:14,179 - INFO - Inserted economic event with ID: 8979
2025-07-04 19:15:14,182 - INFO - Inserted economic event with ID: 8980
2025-07-04 19:15:14,185 - INFO - Inserted economic event with ID: 8981
2025-07-04 19:15:14,189 - INFO - Inserted economic event with ID: 8982
2025-07-04 19:15:14,193 - INFO - Inserted economic event with ID: 8983
2025-07-04 19:15:14,196 - INFO - Inserted economic event with ID: 8984
2025-07-04 19:15:14,200 - INFO - Inserted economic event with ID: 8985
2025-07-04 19:15:14,203 - INFO - Inserted economic event with ID: 8986
2025-07-04 19:15:14,207 - INFO - Inserted economic event with ID: 8987
2025-07-04 19:15:14,210 - INFO - Inserted economic event with ID: 8988
2025-07-04 19:15:14,214 - INFO - Inserted economic event with ID: 8989
2025-07-04 19:15:14,217 - INFO - Inserted economic event with ID: 8990
2025-07-04 19:15:14,220 - INFO - Inserted economic event with ID: 8991
2025-07-04 19:15:14,224 - INFO - Inserted economic event with ID: 8992
2025-07-04 19:15:14,228 - INFO - Inserted economic event with ID: 8993
2025-07-04 19:15:14,231 - INFO - Inserted economic event with ID: 8994
2025-07-04 19:15:14,235 - INFO - Inserted economic event with ID: 8995
2025-07-04 19:15:14,238 - INFO - Inserted economic event with ID: 8996
2025-07-04 19:15:14,242 - INFO - Inserted economic event with ID: 8997
2025-07-04 19:15:14,245 - INFO - Inserted economic event with ID: 8998
2025-07-04 19:15:14,249 - INFO - Inserted economic event with ID: 8999
2025-07-04 19:15:14,252 - INFO - Inserted economic event with ID: 9000
2025-07-04 19:15:14,256 - INFO - Inserted economic event with ID: 9001
2025-07-04 19:15:14,259 - INFO - Inserted economic event with ID: 9002
2025-07-04 19:15:14,263 - INFO - Inserted economic event with ID: 9003
2025-07-04 19:15:14,266 - INFO - Inserted economic event with ID: 9004
2025-07-04 19:15:14,269 - INFO - Inserted economic event with ID: 9005
2025-07-04 19:15:14,272 - INFO - Inserted economic event with ID: 9006
2025-07-04 19:15:14,276 - INFO - Inserted economic event with ID: 9007
2025-07-04 19:15:14,279 - INFO - Inserted economic event with ID: 9008
2025-07-04 19:15:14,282 - INFO - Inserted economic event with ID: 9009
2025-07-04 19:15:14,286 - INFO - Inserted economic event with ID: 9010
2025-07-04 19:15:14,288 - INFO - Inserted economic event with ID: 9011
2025-07-04 19:15:14,292 - INFO - Inserted economic event with ID: 9012
2025-07-04 19:15:14,295 - INFO - Inserted economic event with ID: 9013
2025-07-04 19:15:14,298 - INFO - Inserted economic event with ID: 9014
2025-07-04 19:15:14,301 - INFO - Inserted economic event with ID: 9015
2025-07-04 19:15:14,304 - INFO - Inserted economic event with ID: 9016
2025-07-04 19:15:14,308 - INFO - Inserted economic event with ID: 9017
2025-07-04 19:15:14,311 - INFO - Inserted economic event with ID: 9018
2025-07-04 19:15:14,314 - INFO - Inserted economic event with ID: 9019
2025-07-04 19:15:14,318 - INFO - Inserted economic event with ID: 9020
2025-07-04 19:15:14,322 - INFO - Inserted economic event with ID: 9021
2025-07-04 19:15:14,325 - INFO - Inserted economic event with ID: 9022
2025-07-04 19:15:14,328 - INFO - Inserted economic event with ID: 9023
2025-07-04 19:15:14,332 - INFO - Inserted economic event with ID: 9024
2025-07-04 19:15:14,335 - INFO - Inserted economic event with ID: 9025
2025-07-04 19:15:14,339 - INFO - Inserted economic event with ID: 9026
2025-07-04 19:15:14,342 - INFO - Inserted economic event with ID: 9027
2025-07-04 19:15:14,345 - INFO - Inserted economic event with ID: 9028
2025-07-04 19:15:14,349 - INFO - Inserted economic event with ID: 9029
2025-07-04 19:15:14,352 - INFO - Inserted economic event with ID: 9030
2025-07-04 19:15:14,355 - INFO - Inserted economic event with ID: 9031
2025-07-04 19:15:14,357 - INFO - Inserted economic event with ID: 9032
2025-07-04 19:15:14,361 - INFO - Inserted economic event with ID: 9033
2025-07-04 19:15:14,365 - INFO - Inserted economic event with ID: 9034
2025-07-04 19:15:14,368 - INFO - Inserted economic event with ID: 9035
2025-07-04 19:15:14,372 - INFO - Inserted economic event with ID: 9036
2025-07-04 19:15:14,376 - INFO - Inserted economic event with ID: 9037
2025-07-04 19:15:14,379 - INFO - Inserted economic event with ID: 9038
2025-07-04 19:15:14,382 - INFO - Inserted economic event with ID: 9039
2025-07-04 19:15:14,385 - INFO - Inserted economic event with ID: 9040
2025-07-04 19:15:14,388 - INFO - Inserted economic event with ID: 9041
2025-07-04 19:15:14,392 - INFO - Inserted economic event with ID: 9042
2025-07-04 19:15:14,395 - INFO - Inserted economic event with ID: 9043
2025-07-04 19:15:14,398 - INFO - Inserted economic event with ID: 9044
2025-07-04 19:15:14,402 - INFO - Inserted economic event with ID: 9045
2025-07-04 19:15:14,404 - INFO - Inserted economic event with ID: 9046
2025-07-04 19:15:14,408 - INFO - Inserted economic event with ID: 9047
2025-07-04 19:15:14,412 - INFO - Inserted economic event with ID: 9048
2025-07-04 19:15:14,414 - INFO - Inserted economic event with ID: 9049
2025-07-04 19:15:14,418 - INFO - Inserted economic event with ID: 9050
2025-07-04 19:15:14,422 - INFO - Inserted economic event with ID: 9051
2025-07-04 19:15:14,425 - INFO - Inserted economic event with ID: 9052
2025-07-04 19:15:14,429 - INFO - Inserted economic event with ID: 9053
2025-07-04 19:15:14,432 - INFO - Inserted economic event with ID: 9054
2025-07-04 19:15:14,435 - INFO - Inserted economic event with ID: 9055
2025-07-04 19:15:14,438 - INFO - Inserted economic event with ID: 9056
2025-07-04 19:15:14,442 - INFO - Inserted economic event with ID: 9057
2025-07-04 19:15:14,446 - INFO - Inserted economic event with ID: 9058
2025-07-04 19:15:14,449 - INFO - Inserted economic event with ID: 9059
2025-07-04 19:15:14,452 - INFO - Inserted economic event with ID: 9060
2025-07-04 19:15:14,454 - INFO - Inserted economic event with ID: 9061
2025-07-04 19:15:14,458 - INFO - Inserted economic event with ID: 9062
2025-07-04 19:15:14,462 - INFO - Inserted economic event with ID: 9063
2025-07-04 19:15:14,465 - INFO - Inserted economic event with ID: 9064
2025-07-04 19:15:14,468 - INFO - Inserted economic event with ID: 9065
2025-07-04 19:15:14,471 - INFO - Inserted economic event with ID: 9066
2025-07-04 19:15:14,474 - INFO - Inserted economic event with ID: 9067
2025-07-04 19:15:14,478 - INFO - Inserted economic event with ID: 9068
2025-07-04 19:15:14,480 - INFO - Inserted economic event with ID: 9069
2025-07-04 19:15:14,484 - INFO - Inserted economic event with ID: 9070
2025-07-04 19:15:14,488 - INFO - Inserted economic event with ID: 9071
2025-07-04 19:15:14,491 - INFO - Inserted economic event with ID: 9072
2025-07-04 19:15:14,494 - INFO - Inserted economic event with ID: 9073
2025-07-04 19:15:14,498 - INFO - Inserted economic event with ID: 9074
2025-07-04 19:15:14,501 - INFO - Inserted economic event with ID: 9075
2025-07-04 19:15:14,504 - INFO - Inserted economic event with ID: 9076
2025-07-04 19:15:14,508 - INFO - Inserted economic event with ID: 9077
2025-07-04 19:15:14,511 - INFO - Inserted economic event with ID: 9078
2025-07-04 19:15:14,515 - INFO - Inserted economic event with ID: 9079
2025-07-04 19:15:14,518 - INFO - Inserted economic event with ID: 9080
2025-07-04 19:15:14,522 - INFO - Inserted economic event with ID: 9081
2025-07-04 19:15:14,525 - INFO - Inserted economic event with ID: 9082
2025-07-04 19:15:14,528 - INFO - Inserted economic event with ID: 9083
2025-07-04 19:15:14,531 - INFO - Inserted economic event with ID: 9084
2025-07-04 19:15:14,535 - INFO - Inserted economic event with ID: 9085
2025-07-04 19:15:14,538 - INFO - Inserted economic event with ID: 9086
2025-07-04 19:15:14,541 - INFO - Inserted economic event with ID: 9087
2025-07-04 19:15:14,544 - INFO - Inserted economic event with ID: 9088
2025-07-04 19:15:14,547 - INFO - Inserted economic event with ID: 9089
2025-07-04 19:15:14,550 - INFO - Inserted economic event with ID: 9090
2025-07-04 19:15:14,554 - INFO - Inserted economic event with ID: 9091
2025-07-04 19:15:14,556 - INFO - Inserted economic event with ID: 9092
2025-07-04 19:15:14,559 - INFO - Inserted economic event with ID: 9093
2025-07-04 19:15:14,563 - INFO - Inserted economic event with ID: 9094
2025-07-04 19:15:14,566 - INFO - Inserted economic event with ID: 9095
2025-07-04 19:15:14,568 - INFO - Inserted economic event with ID: 9096
2025-07-04 19:15:14,572 - INFO - Inserted economic event with ID: 9097
2025-07-04 19:15:14,576 - INFO - Inserted economic event with ID: 9098
2025-07-04 19:15:14,579 - INFO - Inserted economic event with ID: 9099
2025-07-04 19:15:14,583 - INFO - Inserted economic event with ID: 9100
2025-07-04 19:15:14,586 - INFO - Inserted economic event with ID: 9101
2025-07-04 19:15:14,589 - INFO - Inserted economic event with ID: 9102
2025-07-04 19:15:14,591 - INFO - Inserted economic event with ID: 9103
2025-07-04 19:15:14,595 - INFO - Inserted economic event with ID: 9104
2025-07-04 19:15:14,598 - INFO - Inserted economic event with ID: 9105
2025-07-04 19:15:14,602 - INFO - Inserted economic event with ID: 9106
2025-07-04 19:15:14,606 - INFO - Inserted economic event with ID: 9107
2025-07-04 19:15:14,609 - INFO - Inserted economic event with ID: 9108
2025-07-04 19:15:14,615 - INFO - Inserted economic event with ID: 9109
2025-07-04 19:15:14,618 - INFO - Inserted economic event with ID: 9110
2025-07-04 19:15:14,622 - INFO - Inserted economic event with ID: 9111
2025-07-04 19:15:14,625 - INFO - Inserted economic event with ID: 9112
2025-07-04 19:15:14,629 - INFO - Inserted economic event with ID: 9113
2025-07-04 19:15:14,633 - INFO - Inserted economic event with ID: 9114
2025-07-04 19:15:14,636 - INFO - Inserted economic event with ID: 9115
2025-07-04 19:15:14,640 - INFO - Inserted economic event with ID: 9116
2025-07-04 19:15:14,643 - INFO - Inserted economic event with ID: 9117
2025-07-04 19:15:14,647 - INFO - Inserted economic event with ID: 9118
2025-07-04 19:15:14,650 - INFO - Inserted economic event with ID: 9119
2025-07-04 19:15:14,653 - INFO - Inserted economic event with ID: 9120
2025-07-04 19:15:14,656 - INFO - Inserted economic event with ID: 9121
2025-07-04 19:15:14,659 - INFO - Inserted economic event with ID: 9122
2025-07-04 19:15:14,662 - INFO - Inserted economic event with ID: 9123
2025-07-04 19:15:14,666 - INFO - Inserted economic event with ID: 9124
2025-07-04 19:15:14,668 - INFO - Inserted economic event with ID: 9125
2025-07-04 19:15:14,672 - INFO - Inserted economic event with ID: 9126
2025-07-04 19:15:14,675 - INFO - Inserted economic event with ID: 9127
2025-07-04 19:15:14,678 - INFO - Inserted economic event with ID: 9128
2025-07-04 19:15:14,682 - INFO - Inserted economic event with ID: 9129
2025-07-04 19:15:14,685 - INFO - Inserted economic event with ID: 9130
2025-07-04 19:15:14,688 - INFO - Inserted economic event with ID: 9131
2025-07-04 19:15:14,691 - INFO - Inserted economic event with ID: 9132
2025-07-04 19:15:14,694 - INFO - Inserted economic event with ID: 9133
2025-07-04 19:15:14,697 - INFO - Inserted economic event with ID: 9134
2025-07-04 19:15:14,701 - INFO - Inserted economic event with ID: 9135
2025-07-04 19:15:14,704 - INFO - Inserted economic event with ID: 9136
2025-07-04 19:15:14,707 - INFO - Inserted economic event with ID: 9137
2025-07-04 19:15:14,710 - INFO - Inserted economic event with ID: 9138
2025-07-04 19:15:14,713 - INFO - Inserted economic event with ID: 9139
2025-07-04 19:15:14,717 - INFO - Inserted economic event with ID: 9140
2025-07-04 19:15:14,720 - INFO - Inserted economic event with ID: 9141
2025-07-04 19:15:14,723 - INFO - Inserted economic event with ID: 9142
2025-07-04 19:15:14,727 - INFO - Inserted economic event with ID: 9143
2025-07-04 19:15:14,730 - INFO - Inserted economic event with ID: 9144
2025-07-04 19:15:14,733 - INFO - Inserted economic event with ID: 9145
2025-07-04 19:15:14,737 - INFO - Inserted economic event with ID: 9146
2025-07-04 19:15:14,740 - INFO - Inserted economic event with ID: 9147
2025-07-04 19:15:14,743 - INFO - Inserted economic event with ID: 9148
2025-07-04 19:15:14,746 - INFO - Inserted economic event with ID: 9149
2025-07-04 19:15:14,750 - INFO - Inserted economic event with ID: 9150
2025-07-04 19:15:14,753 - INFO - Inserted economic event with ID: 9151
2025-07-04 19:15:14,757 - INFO - Inserted economic event with ID: 9152
2025-07-04 19:15:14,760 - INFO - Inserted economic event with ID: 9153
2025-07-04 19:15:14,763 - INFO - Inserted economic event with ID: 9154
2025-07-04 19:15:14,767 - INFO - Inserted economic event with ID: 9155
2025-07-04 19:15:14,770 - INFO - Inserted economic event with ID: 9156
2025-07-04 19:15:14,773 - INFO - Inserted economic event with ID: 9157
2025-07-04 19:15:14,776 - INFO - Inserted economic event with ID: 9158
2025-07-04 19:15:14,779 - INFO - Inserted economic event with ID: 9159
2025-07-04 19:15:14,783 - INFO - Inserted economic event with ID: 9160
2025-07-04 19:15:14,786 - INFO - Inserted economic event with ID: 9161
2025-07-04 19:15:14,790 - INFO - Inserted economic event with ID: 9162
2025-07-04 19:15:14,793 - INFO - Inserted economic event with ID: 9163
2025-07-04 19:15:14,797 - INFO - Inserted economic event with ID: 9164
2025-07-04 19:15:14,801 - INFO - Inserted economic event with ID: 9165
2025-07-04 19:15:14,805 - INFO - Inserted economic event with ID: 9166
2025-07-04 19:15:14,807 - INFO - Inserted economic event with ID: 9167
2025-07-04 19:15:14,810 - INFO - Inserted economic event with ID: 9168
2025-07-04 19:15:14,814 - INFO - Inserted economic event with ID: 9169
2025-07-04 19:15:14,818 - INFO - Inserted economic event with ID: 9170
2025-07-04 19:15:14,821 - INFO - Inserted economic event with ID: 9171
2025-07-04 19:15:14,825 - INFO - Inserted economic event with ID: 9172
2025-07-04 19:15:14,832 - INFO - Inserted economic event with ID: 9173
2025-07-04 19:15:14,838 - INFO - Inserted economic event with ID: 9174
2025-07-04 19:15:14,842 - INFO - Inserted economic event with ID: 9175
2025-07-04 19:15:14,847 - INFO - Inserted economic event with ID: 9176
2025-07-04 19:15:14,851 - INFO - Inserted economic event with ID: 9177
2025-07-04 19:15:14,855 - INFO - Inserted economic event with ID: 9178
2025-07-04 19:15:14,859 - INFO - Inserted economic event with ID: 9179
2025-07-04 19:15:14,862 - INFO - Inserted economic event with ID: 9180
2025-07-04 19:15:14,866 - INFO - Inserted economic event with ID: 9181
2025-07-04 19:15:14,869 - INFO - Inserted economic event with ID: 9182
2025-07-04 19:15:14,872 - INFO - Inserted economic event with ID: 9183
2025-07-04 19:15:14,876 - INFO - Inserted economic event with ID: 9184
2025-07-04 19:15:14,878 - INFO - Inserted economic event with ID: 9185
2025-07-04 19:15:14,881 - INFO - Inserted economic event with ID: 9186
2025-07-04 19:15:14,884 - INFO - Inserted economic event with ID: 9187
2025-07-04 19:15:14,887 - INFO - Inserted economic event with ID: 9188
2025-07-04 19:15:14,891 - INFO - Inserted economic event with ID: 9189
2025-07-04 19:15:14,894 - INFO - Inserted economic event with ID: 9190
2025-07-04 19:15:14,898 - INFO - Inserted economic event with ID: 9191
2025-07-04 19:15:14,902 - INFO - Inserted economic event with ID: 9192
2025-07-04 19:15:14,905 - INFO - Inserted economic event with ID: 9193
2025-07-04 19:15:14,909 - INFO - Inserted economic event with ID: 9194
2025-07-04 19:15:14,912 - INFO - Inserted economic event with ID: 9195
2025-07-04 19:15:14,915 - INFO - Inserted economic event with ID: 9196
2025-07-04 19:15:14,918 - INFO - Inserted economic event with ID: 9197
2025-07-04 19:15:14,923 - INFO - Inserted economic event with ID: 9198
2025-07-04 19:15:14,926 - INFO - Inserted economic event with ID: 9199
2025-07-04 19:15:14,929 - INFO - Inserted economic event with ID: 9200
2025-07-04 19:15:14,931 - INFO - Inserted economic event with ID: 9201
2025-07-04 19:15:14,935 - INFO - Inserted economic event with ID: 9202
2025-07-04 19:15:14,939 - INFO - Inserted economic event with ID: 9203
2025-07-04 19:15:14,942 - INFO - Inserted economic event with ID: 9204
2025-07-04 19:15:14,946 - INFO - Inserted economic event with ID: 9205
2025-07-04 19:15:14,950 - INFO - Inserted economic event with ID: 9206
2025-07-04 19:15:14,953 - INFO - Inserted economic event with ID: 9207
2025-07-04 19:15:14,957 - INFO - Inserted economic event with ID: 9208
2025-07-04 19:15:14,960 - INFO - Inserted economic event with ID: 9209
2025-07-04 19:15:14,963 - INFO - Inserted economic event with ID: 9210
2025-07-04 19:15:14,966 - INFO - Inserted economic event with ID: 9211
2025-07-04 19:15:14,970 - INFO - Inserted economic event with ID: 9212
2025-07-04 19:15:14,973 - INFO - Inserted economic event with ID: 9213
2025-07-04 19:15:14,976 - INFO - Inserted economic event with ID: 9214
2025-07-04 19:15:14,980 - INFO - Inserted economic event with ID: 9215
2025-07-04 19:15:14,983 - INFO - Inserted economic event with ID: 9216
2025-07-04 19:15:14,986 - INFO - Inserted economic event with ID: 9217
2025-07-04 19:15:14,989 - INFO - Inserted economic event with ID: 9218
2025-07-04 19:15:14,993 - INFO - Inserted economic event with ID: 9219
2025-07-04 19:15:14,997 - INFO - Inserted economic event with ID: 9220
2025-07-04 19:15:15,001 - INFO - Inserted economic event with ID: 9221
2025-07-04 19:15:15,005 - INFO - Inserted economic event with ID: 9222
2025-07-04 19:15:15,008 - INFO - Inserted economic event with ID: 9223
2025-07-04 19:15:15,011 - INFO - Inserted economic event with ID: 9224
2025-07-04 19:15:15,014 - INFO - Inserted economic event with ID: 9225
2025-07-04 19:15:15,018 - INFO - Inserted economic event with ID: 9226
2025-07-04 19:15:15,021 - INFO - Inserted economic event with ID: 9227
2025-07-04 19:15:15,025 - INFO - Inserted economic event with ID: 9228
2025-07-04 19:15:15,028 - INFO - Inserted economic event with ID: 9229
2025-07-04 19:15:15,031 - INFO - Inserted economic event with ID: 9230
2025-07-04 19:15:15,035 - INFO - Inserted economic event with ID: 9231
2025-07-04 19:15:15,038 - INFO - Inserted economic event with ID: 9232
2025-07-04 19:15:15,042 - INFO - Inserted economic event with ID: 9233
2025-07-04 19:15:15,045 - INFO - Inserted economic event with ID: 9234
2025-07-04 19:15:15,048 - INFO - Inserted economic event with ID: 9235
2025-07-04 19:15:15,051 - INFO - Inserted economic event with ID: 9236
2025-07-04 19:15:15,054 - INFO - Inserted economic event with ID: 9237
2025-07-04 19:15:15,057 - INFO - Inserted economic event with ID: 9238
2025-07-04 19:15:15,061 - INFO - Inserted economic event with ID: 9239
2025-07-04 19:15:15,064 - INFO - Inserted economic event with ID: 9240
2025-07-04 19:15:15,068 - INFO - Inserted economic event with ID: 9241
2025-07-04 19:15:15,071 - INFO - Inserted economic event with ID: 9242
2025-07-04 19:15:15,074 - INFO - Inserted economic event with ID: 9243
2025-07-04 19:15:15,078 - INFO - Inserted economic event with ID: 9244
2025-07-04 19:15:15,082 - INFO - Inserted economic event with ID: 9245
2025-07-04 19:15:15,086 - INFO - Inserted economic event with ID: 9246
2025-07-04 19:15:15,090 - INFO - Inserted economic event with ID: 9247
2025-07-04 19:15:15,093 - INFO - Inserted economic event with ID: 9248
2025-07-04 19:15:15,097 - INFO - Inserted economic event with ID: 9249
2025-07-04 19:15:15,100 - INFO - Inserted economic event with ID: 9250
2025-07-04 19:15:15,103 - INFO - Inserted economic event with ID: 9251
2025-07-04 19:15:15,106 - INFO - Inserted economic event with ID: 9252
2025-07-04 19:15:15,110 - INFO - Inserted economic event with ID: 9253
2025-07-04 19:15:15,114 - INFO - Inserted economic event with ID: 9254
2025-07-04 19:15:15,117 - INFO - Inserted economic event with ID: 9255
2025-07-04 19:15:15,120 - INFO - Inserted economic event with ID: 9256
2025-07-04 19:15:15,124 - INFO - Inserted economic event with ID: 9257
2025-07-04 19:15:15,127 - INFO - Inserted economic event with ID: 9258
2025-07-04 19:15:15,130 - INFO - Inserted economic event with ID: 9259
2025-07-04 19:15:15,133 - INFO - Inserted economic event with ID: 9260
2025-07-04 19:15:15,137 - INFO - Inserted economic event with ID: 9261
2025-07-04 19:15:15,140 - INFO - Inserted economic event with ID: 9262
2025-07-04 19:15:15,144 - INFO - Inserted economic event with ID: 9263
2025-07-04 19:15:15,147 - INFO - Inserted economic event with ID: 9264
2025-07-04 19:15:15,151 - INFO - Inserted economic event with ID: 9265
2025-07-04 19:15:15,154 - INFO - Inserted economic event with ID: 9266
2025-07-04 19:15:15,158 - INFO - Inserted economic event with ID: 9267
2025-07-04 19:15:15,161 - INFO - Inserted economic event with ID: 9268
2025-07-04 19:15:15,164 - INFO - Inserted economic event with ID: 9269
2025-07-04 19:15:15,166 - INFO - Inserted economic event with ID: 9270
2025-07-04 19:15:15,169 - INFO - Inserted economic event with ID: 9271
2025-07-04 19:15:15,173 - INFO - Inserted economic event with ID: 9272
2025-07-04 19:15:15,176 - INFO - Inserted economic event with ID: 9273
2025-07-04 19:15:15,179 - INFO - Inserted economic event with ID: 9274
2025-07-04 19:15:15,183 - INFO - Inserted economic event with ID: 9275
2025-07-04 19:15:15,186 - INFO - Inserted economic event with ID: 9276
2025-07-04 19:15:15,189 - INFO - Inserted economic event with ID: 9277
2025-07-04 19:15:15,192 - INFO - Inserted economic event with ID: 9278
2025-07-04 19:15:15,195 - INFO - Inserted economic event with ID: 9279
2025-07-04 19:15:15,199 - INFO - Inserted economic event with ID: 9280
2025-07-04 19:15:15,202 - INFO - Inserted economic event with ID: 9281
2025-07-04 19:15:15,206 - INFO - Inserted economic event with ID: 9282
2025-07-04 19:15:15,209 - INFO - Inserted economic event with ID: 9283
2025-07-04 19:15:15,213 - INFO - Inserted economic event with ID: 9284
2025-07-04 19:15:15,216 - INFO - Inserted economic event with ID: 9285
2025-07-04 19:15:15,219 - INFO - Inserted economic event with ID: 9286
2025-07-04 19:15:15,222 - INFO - Inserted economic event with ID: 9287
2025-07-04 19:15:15,227 - INFO - Inserted economic event with ID: 9288
2025-07-04 19:15:15,229 - INFO - Inserted economic event with ID: 9289
2025-07-04 19:15:15,233 - INFO - Inserted economic event with ID: 9290
2025-07-04 19:15:15,237 - INFO - Inserted economic event with ID: 9291
2025-07-04 19:15:15,239 - INFO - Inserted economic event with ID: 9292
2025-07-04 19:15:15,244 - INFO - Inserted economic event with ID: 9293
2025-07-04 19:15:15,246 - INFO - Inserted economic event with ID: 9294
2025-07-04 19:15:15,249 - INFO - Inserted economic event with ID: 9295
2025-07-04 19:15:15,252 - INFO - Inserted economic event with ID: 9296
2025-07-04 19:15:15,255 - INFO - Inserted economic event with ID: 9297
2025-07-04 19:15:15,259 - INFO - Inserted economic event with ID: 9298
2025-07-04 19:15:15,262 - INFO - Inserted economic event with ID: 9299
2025-07-04 19:15:15,266 - INFO - Inserted economic event with ID: 9300
2025-07-04 19:15:15,269 - INFO - Inserted economic event with ID: 9301
2025-07-04 19:15:15,272 - INFO - Inserted economic event with ID: 9302
2025-07-04 19:15:15,276 - INFO - Inserted economic event with ID: 9303
2025-07-04 19:15:15,279 - INFO - Inserted economic event with ID: 9304
2025-07-04 19:15:15,282 - INFO - Inserted economic event with ID: 9305
2025-07-04 19:15:15,285 - INFO - Inserted economic event with ID: 9306
2025-07-04 19:15:15,289 - INFO - Inserted economic event with ID: 9307
2025-07-04 19:15:15,292 - INFO - Inserted economic event with ID: 9308
2025-07-04 19:15:15,296 - INFO - Inserted economic event with ID: 9309
2025-07-04 19:15:15,299 - INFO - Inserted economic event with ID: 9310
2025-07-04 19:15:15,302 - INFO - Inserted economic event with ID: 9311
2025-07-04 19:15:15,305 - INFO - Inserted economic event with ID: 9312
2025-07-04 19:15:15,308 - INFO - Inserted economic event with ID: 9313
2025-07-04 19:15:15,312 - INFO - Inserted economic event with ID: 9314
2025-07-04 19:15:15,315 - INFO - Inserted economic event with ID: 9315


[MESSARI STDERR @ 2025-07-04 19:15:20.021071]


[TWELVE_DATA STDERR @ 2025-07-04 19:15:22.234912]


[POLYGON STDERR @ 2025-07-13 16:00:00.899637]
2025-07-13 16:00:00,661 - ERROR - [Polygon] Error fetching SPX: 'v'
2025-07-13 16:00:00,791 - ERROR - [Polygon] Error fetching NDX: 'v'
2025-07-13 16:00:00,883 - ERROR - [Polygon] Error fetching RUT: 'v'


[POLYGON STDERR @ 2025-07-13 17:00:00.935294]
2025-07-13 17:00:00,715 - ERROR - [Polygon] Error fetching SPX: 'v'
2025-07-13 17:00:00,807 - ERROR - [Polygon] Error fetching NDX: 'v'
2025-07-13 17:00:00,915 - ERROR - [Polygon] Error fetching RUT: 'v'


[POLYGON STDERR @ 2025-07-13 18:00:00.997357]
2025-07-13 18:00:00,754 - ERROR - [Polygon] Error fetching SPX: 'v'
2025-07-13 18:00:00,854 - ERROR - [Polygon] Error fetching NDX: 'v'
2025-07-13 18:00:00,966 - ERROR - [Polygon] Error fetching RUT: 'v'


[POLYGON STDERR @ 2025-07-13 20:00:00.759756]
2025-07-13 20:00:00,531 - ERROR - [Polygon] Error fetching SPX: 'v'
2025-07-13 20:00:00,629 - ERROR - [Polygon] Error fetching NDX: 'v'
2025-07-13 20:00:00,739 - ERROR - [Polygon] Error fetching RUT: 'v'


[POLYGON STDERR @ 2025-07-13 21:00:02.538895]
2025-07-13 21:00:02,260 - ERROR - [Polygon] Error fetching SPX: 'v'
2025-07-13 21:00:02,391 - ERROR - [Polygon] Error fetching NDX: 'v'
2025-07-13 21:00:02,511 - ERROR - [Polygon] Error fetching RUT: 'v'


[POLYGON STDERR @ 2025-07-13 22:00:01.485798]
2025-07-13 22:00:00,800 - ERROR - [Polygon] Error fetching SPX: 'v'
2025-07-13 22:00:01,170 - ERROR - [Polygon] Error fetching NDX: 'v'
2025-07-13 22:00:01,462 - ERROR - [Polygon] Error fetching RUT: 'v'


[POLYGON STDERR @ 2025-07-13 23:00:00.797463]
2025-07-13 23:00:00,568 - ERROR - [Polygon] Error fetching SPX: 'v'
2025-07-13 23:00:00,677 - ERROR - [Polygon] Error fetching NDX: 'v'
2025-07-13 23:00:00,773 - ERROR - [Polygon] Error fetching RUT: 'v'


[BENZINGA STDERR @ 2025-07-18 14:37:44.216997]


[POLYGON STDERR @ 2025-07-18 14:37:44.942705]
2025-07-18 14:37:44,690 - ERROR - [Polygon] Error fetching SPX: 'v'
2025-07-18 14:37:44,828 - ERROR - [Polygon] Error fetching NDX: 'v'
2025-07-18 14:37:44,927 - ERROR - [Polygon] Error fetching RUT: 'v'


[FMP STDERR @ 2025-07-18 14:37:47.975320]
2025-07-18 14:37:45,486 - INFO - Database tables created successfully
2025-07-18 14:37:45,486 - INFO - Database initialization completed
2025-07-18 14:37:45,486 - INFO - MacroIntel Data Store initialized with SQLAlchemy ORM
2025-07-18 14:37:45,486 - INFO - \u2705 Data store module imported successfully
2025-07-18 14:37:46,472 - INFO - Inserted economic event with ID: 9316
2025-07-18 14:37:46,476 - INFO - Inserted economic event with ID: 9317
2025-07-18 14:37:46,479 - INFO - Inserted economic event with ID: 9318
2025-07-18 14:37:46,482 - INFO - Inserted economic event with ID: 9319
2025-07-18 14:37:46,485 - INFO - Inserted economic event with ID: 9320
2025-07-18 14:37:46,488 - INFO - Inserted economic event with ID: 9321
2025-07-18 14:37:46,491 - INFO - Inserted economic event with ID: 9322
2025-07-18 14:37:46,494 - INFO - Inserted economic event with ID: 9323
2025-07-18 14:37:46,497 - INFO - Inserted economic event with ID: 9324
2025-07-18 14:37:46,500 - INFO - Inserted economic event with ID: 9325
2025-07-18 14:37:46,503 - INFO - Inserted economic event with ID: 9326
2025-07-18 14:37:46,506 - INFO - Inserted economic event with ID: 9327
2025-07-18 14:37:46,509 - INFO - Inserted economic event with ID: 9328
2025-07-18 14:37:46,512 - INFO - Inserted economic event with ID: 9329
2025-07-18 14:37:46,515 - INFO - Inserted economic event with ID: 9330
2025-07-18 14:37:46,518 - INFO - Inserted economic event with ID: 9331
2025-07-18 14:37:46,521 - INFO - Inserted economic event with ID: 9332
2025-07-18 14:37:46,524 - INFO - Inserted economic event with ID: 9333
2025-07-18 14:37:46,526 - INFO - Inserted economic event with ID: 9334
2025-07-18 14:37:46,529 - INFO - Inserted economic event with ID: 9335
2025-07-18 14:37:46,531 - INFO - Inserted economic event with ID: 9336
2025-07-18 14:37:46,534 - INFO - Inserted economic event with ID: 9337
2025-07-18 14:37:46,537 - INFO - Inserted economic event with ID: 9338
2025-07-18 14:37:46,539 - INFO - Inserted economic event with ID: 9339
2025-07-18 14:37:46,542 - INFO - Inserted economic event with ID: 9340
2025-07-18 14:37:46,545 - INFO - Inserted economic event with ID: 9341
2025-07-18 14:37:46,549 - INFO - Inserted economic event with ID: 9342
2025-07-18 14:37:46,552 - INFO - Inserted economic event with ID: 9343
2025-07-18 14:37:46,555 - INFO - Inserted economic event with ID: 9344
2025-07-18 14:37:46,558 - INFO - Inserted economic event with ID: 9345
2025-07-18 14:37:46,561 - INFO - Inserted economic event with ID: 9346
2025-07-18 14:37:46,564 - INFO - Inserted economic event with ID: 9347
2025-07-18 14:37:46,566 - INFO - Inserted economic event with ID: 9348
2025-07-18 14:37:46,569 - INFO - Inserted economic event with ID: 9349
2025-07-18 14:37:46,572 - INFO - Inserted economic event with ID: 9350
2025-07-18 14:37:46,575 - INFO - Inserted economic event with ID: 9351
2025-07-18 14:37:46,578 - INFO - Inserted economic event with ID: 9352
2025-07-18 14:37:46,580 - INFO - Inserted economic event with ID: 9353
2025-07-18 14:37:46,583 - INFO - Inserted economic event with ID: 9354
2025-07-18 14:37:46,586 - INFO - Inserted economic event with ID: 9355
2025-07-18 14:37:46,588 - INFO - Inserted economic event with ID: 9356
2025-07-18 14:37:46,591 - INFO - Inserted economic event with ID: 9357
2025-07-18 14:37:46,594 - INFO - Inserted economic event with ID: 9358
2025-07-18 14:37:46,597 - INFO - Inserted economic event with ID: 9359
2025-07-18 14:37:46,600 - INFO - Inserted economic event with ID: 9360
2025-07-18 14:37:46,602 - INFO - Inserted economic event with ID: 9361
2025-07-18 14:37:46,605 - INFO - Inserted economic event with ID: 9362
2025-07-18 14:37:46,608 - INFO - Inserted economic event with ID: 9363
2025-07-18 14:37:46,611 - INFO - Inserted economic event with ID: 9364
2025-07-18 14:37:46,613 - INFO - Inserted economic event with ID: 9365
2025-07-18 14:37:46,617 - INFO - Inserted economic event with ID: 9366
2025-07-18 14:37:46,619 - INFO - Inserted economic event with ID: 9367
2025-07-18 14:37:46,622 - INFO - Inserted economic event with ID: 9368
2025-07-18 14:37:46,625 - INFO - Inserted economic event with ID: 9369
2025-07-18 14:37:46,629 - INFO - Inserted economic event with ID: 9370
2025-07-18 14:37:46,631 - INFO - Inserted economic event with ID: 9371
2025-07-18 14:37:46,633 - INFO - Inserted economic event with ID: 9372
2025-07-18 14:37:46,636 - INFO - Inserted economic event with ID: 9373
2025-07-18 14:37:46,639 - INFO - Inserted economic event with ID: 9374
2025-07-18 14:37:46,642 - INFO - Inserted economic event with ID: 9375
2025-07-18 14:37:46,644 - INFO - Inserted economic event with ID: 9376
2025-07-18 14:37:46,648 - INFO - Inserted economic event with ID: 9377
2025-07-18 14:37:46,651 - INFO - Inserted economic event with ID: 9378
2025-07-18 14:37:46,653 - INFO - Inserted economic event with ID: 9379
2025-07-18 14:37:46,657 - INFO - Inserted economic event with ID: 9380
2025-07-18 14:37:46,660 - INFO - Inserted economic event with ID: 9381
2025-07-18 14:37:46,662 - INFO - Inserted economic event with ID: 9382
2025-07-18 14:37:46,665 - INFO - Inserted economic event with ID: 9383
2025-07-18 14:37:46,668 - INFO - Inserted economic event with ID: 9384
2025-07-18 14:37:46,671 - INFO - Inserted economic event with ID: 9385
2025-07-18 14:37:46,675 - INFO - Inserted economic event with ID: 9386
2025-07-18 14:37:46,678 - INFO - Inserted economic event with ID: 9387
2025-07-18 14:37:46,681 - INFO - Inserted economic event with ID: 9388
2025-07-18 14:37:46,683 - INFO - Inserted economic event with ID: 9389
2025-07-18 14:37:46,687 - INFO - Inserted economic event with ID: 9390
2025-07-18 14:37:46,690 - INFO - Inserted economic event with ID: 9391
2025-07-18 14:37:46,693 - INFO - Inserted economic event with ID: 9392
2025-07-18 14:37:46,696 - INFO - Inserted economic event with ID: 9393
2025-07-18 14:37:46,698 - INFO - Inserted economic event with ID: 9394
2025-07-18 14:37:46,700 - INFO - Inserted economic event with ID: 9395
2025-07-18 14:37:46,704 - INFO - Inserted economic event with ID: 9396
2025-07-18 14:37:46,707 - INFO - Inserted economic event with ID: 9397
2025-07-18 14:37:46,710 - INFO - Inserted economic event with ID: 9398
2025-07-18 14:37:46,712 - INFO - Inserted economic event with ID: 9399
2025-07-18 14:37:46,715 - INFO - Inserted economic event with ID: 9400
2025-07-18 14:37:46,719 - INFO - Inserted economic event with ID: 9401
2025-07-18 14:37:46,722 - INFO - Inserted economic event with ID: 9402
2025-07-18 14:37:46,724 - INFO - Inserted economic event with ID: 9403
2025-07-18 14:37:46,727 - INFO - Inserted economic event with ID: 9404
2025-07-18 14:37:46,732 - INFO - Inserted economic event with ID: 9405
2025-07-18 14:37:46,734 - INFO - Inserted economic event with ID: 9406
2025-07-18 14:37:46,737 - INFO - Inserted economic event with ID: 9407
2025-07-18 14:37:46,739 - INFO - Inserted economic event with ID: 9408
2025-07-18 14:37:46,742 - INFO - Inserted economic event with ID: 9409
2025-07-18 14:37:46,746 - INFO - Inserted economic event with ID: 9410
2025-07-18 14:37:46,749 - INFO - Inserted economic event with ID: 9411
2025-07-18 14:37:46,751 - INFO - Inserted economic event with ID: 9412
2025-07-18 14:37:46,754 - INFO - Inserted economic event with ID: 9413
2025-07-18 14:37:46,757 - INFO - Inserted economic event with ID: 9414
2025-07-18 14:37:46,759 - INFO - Inserted economic event with ID: 9415
2025-07-18 14:37:46,761 - INFO - Inserted economic event with ID: 9416
2025-07-18 14:37:46,765 - INFO - Inserted economic event with ID: 9417
2025-07-18 14:37:46,768 - INFO - Inserted economic event with ID: 9418
2025-07-18 14:37:46,771 - INFO - Inserted economic event with ID: 9419
2025-07-18 14:37:46,774 - INFO - Inserted economic event with ID: 9420
2025-07-18 14:37:46,777 - INFO - Inserted economic event with ID: 9421
2025-07-18 14:37:46,779 - INFO - Inserted economic event with ID: 9422
2025-07-18 14:37:46,781 - INFO - Inserted economic event with ID: 9423
2025-07-18 14:37:46,785 - INFO - Inserted economic event with ID: 9424
2025-07-18 14:37:46,787 - INFO - Inserted economic event with ID: 9425
2025-07-18 14:37:46,790 - INFO - Inserted economic event with ID: 9426
2025-07-18 14:37:46,794 - INFO - Inserted economic event with ID: 9427
2025-07-18 14:37:46,796 - INFO - Inserted economic event with ID: 9428
2025-07-18 14:37:46,798 - INFO - Inserted economic event with ID: 9429
2025-07-18 14:37:46,802 - INFO - Inserted economic event with ID: 9430
2025-07-18 14:37:46,805 - INFO - Inserted economic event with ID: 9431
2025-07-18 14:37:46,808 - INFO - Inserted economic event with ID: 9432
2025-07-18 14:37:46,810 - INFO - Inserted economic event with ID: 9433
2025-07-18 14:37:46,813 - INFO - Inserted economic event with ID: 9434
2025-07-18 14:37:46,816 - INFO - Inserted economic event with ID: 9435
2025-07-18 14:37:46,818 - INFO - Inserted economic event with ID: 9436
2025-07-18 14:37:46,822 - INFO - Inserted economic event with ID: 9437
2025-07-18 14:37:46,824 - INFO - Inserted economic event with ID: 9438
2025-07-18 14:37:46,827 - INFO - Inserted economic event with ID: 9439
2025-07-18 14:37:46,830 - INFO - Inserted economic event with ID: 9440
2025-07-18 14:37:46,834 - INFO - Inserted economic event with ID: 9441
2025-07-18 14:37:46,837 - INFO - Inserted economic event with ID: 9442
2025-07-18 14:37:46,839 - INFO - Inserted economic event with ID: 9443
2025-07-18 14:37:46,842 - INFO - Inserted economic event with ID: 9444
2025-07-18 14:37:46,844 - INFO - Inserted economic event with ID: 9445
2025-07-18 14:37:46,848 - INFO - Inserted economic event with ID: 9446
2025-07-18 14:37:46,851 - INFO - Inserted economic event with ID: 9447
2025-07-18 14:37:46,854 - INFO - Inserted economic event with ID: 9448
2025-07-18 14:37:46,856 - INFO - Inserted economic event with ID: 9449
2025-07-18 14:37:46,859 - INFO - Inserted economic event with ID: 9450
2025-07-18 14:37:46,862 - INFO - Inserted economic event with ID: 9451
2025-07-18 14:37:46,865 - INFO - Inserted economic event with ID: 9452
2025-07-18 14:37:46,869 - INFO - Inserted economic event with ID: 9453
2025-07-18 14:37:46,870 - INFO - Inserted economic event with ID: 9454
2025-07-18 14:37:46,874 - INFO - Inserted economic event with ID: 9455
2025-07-18 14:37:46,877 - INFO - Inserted economic event with ID: 9456
2025-07-18 14:37:46,879 - INFO - Inserted economic event with ID: 9457
2025-07-18 14:37:46,882 - INFO - Inserted economic event with ID: 9458
2025-07-18 14:37:46,886 - INFO - Inserted economic event with ID: 9459
2025-07-18 14:37:46,888 - INFO - Inserted economic event with ID: 9460
2025-07-18 14:37:46,891 - INFO - Inserted economic event with ID: 9461
2025-07-18 14:37:46,895 - INFO - Inserted economic event with ID: 9462
2025-07-18 14:37:46,897 - INFO - Inserted economic event with ID: 9463
2025-07-18 14:37:46,900 - INFO - Inserted economic event with ID: 9464
2025-07-18 14:37:46,903 - INFO - Inserted economic event with ID: 9465
2025-07-18 14:37:46,906 - INFO - Inserted economic event with ID: 9466
2025-07-18 14:37:46,910 - INFO - Inserted economic event with ID: 9467
2025-07-18 14:37:46,913 - INFO - Inserted economic event with ID: 9468
2025-07-18 14:37:46,915 - INFO - Inserted economic event with ID: 9469
2025-07-18 14:37:46,918 - INFO - Inserted economic event with ID: 9470
2025-07-18 14:37:46,921 - INFO - Inserted economic event with ID: 9471
2025-07-18 14:37:46,923 - INFO - Inserted economic event with ID: 9472
2025-07-18 14:37:46,927 - INFO - Inserted economic event with ID: 9473
2025-07-18 14:37:46,929 - INFO - Inserted economic event with ID: 9474
2025-07-18 14:37:46,932 - INFO - Inserted economic event with ID: 9475
2025-07-18 14:37:46,935 - INFO - Inserted economic event with ID: 9476
2025-07-18 14:37:46,940 - INFO - Inserted economic event with ID: 9477
2025-07-18 14:37:46,942 - INFO - Inserted economic event with ID: 9478
2025-07-18 14:37:46,945 - INFO - Inserted economic event with ID: 9479
2025-07-18 14:37:46,949 - INFO - Inserted economic event with ID: 9480
2025-07-18 14:37:46,952 - INFO - Inserted economic event with ID: 9481
2025-07-18 14:37:46,954 - INFO - Inserted economic event with ID: 9482
2025-07-18 14:37:46,958 - INFO - Inserted economic event with ID: 9483
2025-07-18 14:37:46,961 - INFO - Inserted economic event with ID: 9484
2025-07-18 14:37:46,964 - INFO - Inserted economic event with ID: 9485
2025-07-18 14:37:46,967 - INFO - Inserted economic event with ID: 9486
2025-07-18 14:37:46,969 - INFO - Inserted economic event with ID: 9487
2025-07-18 14:37:46,971 - INFO - Inserted economic event with ID: 9488
2025-07-18 14:37:46,975 - INFO - Inserted economic event with ID: 9489
2025-07-18 14:37:46,978 - INFO - Inserted economic event with ID: 9490
2025-07-18 14:37:46,980 - INFO - Inserted economic event with ID: 9491
2025-07-18 14:37:46,984 - INFO - Inserted economic event with ID: 9492
2025-07-18 14:37:46,986 - INFO - Inserted economic event with ID: 9493
2025-07-18 14:37:46,989 - INFO - Inserted economic event with ID: 9494
2025-07-18 14:37:46,992 - INFO - Inserted economic event with ID: 9495
2025-07-18 14:37:46,995 - INFO - Inserted economic event with ID: 9496
2025-07-18 14:37:46,998 - INFO - Inserted economic event with ID: 9497
2025-07-18 14:37:47,000 - INFO - Inserted economic event with ID: 9498
2025-07-18 14:37:47,004 - INFO - Inserted economic event with ID: 9499
2025-07-18 14:37:47,007 - INFO - Inserted economic event with ID: 9500
2025-07-18 14:37:47,009 - INFO - Inserted economic event with ID: 9501
2025-07-18 14:37:47,013 - INFO - Inserted economic event with ID: 9502
2025-07-18 14:37:47,016 - INFO - Inserted economic event with ID: 9503
2025-07-18 14:37:47,019 - INFO - Inserted economic event with ID: 9504
2025-07-18 14:37:47,022 - INFO - Inserted economic event with ID: 9505
2025-07-18 14:37:47,025 - INFO - Inserted economic event with ID: 9506
2025-07-18 14:37:47,028 - INFO - Inserted economic event with ID: 9507
2025-07-18 14:37:47,031 - INFO - Inserted economic event with ID: 9508
2025-07-18 14:37:47,034 - INFO - Inserted economic event with ID: 9509
2025-07-18 14:37:47,037 - INFO - Inserted economic event with ID: 9510
2025-07-18 14:37:47,040 - INFO - Inserted economic event with ID: 9511
2025-07-18 14:37:47,043 - INFO - Inserted economic event with ID: 9512
2025-07-18 14:37:47,046 - INFO - Inserted economic event with ID: 9513
2025-07-18 14:37:47,050 - INFO - Inserted economic event with ID: 9514
2025-07-18 14:37:47,053 - INFO - Inserted economic event with ID: 9515
2025-07-18 14:37:47,055 - INFO - Inserted economic event with ID: 9516
2025-07-18 14:37:47,058 - INFO - Inserted economic event with ID: 9517
2025-07-18 14:37:47,062 - INFO - Inserted economic event with ID: 9518
2025-07-18 14:37:47,065 - INFO - Inserted economic event with ID: 9519
2025-07-18 14:37:47,068 - INFO - Inserted economic event with ID: 9520
2025-07-18 14:37:47,071 - INFO - Inserted economic event with ID: 9521
2025-07-18 14:37:47,074 - INFO - Inserted economic event with ID: 9522
2025-07-18 14:37:47,077 - INFO - Inserted economic event with ID: 9523
2025-07-18 14:37:47,080 - INFO - Inserted economic event with ID: 9524
2025-07-18 14:37:47,083 - INFO - Inserted economic event with ID: 9525
2025-07-18 14:37:47,086 - INFO - Inserted economic event with ID: 9526
2025-07-18 14:37:47,089 - INFO - Inserted economic event with ID: 9527
2025-07-18 14:37:47,091 - INFO - Inserted economic event with ID: 9528
2025-07-18 14:37:47,095 - INFO - Inserted economic event with ID: 9529
2025-07-18 14:37:47,098 - INFO - Inserted economic event with ID: 9530
2025-07-18 14:37:47,101 - INFO - Inserted economic event with ID: 9531
2025-07-18 14:37:47,104 - INFO - Inserted economic event with ID: 9532
2025-07-18 14:37:47,106 - INFO - Inserted economic event with ID: 9533
2025-07-18 14:37:47,110 - INFO - Inserted economic event with ID: 9534
2025-07-18 14:37:47,114 - INFO - Inserted economic event with ID: 9535
2025-07-18 14:37:47,117 - INFO - Inserted economic event with ID: 9536
2025-07-18 14:37:47,118 - INFO - Inserted economic event with ID: 9537
2025-07-18 14:37:47,121 - INFO - Inserted economic event with ID: 9538
2025-07-18 14:37:47,125 - INFO - Inserted economic event with ID: 9539
2025-07-18 14:37:47,127 - INFO - Inserted economic event with ID: 9540
2025-07-18 14:37:47,130 - INFO - Inserted economic event with ID: 9541
2025-07-18 14:37:47,133 - INFO - Inserted economic event with ID: 9542
2025-07-18 14:37:47,136 - INFO - Inserted economic event with ID: 9543
2025-07-18 14:37:47,139 - INFO - Inserted economic event with ID: 9544
2025-07-18 14:37:47,142 - INFO - Inserted economic event with ID: 9545
2025-07-18 14:37:47,145 - INFO - Inserted economic event with ID: 9546
2025-07-18 14:37:47,148 - INFO - Inserted economic event with ID: 9547
2025-07-18 14:37:47,151 - INFO - Inserted economic event with ID: 9548
2025-07-18 14:37:47,153 - INFO - Inserted economic event with ID: 9549
2025-07-18 14:37:47,157 - INFO - Inserted economic event with ID: 9550
2025-07-18 14:37:47,159 - INFO - Inserted economic event with ID: 9551
2025-07-18 14:37:47,163 - INFO - Inserted economic event with ID: 9552
2025-07-18 14:37:47,165 - INFO - Inserted economic event with ID: 9553
2025-07-18 14:37:47,168 - INFO - Inserted economic event with ID: 9554
2025-07-18 14:37:47,171 - INFO - Inserted economic event with ID: 9555
2025-07-18 14:37:47,173 - INFO - Inserted economic event with ID: 9556
2025-07-18 14:37:47,177 - INFO - Inserted economic event with ID: 9557
2025-07-18 14:37:47,179 - INFO - Inserted economic event with ID: 9558
2025-07-18 14:37:47,182 - INFO - Inserted economic event with ID: 9559
2025-07-18 14:37:47,185 - INFO - Inserted economic event with ID: 9560
2025-07-18 14:37:47,187 - INFO - Inserted economic event with ID: 9561
2025-07-18 14:37:47,190 - INFO - Inserted economic event with ID: 9562
2025-07-18 14:37:47,192 - INFO - Inserted economic event with ID: 9563
2025-07-18 14:37:47,195 - INFO - Inserted economic event with ID: 9564
2025-07-18 14:37:47,198 - INFO - Inserted economic event with ID: 9565
2025-07-18 14:37:47,201 - INFO - Inserted economic event with ID: 9566
2025-07-18 14:37:47,204 - INFO - Inserted economic event with ID: 9567
2025-07-18 14:37:47,207 - INFO - Inserted economic event with ID: 9568
2025-07-18 14:37:47,210 - INFO - Inserted economic event with ID: 9569
2025-07-18 14:37:47,212 - INFO - Inserted economic event with ID: 9570
2025-07-18 14:37:47,215 - INFO - Inserted economic event with ID: 9571
2025-07-18 14:37:47,219 - INFO - Inserted economic event with ID: 9572
2025-07-18 14:37:47,221 - INFO - Inserted economic event with ID: 9573
2025-07-18 14:37:47,223 - INFO - Inserted economic event with ID: 9574
2025-07-18 14:37:47,226 - INFO - Inserted economic event with ID: 9575
2025-07-18 14:37:47,229 - INFO - Inserted economic event with ID: 9576
2025-07-18 14:37:47,231 - INFO - Inserted economic event with ID: 9577
2025-07-18 14:37:47,235 - INFO - Inserted economic event with ID: 9578
2025-07-18 14:37:47,238 - INFO - Inserted economic event with ID: 9579
2025-07-18 14:37:47,240 - INFO - Inserted economic event with ID: 9580
2025-07-18 14:37:47,242 - INFO - Inserted economic event with ID: 9581
2025-07-18 14:37:47,245 - INFO - Inserted economic event with ID: 9582
2025-07-18 14:37:47,248 - INFO - Inserted economic event with ID: 9583
2025-07-18 14:37:47,251 - INFO - Inserted economic event with ID: 9584
2025-07-18 14:37:47,254 - INFO - Inserted economic event with ID: 9585
2025-07-18 14:37:47,257 - INFO - Inserted economic event with ID: 9586
2025-07-18 14:37:47,260 - INFO - Inserted economic event with ID: 9587
2025-07-18 14:37:47,262 - INFO - Inserted economic event with ID: 9588
2025-07-18 14:37:47,266 - INFO - Inserted economic event with ID: 9589
2025-07-18 14:37:47,269 - INFO - Inserted economic event with ID: 9590
2025-07-18 14:37:47,272 - INFO - Inserted economic event with ID: 9591
2025-07-18 14:37:47,274 - INFO - Inserted economic event with ID: 9592
2025-07-18 14:37:47,277 - INFO - Inserted economic event with ID: 9593
2025-07-18 14:37:47,280 - INFO - Inserted economic event with ID: 9594
2025-07-18 14:37:47,283 - INFO - Inserted economic event with ID: 9595
2025-07-18 14:37:47,286 - INFO - Inserted economic event with ID: 9596
2025-07-18 14:37:47,289 - INFO - Inserted economic event with ID: 9597
2025-07-18 14:37:47,292 - INFO - Inserted economic event with ID: 9598
2025-07-18 14:37:47,294 - INFO - Inserted economic event with ID: 9599
2025-07-18 14:37:47,298 - INFO - Inserted economic event with ID: 9600
2025-07-18 14:37:47,300 - INFO - Inserted economic event with ID: 9601
2025-07-18 14:37:47,304 - INFO - Inserted economic event with ID: 9602
2025-07-18 14:37:47,306 - INFO - Inserted economic event with ID: 9603
2025-07-18 14:37:47,309 - INFO - Inserted economic event with ID: 9604
2025-07-18 14:37:47,312 - INFO - Inserted economic event with ID: 9605
2025-07-18 14:37:47,315 - INFO - Inserted economic event with ID: 9606
2025-07-18 14:37:47,318 - INFO - Inserted economic event with ID: 9607
2025-07-18 14:37:47,321 - INFO - Inserted economic event with ID: 9608
2025-07-18 14:37:47,324 - INFO - Inserted economic event with ID: 9609
2025-07-18 14:37:47,326 - INFO - Inserted economic event with ID: 9610
2025-07-18 14:37:47,330 - INFO - Inserted economic event with ID: 9611
2025-07-18 14:37:47,333 - INFO - Inserted economic event with ID: 9612
2025-07-18 14:37:47,335 - INFO - Inserted economic event with ID: 9613
2025-07-18 14:37:47,339 - INFO - Inserted economic event with ID: 9614
2025-07-18 14:37:47,341 - INFO - Inserted economic event with ID: 9615
2025-07-18 14:37:47,344 - INFO - Inserted economic event with ID: 9616
2025-07-18 14:37:47,347 - INFO - Inserted economic event with ID: 9617
2025-07-18 14:37:47,350 - INFO - Inserted economic event with ID: 9618
2025-07-18 14:37:47,352 - INFO - Inserted economic event with ID: 9619
2025-07-18 14:37:47,354 - INFO - Inserted economic event with ID: 9620
2025-07-18 14:37:47,359 - INFO - Inserted economic event with ID: 9621
2025-07-18 14:37:47,360 - INFO - Inserted economic event with ID: 9622
2025-07-18 14:37:47,363 - INFO - Inserted economic event with ID: 9623
2025-07-18 14:37:47,367 - INFO - Inserted economic event with ID: 9624
2025-07-18 14:37:47,369 - INFO - Inserted economic event with ID: 9625
2025-07-18 14:37:47,371 - INFO - Inserted economic event with ID: 9626
2025-07-18 14:37:47,375 - INFO - Inserted economic event with ID: 9627
2025-07-18 14:37:47,378 - INFO - Inserted economic event with ID: 9628
2025-07-18 14:37:47,381 - INFO - Inserted economic event with ID: 9629
2025-07-18 14:37:47,383 - INFO - Inserted economic event with ID: 9630
2025-07-18 14:37:47,387 - INFO - Inserted economic event with ID: 9631
2025-07-18 14:37:47,389 - INFO - Inserted economic event with ID: 9632
2025-07-18 14:37:47,391 - INFO - Inserted economic event with ID: 9633
2025-07-18 14:37:47,395 - INFO - Inserted economic event with ID: 9634
2025-07-18 14:37:47,397 - INFO - Inserted economic event with ID: 9635
2025-07-18 14:37:47,402 - INFO - Inserted economic event with ID: 9636
2025-07-18 14:37:47,404 - INFO - Inserted economic event with ID: 9637
2025-07-18 14:37:47,406 - INFO - Inserted economic event with ID: 9638
2025-07-18 14:37:47,410 - INFO - Inserted economic event with ID: 9639
2025-07-18 14:37:47,414 - INFO - Inserted economic event with ID: 9640
2025-07-18 14:37:47,416 - INFO - Inserted economic event with ID: 9641
2025-07-18 14:37:47,418 - INFO - Inserted economic event with ID: 9642
2025-07-18 14:37:47,421 - INFO - Inserted economic event with ID: 9643
2025-07-18 14:37:47,424 - INFO - Inserted economic event with ID: 9644
2025-07-18 14:37:47,428 - INFO - Inserted economic event with ID: 9645
2025-07-18 14:37:47,430 - INFO - Inserted economic event with ID: 9646
2025-07-18 14:37:47,433 - INFO - Inserted economic event with ID: 9647
2025-07-18 14:37:47,435 - INFO - Inserted economic event with ID: 9648
2025-07-18 14:37:47,438 - INFO - Inserted economic event with ID: 9649
2025-07-18 14:37:47,442 - INFO - Inserted economic event with ID: 9650
2025-07-18 14:37:47,444 - INFO - Inserted economic event with ID: 9651
2025-07-18 14:37:47,448 - INFO - Inserted economic event with ID: 9652
2025-07-18 14:37:47,450 - INFO - Inserted economic event with ID: 9653
2025-07-18 14:37:47,453 - INFO - Inserted economic event with ID: 9654
2025-07-18 14:37:47,457 - INFO - Inserted economic event with ID: 9655
2025-07-18 14:37:47,460 - INFO - Inserted economic event with ID: 9656
2025-07-18 14:37:47,462 - INFO - Inserted economic event with ID: 9657
2025-07-18 14:37:47,466 - INFO - Inserted economic event with ID: 9658
2025-07-18 14:37:47,469 - INFO - Inserted economic event with ID: 9659
2025-07-18 14:37:47,471 - INFO - Inserted economic event with ID: 9660
2025-07-18 14:37:47,474 - INFO - Inserted economic event with ID: 9661
2025-07-18 14:37:47,477 - INFO - Inserted economic event with ID: 9662
2025-07-18 14:37:47,481 - INFO - Inserted economic event with ID: 9663
2025-07-18 14:37:47,484 - INFO - Inserted economic event with ID: 9664
2025-07-18 14:37:47,487 - INFO - Inserted economic event with ID: 9665
2025-07-18 14:37:47,491 - INFO - Inserted economic event with ID: 9666
2025-07-18 14:37:47,493 - INFO - Inserted economic event with ID: 9667
2025-07-18 14:37:47,496 - INFO - Inserted economic event with ID: 9668
2025-07-18 14:37:47,498 - INFO - Inserted economic event with ID: 9669
2025-07-18 14:37:47,502 - INFO - Inserted economic event with ID: 9670
2025-07-18 14:37:47,505 - INFO - Inserted economic event with ID: 9671
2025-07-18 14:37:47,508 - INFO - Inserted economic event with ID: 9672
2025-07-18 14:37:47,510 - INFO - Inserted economic event with ID: 9673
2025-07-18 14:37:47,514 - INFO - Inserted economic event with ID: 9674
2025-07-18 14:37:47,517 - INFO - Inserted economic event with ID: 9675
2025-07-18 14:37:47,519 - INFO - Inserted economic event with ID: 9676
2025-07-18 14:37:47,523 - INFO - Inserted economic event with ID: 9677
2025-07-18 14:37:47,526 - INFO - Inserted economic event with ID: 9678
2025-07-18 14:37:47,530 - INFO - Inserted economic event with ID: 9679
2025-07-18 14:37:47,533 - INFO - Inserted economic event with ID: 9680
2025-07-18 14:37:47,535 - INFO - Inserted economic event with ID: 9681
2025-07-18 14:37:47,538 - INFO - Inserted economic event with ID: 9682
2025-07-18 14:37:47,541 - INFO - Inserted economic event with ID: 9683
2025-07-18 14:37:47,545 - INFO - Inserted economic event with ID: 9684
2025-07-18 14:37:47,548 - INFO - Inserted economic event with ID: 9685
2025-07-18 14:37:47,551 - INFO - Inserted economic event with ID: 9686
2025-07-18 14:37:47,553 - INFO - Inserted economic event with ID: 9687
2025-07-18 14:37:47,555 - INFO - Inserted economic event with ID: 9688
2025-07-18 14:37:47,559 - INFO - Inserted economic event with ID: 9689
2025-07-18 14:37:47,563 - INFO - Inserted economic event with ID: 9690
2025-07-18 14:37:47,566 - INFO - Inserted economic event with ID: 9691
2025-07-18 14:37:47,568 - INFO - Inserted economic event with ID: 9692
2025-07-18 14:37:47,571 - INFO - Inserted economic event with ID: 9693
2025-07-18 14:37:47,575 - INFO - Inserted economic event with ID: 9694
2025-07-18 14:37:47,577 - INFO - Inserted economic event with ID: 9695
2025-07-18 14:37:47,581 - INFO - Inserted economic event with ID: 9696
2025-07-18 14:37:47,584 - INFO - Inserted economic event with ID: 9697
2025-07-18 14:37:47,587 - INFO - Inserted economic event with ID: 9698
2025-07-18 14:37:47,589 - INFO - Inserted economic event with ID: 9699
2025-07-18 14:37:47,592 - INFO - Inserted economic event with ID: 9700
2025-07-18 14:37:47,595 - INFO - Inserted economic event with ID: 9701
2025-07-18 14:37:47,598 - INFO - Inserted economic event with ID: 9702
2025-07-18 14:37:47,601 - INFO - Inserted economic event with ID: 9703
2025-07-18 14:37:47,602 - INFO - Inserted economic event with ID: 9704
2025-07-18 14:37:47,605 - INFO - Inserted economic event with ID: 9705
2025-07-18 14:37:47,607 - INFO - Inserted economic event with ID: 9706
2025-07-18 14:37:47,612 - INFO - Inserted economic event with ID: 9707
2025-07-18 14:37:47,614 - INFO - Inserted economic event with ID: 9708
2025-07-18 14:37:47,616 - INFO - Inserted economic event with ID: 9709
2025-07-18 14:37:47,619 - INFO - Inserted economic event with ID: 9710
2025-07-18 14:37:47,622 - INFO - Inserted economic event with ID: 9711
2025-07-18 14:37:47,625 - INFO - Inserted economic event with ID: 9712
2025-07-18 14:37:47,627 - INFO - Inserted economic event with ID: 9713
2025-07-18 14:37:47,630 - INFO - Inserted economic event with ID: 9714
2025-07-18 14:37:47,633 - INFO - Inserted economic event with ID: 9715
2025-07-18 14:37:47,635 - INFO - Inserted economic event with ID: 9716
2025-07-18 14:37:47,640 - INFO - Inserted economic event with ID: 9717
2025-07-18 14:37:47,642 - INFO - Inserted economic event with ID: 9718
2025-07-18 14:37:47,645 - INFO - Inserted economic event with ID: 9719
2025-07-18 14:37:47,647 - INFO - Inserted economic event with ID: 9720
2025-07-18 14:37:47,649 - INFO - Inserted economic event with ID: 9721
2025-07-18 14:37:47,653 - INFO - Inserted economic event with ID: 9722
2025-07-18 14:37:47,655 - INFO - Inserted economic event with ID: 9723
2025-07-18 14:37:47,658 - INFO - Inserted economic event with ID: 9724
2025-07-18 14:37:47,661 - INFO - Inserted economic event with ID: 9725
2025-07-18 14:37:47,664 - INFO - Inserted economic event with ID: 9726
2025-07-18 14:37:47,666 - INFO - Inserted economic event with ID: 9727
2025-07-18 14:37:47,670 - INFO - Inserted economic event with ID: 9728
2025-07-18 14:37:47,673 - INFO - Inserted economic event with ID: 9729
2025-07-18 14:37:47,675 - INFO - Inserted economic event with ID: 9730
2025-07-18 14:37:47,679 - INFO - Inserted economic event with ID: 9731
2025-07-18 14:37:47,680 - INFO - Inserted economic event with ID: 9732
2025-07-18 14:37:47,682 - INFO - Inserted economic event with ID: 9733
2025-07-18 14:37:47,686 - INFO - Inserted economic event with ID: 9734
2025-07-18 14:37:47,689 - INFO - Inserted economic event with ID: 9735
2025-07-18 14:37:47,692 - INFO - Inserted economic event with ID: 9736
2025-07-18 14:37:47,694 - INFO - Inserted economic event with ID: 9737
2025-07-18 14:37:47,696 - INFO - Inserted economic event with ID: 9738
2025-07-18 14:37:47,700 - INFO - Inserted economic event with ID: 9739
2025-07-18 14:37:47,702 - INFO - Inserted economic event with ID: 9740
2025-07-18 14:37:47,705 - INFO - Inserted economic event with ID: 9741
2025-07-18 14:37:47,708 - INFO - Inserted economic event with ID: 9742
2025-07-18 14:37:47,710 - INFO - Inserted economic event with ID: 9743
2025-07-18 14:37:47,713 - INFO - Inserted economic event with ID: 9744
2025-07-18 14:37:47,716 - INFO - Inserted economic event with ID: 9745
2025-07-18 14:37:47,719 - INFO - Inserted economic event with ID: 9746
2025-07-18 14:37:47,721 - INFO - Inserted economic event with ID: 9747
2025-07-18 14:37:47,723 - INFO - Inserted economic event with ID: 9748
2025-07-18 14:37:47,726 - INFO - Inserted economic event with ID: 9749
2025-07-18 14:37:47,728 - INFO - Inserted economic event with ID: 9750
2025-07-18 14:37:47,733 - INFO - Inserted economic event with ID: 9751
2025-07-18 14:37:47,736 - INFO - Inserted economic event with ID: 9752
2025-07-18 14:37:47,738 - INFO - Inserted economic event with ID: 9753
2025-07-18 14:37:47,742 - INFO - Inserted economic event with ID: 9754
2025-07-18 14:37:47,745 - INFO - Inserted economic event with ID: 9755
2025-07-18 14:37:47,748 - INFO - Inserted economic event with ID: 9756
2025-07-18 14:37:47,751 - INFO - Inserted economic event with ID: 9757
2025-07-18 14:37:47,753 - INFO - Inserted economic event with ID: 9758
2025-07-18 14:37:47,756 - INFO - Inserted economic event with ID: 9759
2025-07-18 14:37:47,759 - INFO - Inserted economic event with ID: 9760
2025-07-18 14:37:47,762 - INFO - Inserted economic event with ID: 9761
2025-07-18 14:37:47,764 - INFO - Inserted economic event with ID: 9762
2025-07-18 14:37:47,766 - INFO - Inserted economic event with ID: 9763
2025-07-18 14:37:47,769 - INFO - Inserted economic event with ID: 9764
2025-07-18 14:37:47,772 - INFO - Inserted economic event with ID: 9765
2025-07-18 14:37:47,775 - INFO - Inserted economic event with ID: 9766
2025-07-18 14:37:47,778 - INFO - Inserted economic event with ID: 9767
2025-07-18 14:37:47,781 - INFO - Inserted economic event with ID: 9768
2025-07-18 14:37:47,783 - INFO - Inserted economic event with ID: 9769
2025-07-18 14:37:47,786 - INFO - Inserted economic event with ID: 9770
2025-07-18 14:37:47,788 - INFO - Inserted economic event with ID: 9771
2025-07-18 14:37:47,791 - INFO - Inserted economic event with ID: 9772
2025-07-18 14:37:47,795 - INFO - Inserted economic event with ID: 9773
2025-07-18 14:37:47,797 - INFO - Inserted economic event with ID: 9774
2025-07-18 14:37:47,800 - INFO - Inserted economic event with ID: 9775
2025-07-18 14:37:47,802 - INFO - Inserted economic event with ID: 9776
2025-07-18 14:37:47,805 - INFO - Inserted economic event with ID: 9777
2025-07-18 14:37:47,807 - INFO - Inserted economic event with ID: 9778
2025-07-18 14:37:47,811 - INFO - Inserted economic event with ID: 9779
2025-07-18 14:37:47,813 - INFO - Inserted economic event with ID: 9780
2025-07-18 14:37:47,815 - INFO - Inserted economic event with ID: 9781
2025-07-18 14:37:47,818 - INFO - Inserted economic event with ID: 9782
2025-07-18 14:37:47,821 - INFO - Inserted economic event with ID: 9783
2025-07-18 14:37:47,824 - INFO - Inserted economic event with ID: 9784
2025-07-18 14:37:47,827 - INFO - Inserted economic event with ID: 9785
2025-07-18 14:37:47,829 - INFO - Inserted economic event with ID: 9786
2025-07-18 14:37:47,832 - INFO - Inserted economic event with ID: 9787
2025-07-18 14:37:47,835 - INFO - Inserted economic event with ID: 9788
2025-07-18 14:37:47,838 - INFO - Inserted economic event with ID: 9789
2025-07-18 14:37:47,841 - INFO - Inserted economic event with ID: 9790
2025-07-18 14:37:47,844 - INFO - Inserted economic event with ID: 9791
2025-07-18 14:37:47,846 - INFO - Inserted economic event with ID: 9792
2025-07-18 14:37:47,850 - INFO - Inserted economic event with ID: 9793
2025-07-18 14:37:47,853 - INFO - Inserted economic event with ID: 9794
2025-07-18 14:37:47,855 - INFO - Inserted economic event with ID: 9795
2025-07-18 14:37:47,859 - INFO - Inserted economic event with ID: 9796
2025-07-18 14:37:47,862 - INFO - Inserted economic event with ID: 9797
2025-07-18 14:37:47,864 - INFO - Inserted economic event with ID: 9798
2025-07-18 14:37:47,867 - INFO - Inserted economic event with ID: 9799
2025-07-18 14:37:47,870 - INFO - Inserted economic event with ID: 9800
2025-07-18 14:37:47,874 - INFO - Inserted economic event with ID: 9801
2025-07-18 14:37:47,876 - INFO - Inserted economic event with ID: 9802
2025-07-18 14:37:47,879 - INFO - Inserted economic event with ID: 9803
2025-07-18 14:37:47,882 - INFO - Inserted economic event with ID: 9804
2025-07-18 14:37:47,884 - INFO - Inserted economic event with ID: 9805
2025-07-18 14:37:47,887 - INFO - Inserted economic event with ID: 9806
2025-07-18 14:37:47,891 - INFO - Inserted economic event with ID: 9807
2025-07-18 14:37:47,895 - INFO - Inserted economic event with ID: 9808
2025-07-18 14:37:47,898 - INFO - Inserted economic event with ID: 9809
2025-07-18 14:37:47,902 - INFO - Inserted economic event with ID: 9810
2025-07-18 14:37:47,904 - INFO - Inserted economic event with ID: 9811
2025-07-18 14:37:47,908 - INFO - Inserted economic event with ID: 9812
2025-07-18 14:37:47,910 - INFO - Inserted economic event with ID: 9813
2025-07-18 14:37:47,913 - INFO - Inserted economic event with ID: 9814
2025-07-18 14:37:47,917 - INFO - Inserted economic event with ID: 9815
2025-07-18 14:37:47,921 - INFO - Inserted economic event with ID: 9816
2025-07-18 14:37:47,924 - INFO - Inserted economic event with ID: 9817


[MESSARI STDERR @ 2025-07-18 14:37:53.137907]


[TWELVE_DATA STDERR @ 2025-07-18 14:37:55.605229]


[BENZINGA STDERR @ 2025-07-18 14:37:58.996621]


[POLYGON STDERR @ 2025-07-18 14:37:59.540467]
2025-07-18 14:37:59,307 - ERROR - [Polygon] Error fetching SPX: 'v'
2025-07-18 14:37:59,411 - ERROR - [Polygon] Error fetching NDX: 'v'
2025-07-18 14:37:59,523 - ERROR - [Polygon] Error fetching RUT: 'v'


[FMP STDERR @ 2025-07-18 14:38:01.742528]
2025-07-18 14:37:59,920 - INFO - Database tables created successfully
2025-07-18 14:37:59,920 - INFO - Database initialization completed
2025-07-18 14:37:59,920 - INFO - MacroIntel Data Store initialized with SQLAlchemy ORM
2025-07-18 14:37:59,920 - INFO - \u2705 Data store module imported successfully
2025-07-18 14:38:00,213 - INFO - Inserted economic event with ID: 9818
2025-07-18 14:38:00,216 - INFO - Inserted economic event with ID: 9819
2025-07-18 14:38:00,220 - INFO - Inserted economic event with ID: 9820
2025-07-18 14:38:00,223 - INFO - Inserted economic event with ID: 9821
2025-07-18 14:38:00,225 - INFO - Inserted economic event with ID: 9822
2025-07-18 14:38:00,228 - INFO - Inserted economic event with ID: 9823
2025-07-18 14:38:00,231 - INFO - Inserted economic event with ID: 9824
2025-07-18 14:38:00,235 - INFO - Inserted economic event with ID: 9825
2025-07-18 14:38:00,238 - INFO - Inserted economic event with ID: 9826
2025-07-18 14:38:00,241 - INFO - Inserted economic event with ID: 9827
2025-07-18 14:38:00,243 - INFO - Inserted economic event with ID: 9828
2025-07-18 14:38:00,246 - INFO - Inserted economic event with ID: 9829
2025-07-18 14:38:00,250 - INFO - Inserted economic event with ID: 9830
2025-07-18 14:38:00,253 - INFO - Inserted economic event with ID: 9831
2025-07-18 14:38:00,256 - INFO - Inserted economic event with ID: 9832
2025-07-18 14:38:00,258 - INFO - Inserted economic event with ID: 9833
2025-07-18 14:38:00,262 - INFO - Inserted economic event with ID: 9834
2025-07-18 14:38:00,265 - INFO - Inserted economic event with ID: 9835
2025-07-18 14:38:00,268 - INFO - Inserted economic event with ID: 9836
2025-07-18 14:38:00,271 - INFO - Inserted economic event with ID: 9837
2025-07-18 14:38:00,274 - INFO - Inserted economic event with ID: 9838
2025-07-18 14:38:00,277 - INFO - Inserted economic event with ID: 9839
2025-07-18 14:38:00,280 - INFO - Inserted economic event with ID: 9840
2025-07-18 14:38:00,283 - INFO - Inserted economic event with ID: 9841
2025-07-18 14:38:00,286 - INFO - Inserted economic event with ID: 9842
2025-07-18 14:38:00,289 - INFO - Inserted economic event with ID: 9843
2025-07-18 14:38:00,292 - INFO - Inserted economic event with ID: 9844
2025-07-18 14:38:00,296 - INFO - Inserted economic event with ID: 9845
2025-07-18 14:38:00,299 - INFO - Inserted economic event with ID: 9846
2025-07-18 14:38:00,302 - INFO - Inserted economic event with ID: 9847
2025-07-18 14:38:00,305 - INFO - Inserted economic event with ID: 9848
2025-07-18 14:38:00,308 - INFO - Inserted economic event with ID: 9849
2025-07-18 14:38:00,312 - INFO - Inserted economic event with ID: 9850
2025-07-18 14:38:00,315 - INFO - Inserted economic event with ID: 9851
2025-07-18 14:38:00,318 - INFO - Inserted economic event with ID: 9852
2025-07-18 14:38:00,321 - INFO - Inserted economic event with ID: 9853
2025-07-18 14:38:00,324 - INFO - Inserted economic event with ID: 9854
2025-07-18 14:38:00,327 - INFO - Inserted economic event with ID: 9855
2025-07-18 14:38:00,330 - INFO - Inserted economic event with ID: 9856
2025-07-18 14:38:00,332 - INFO - Inserted economic event with ID: 9857
2025-07-18 14:38:00,335 - INFO - Inserted economic event with ID: 9858
2025-07-18 14:38:00,338 - INFO - Inserted economic event with ID: 9859
2025-07-18 14:38:00,341 - INFO - Inserted economic event with ID: 9860
2025-07-18 14:38:00,344 - INFO - Inserted economic event with ID: 9861
2025-07-18 14:38:00,347 - INFO - Inserted economic event with ID: 9862
2025-07-18 14:38:00,350 - INFO - Inserted economic event with ID: 9863
2025-07-18 14:38:00,353 - INFO - Inserted economic event with ID: 9864
2025-07-18 14:38:00,357 - INFO - Inserted economic event with ID: 9865
2025-07-18 14:38:00,359 - INFO - Inserted economic event with ID: 9866
2025-07-18 14:38:00,362 - INFO - Inserted economic event with ID: 9867
2025-07-18 14:38:00,365 - INFO - Inserted economic event with ID: 9868
2025-07-18 14:38:00,368 - INFO - Inserted economic event with ID: 9869
2025-07-18 14:38:00,371 - INFO - Inserted economic event with ID: 9870
2025-07-18 14:38:00,373 - INFO - Inserted economic event with ID: 9871
2025-07-18 14:38:00,377 - INFO - Inserted economic event with ID: 9872
2025-07-18 14:38:00,379 - INFO - Inserted economic event with ID: 9873
2025-07-18 14:38:00,382 - INFO - Inserted economic event with ID: 9874
2025-07-18 14:38:00,386 - INFO - Inserted economic event with ID: 9875
2025-07-18 14:38:00,389 - INFO - Inserted economic event with ID: 9876
2025-07-18 14:38:00,390 - INFO - Inserted economic event with ID: 9877
2025-07-18 14:38:00,394 - INFO - Inserted economic event with ID: 9878
2025-07-18 14:38:00,397 - INFO - Inserted economic event with ID: 9879
2025-07-18 14:38:00,400 - INFO - Inserted economic event with ID: 9880
2025-07-18 14:38:00,402 - INFO - Inserted economic event with ID: 9881
2025-07-18 14:38:00,405 - INFO - Inserted economic event with ID: 9882
2025-07-18 14:38:00,409 - INFO - Inserted economic event with ID: 9883
2025-07-18 14:38:00,411 - INFO - Inserted economic event with ID: 9884
2025-07-18 14:38:00,414 - INFO - Inserted economic event with ID: 9885
2025-07-18 14:38:00,417 - INFO - Inserted economic event with ID: 9886
2025-07-18 14:38:00,420 - INFO - Inserted economic event with ID: 9887
2025-07-18 14:38:00,422 - INFO - Inserted economic event with ID: 9888
2025-07-18 14:38:00,425 - INFO - Inserted economic event with ID: 9889
2025-07-18 14:38:00,428 - INFO - Inserted economic event with ID: 9890
2025-07-18 14:38:00,431 - INFO - Inserted economic event with ID: 9891
2025-07-18 14:38:00,434 - INFO - Inserted economic event with ID: 9892
2025-07-18 14:38:00,437 - INFO - Inserted economic event with ID: 9893
2025-07-18 14:38:00,439 - INFO - Inserted economic event with ID: 9894
2025-07-18 14:38:00,442 - INFO - Inserted economic event with ID: 9895
2025-07-18 14:38:00,444 - INFO - Inserted economic event with ID: 9896
2025-07-18 14:38:00,447 - INFO - Inserted economic event with ID: 9897
2025-07-18 14:38:00,450 - INFO - Inserted economic event with ID: 9898
2025-07-18 14:38:00,453 - INFO - Inserted economic event with ID: 9899
2025-07-18 14:38:00,455 - INFO - Inserted economic event with ID: 9900
2025-07-18 14:38:00,458 - INFO - Inserted economic event with ID: 9901
2025-07-18 14:38:00,461 - INFO - Inserted economic event with ID: 9902
2025-07-18 14:38:00,463 - INFO - Inserted economic event with ID: 9903
2025-07-18 14:38:00,467 - INFO - Inserted economic event with ID: 9904
2025-07-18 14:38:00,469 - INFO - Inserted economic event with ID: 9905
2025-07-18 14:38:00,472 - INFO - Inserted economic event with ID: 9906
2025-07-18 14:38:00,474 - INFO - Inserted economic event with ID: 9907
2025-07-18 14:38:00,477 - INFO - Inserted economic event with ID: 9908
2025-07-18 14:38:00,480 - INFO - Inserted economic event with ID: 9909
2025-07-18 14:38:00,482 - INFO - Inserted economic event with ID: 9910
2025-07-18 14:38:00,485 - INFO - Inserted economic event with ID: 9911
2025-07-18 14:38:00,487 - INFO - Inserted economic event with ID: 9912
2025-07-18 14:38:00,490 - INFO - Inserted economic event with ID: 9913
2025-07-18 14:38:00,493 - INFO - Inserted economic event with ID: 9914
2025-07-18 14:38:00,496 - INFO - Inserted economic event with ID: 9915
2025-07-18 14:38:00,499 - INFO - Inserted economic event with ID: 9916
2025-07-18 14:38:00,502 - INFO - Inserted economic event with ID: 9917
2025-07-18 14:38:00,505 - INFO - Inserted economic event with ID: 9918
2025-07-18 14:38:00,508 - INFO - Inserted economic event with ID: 9919
2025-07-18 14:38:00,511 - INFO - Inserted economic event with ID: 9920
2025-07-18 14:38:00,514 - INFO - Inserted economic event with ID: 9921
2025-07-18 14:38:00,516 - INFO - Inserted economic event with ID: 9922
2025-07-18 14:38:00,520 - INFO - Inserted economic event with ID: 9923
2025-07-18 14:38:00,522 - INFO - Inserted economic event with ID: 9924
2025-07-18 14:38:00,526 - INFO - Inserted economic event with ID: 9925
2025-07-18 14:38:00,528 - INFO - Inserted economic event with ID: 9926
2025-07-18 14:38:00,532 - INFO - Inserted economic event with ID: 9927
2025-07-18 14:38:00,535 - INFO - Inserted economic event with ID: 9928
2025-07-18 14:38:00,537 - INFO - Inserted economic event with ID: 9929
2025-07-18 14:38:00,540 - INFO - Inserted economic event with ID: 9930
2025-07-18 14:38:00,543 - INFO - Inserted economic event with ID: 9931
2025-07-18 14:38:00,546 - INFO - Inserted economic event with ID: 9932
2025-07-18 14:38:00,549 - INFO - Inserted economic event with ID: 9933
2025-07-18 14:38:00,551 - INFO - Inserted economic event with ID: 9934
2025-07-18 14:38:00,554 - INFO - Inserted economic event with ID: 9935
2025-07-18 14:38:00,557 - INFO - Inserted economic event with ID: 9936
2025-07-18 14:38:00,559 - INFO - Inserted economic event with ID: 9937
2025-07-18 14:38:00,562 - INFO - Inserted economic event with ID: 9938
2025-07-18 14:38:00,564 - INFO - Inserted economic event with ID: 9939
2025-07-18 14:38:00,568 - INFO - Inserted economic event with ID: 9940
2025-07-18 14:38:00,570 - INFO - Inserted economic event with ID: 9941
2025-07-18 14:38:00,573 - INFO - Inserted economic event with ID: 9942
2025-07-18 14:38:00,576 - INFO - Inserted economic event with ID: 9943
2025-07-18 14:38:00,578 - INFO - Inserted economic event with ID: 9944
2025-07-18 14:38:00,581 - INFO - Inserted economic event with ID: 9945
2025-07-18 14:38:00,584 - INFO - Inserted economic event with ID: 9946
2025-07-18 14:38:00,587 - INFO - Inserted economic event with ID: 9947
2025-07-18 14:38:00,590 - INFO - Inserted economic event with ID: 9948
2025-07-18 14:38:00,593 - INFO - Inserted economic event with ID: 9949
2025-07-18 14:38:00,595 - INFO - Inserted economic event with ID: 9950
2025-07-18 14:38:00,597 - INFO - Inserted economic event with ID: 9951
2025-07-18 14:38:00,601 - INFO - Inserted economic event with ID: 9952
2025-07-18 14:38:00,603 - INFO - Inserted economic event with ID: 9953
2025-07-18 14:38:00,607 - INFO - Inserted economic event with ID: 9954
2025-07-18 14:38:00,610 - INFO - Inserted economic event with ID: 9955
2025-07-18 14:38:00,612 - INFO - Inserted economic event with ID: 9956
2025-07-18 14:38:00,614 - INFO - Inserted economic event with ID: 9957
2025-07-18 14:38:00,617 - INFO - Inserted economic event with ID: 9958
2025-07-18 14:38:00,620 - INFO - Inserted economic event with ID: 9959
2025-07-18 14:38:00,623 - INFO - Inserted economic event with ID: 9960
2025-07-18 14:38:00,626 - INFO - Inserted economic event with ID: 9961
2025-07-18 14:38:00,629 - INFO - Inserted economic event with ID: 9962
2025-07-18 14:38:00,631 - INFO - Inserted economic event with ID: 9963
2025-07-18 14:38:00,633 - INFO - Inserted economic event with ID: 9964
2025-07-18 14:38:00,636 - INFO - Inserted economic event with ID: 9965
2025-07-18 14:38:00,638 - INFO - Inserted economic event with ID: 9966
2025-07-18 14:38:00,642 - INFO - Inserted economic event with ID: 9967
2025-07-18 14:38:00,644 - INFO - Inserted economic event with ID: 9968
2025-07-18 14:38:00,647 - INFO - Inserted economic event with ID: 9969
2025-07-18 14:38:00,650 - INFO - Inserted economic event with ID: 9970
2025-07-18 14:38:00,653 - INFO - Inserted economic event with ID: 9971
2025-07-18 14:38:00,655 - INFO - Inserted economic event with ID: 9972
2025-07-18 14:38:00,659 - INFO - Inserted economic event with ID: 9973
2025-07-18 14:38:00,661 - INFO - Inserted economic event with ID: 9974
2025-07-18 14:38:00,664 - INFO - Inserted economic event with ID: 9975
2025-07-18 14:38:00,667 - INFO - Inserted economic event with ID: 9976
2025-07-18 14:38:00,670 - INFO - Inserted economic event with ID: 9977
2025-07-18 14:38:00,673 - INFO - Inserted economic event with ID: 9978
2025-07-18 14:38:00,676 - INFO - Inserted economic event with ID: 9979
2025-07-18 14:38:00,679 - INFO - Inserted economic event with ID: 9980
2025-07-18 14:38:00,681 - INFO - Inserted economic event with ID: 9981
2025-07-18 14:38:00,684 - INFO - Inserted economic event with ID: 9982
2025-07-18 14:38:00,687 - INFO - Inserted economic event with ID: 9983
2025-07-18 14:38:00,690 - INFO - Inserted economic event with ID: 9984
2025-07-18 14:38:00,693 - INFO - Inserted economic event with ID: 9985
2025-07-18 14:38:00,696 - INFO - Inserted economic event with ID: 9986
2025-07-18 14:38:00,699 - INFO - Inserted economic event with ID: 9987
2025-07-18 14:38:00,701 - INFO - Inserted economic event with ID: 9988
2025-07-18 14:38:00,705 - INFO - Inserted economic event with ID: 9989
2025-07-18 14:38:00,708 - INFO - Inserted economic event with ID: 9990
2025-07-18 14:38:00,710 - INFO - Inserted economic event with ID: 9991
2025-07-18 14:38:00,713 - INFO - Inserted economic event with ID: 9992
2025-07-18 14:38:00,717 - INFO - Inserted economic event with ID: 9993
2025-07-18 14:38:00,719 - INFO - Inserted economic event with ID: 9994
2025-07-18 14:38:00,722 - INFO - Inserted economic event with ID: 9995
2025-07-18 14:38:00,724 - INFO - Inserted economic event with ID: 9996
2025-07-18 14:38:00,727 - INFO - Inserted economic event with ID: 9997
2025-07-18 14:38:00,730 - INFO - Inserted economic event with ID: 9998
2025-07-18 14:38:00,733 - INFO - Inserted economic event with ID: 9999
2025-07-18 14:38:00,735 - INFO - Inserted economic event with ID: 10000
2025-07-18 14:38:00,738 - INFO - Inserted economic event with ID: 10001
2025-07-18 14:38:00,741 - INFO - Inserted economic event with ID: 10002
2025-07-18 14:38:00,744 - INFO - Inserted economic event with ID: 10003
2025-07-18 14:38:00,746 - INFO - Inserted economic event with ID: 10004
2025-07-18 14:38:00,749 - INFO - Inserted economic event with ID: 10005
2025-07-18 14:38:00,752 - INFO - Inserted economic event with ID: 10006
2025-07-18 14:38:00,754 - INFO - Inserted economic event with ID: 10007
2025-07-18 14:38:00,756 - INFO - Inserted economic event with ID: 10008
2025-07-18 14:38:00,760 - INFO - Inserted economic event with ID: 10009
2025-07-18 14:38:00,763 - INFO - Inserted economic event with ID: 10010
2025-07-18 14:38:00,765 - INFO - Inserted economic event with ID: 10011
2025-07-18 14:38:00,768 - INFO - Inserted economic event with ID: 10012
2025-07-18 14:38:00,771 - INFO - Inserted economic event with ID: 10013
2025-07-18 14:38:00,773 - INFO - Inserted economic event with ID: 10014
2025-07-18 14:38:00,776 - INFO - Inserted economic event with ID: 10015
2025-07-18 14:38:00,779 - INFO - Inserted economic event with ID: 10016
2025-07-18 14:38:00,781 - INFO - Inserted economic event with ID: 10017
2025-07-18 14:38:00,785 - INFO - Inserted economic event with ID: 10018
2025-07-18 14:38:00,788 - INFO - Inserted economic event with ID: 10019
2025-07-18 14:38:00,791 - INFO - Inserted economic event with ID: 10020
2025-07-18 14:38:00,794 - INFO - Inserted economic event with ID: 10021
2025-07-18 14:38:00,797 - INFO - Inserted economic event with ID: 10022
2025-07-18 14:38:00,799 - INFO - Inserted economic event with ID: 10023
2025-07-18 14:38:00,802 - INFO - Inserted economic event with ID: 10024
2025-07-18 14:38:00,805 - INFO - Inserted economic event with ID: 10025
2025-07-18 14:38:00,807 - INFO - Inserted economic event with ID: 10026
2025-07-18 14:38:00,810 - INFO - Inserted economic event with ID: 10027
2025-07-18 14:38:00,813 - INFO - Inserted economic event with ID: 10028
2025-07-18 14:38:00,815 - INFO - Inserted economic event with ID: 10029
2025-07-18 14:38:00,817 - INFO - Inserted economic event with ID: 10030
2025-07-18 14:38:00,821 - INFO - Inserted economic event with ID: 10031
2025-07-18 14:38:00,824 - INFO - Inserted economic event with ID: 10032
2025-07-18 14:38:00,826 - INFO - Inserted economic event with ID: 10033
2025-07-18 14:38:00,829 - INFO - Inserted economic event with ID: 10034
2025-07-18 14:38:00,832 - INFO - Inserted economic event with ID: 10035
2025-07-18 14:38:00,835 - INFO - Inserted economic event with ID: 10036
2025-07-18 14:38:00,837 - INFO - Inserted economic event with ID: 10037
2025-07-18 14:38:00,840 - INFO - Inserted economic event with ID: 10038
2025-07-18 14:38:00,844 - INFO - Inserted economic event with ID: 10039
2025-07-18 14:38:00,847 - INFO - Inserted economic event with ID: 10040
2025-07-18 14:38:00,850 - INFO - Inserted economic event with ID: 10041
2025-07-18 14:38:00,853 - INFO - Inserted economic event with ID: 10042
2025-07-18 14:38:00,856 - INFO - Inserted economic event with ID: 10043
2025-07-18 14:38:00,859 - INFO - Inserted economic event with ID: 10044
2025-07-18 14:38:00,862 - INFO - Inserted economic event with ID: 10045
2025-07-18 14:38:00,865 - INFO - Inserted economic event with ID: 10046
2025-07-18 14:38:00,868 - INFO - Inserted economic event with ID: 10047
2025-07-18 14:38:00,871 - INFO - Inserted economic event with ID: 10048
2025-07-18 14:38:00,874 - INFO - Inserted economic event with ID: 10049
2025-07-18 14:38:00,877 - INFO - Inserted economic event with ID: 10050
2025-07-18 14:38:00,881 - INFO - Inserted economic event with ID: 10051
2025-07-18 14:38:00,883 - INFO - Inserted economic event with ID: 10052
2025-07-18 14:38:00,886 - INFO - Inserted economic event with ID: 10053
2025-07-18 14:38:00,889 - INFO - Inserted economic event with ID: 10054
2025-07-18 14:38:00,891 - INFO - Inserted economic event with ID: 10055
2025-07-18 14:38:00,894 - INFO - Inserted economic event with ID: 10056
2025-07-18 14:38:00,897 - INFO - Inserted economic event with ID: 10057
2025-07-18 14:38:00,901 - INFO - Inserted economic event with ID: 10058
2025-07-18 14:38:00,904 - INFO - Inserted economic event with ID: 10059
2025-07-18 14:38:00,906 - INFO - Inserted economic event with ID: 10060
2025-07-18 14:38:00,909 - INFO - Inserted economic event with ID: 10061
2025-07-18 14:38:00,913 - INFO - Inserted economic event with ID: 10062
2025-07-18 14:38:00,915 - INFO - Inserted economic event with ID: 10063
2025-07-18 14:38:00,918 - INFO - Inserted economic event with ID: 10064
2025-07-18 14:38:00,921 - INFO - Inserted economic event with ID: 10065
2025-07-18 14:38:00,924 - INFO - Inserted economic event with ID: 10066
2025-07-18 14:38:00,926 - INFO - Inserted economic event with ID: 10067
2025-07-18 14:38:00,929 - INFO - Inserted economic event with ID: 10068
2025-07-18 14:38:00,932 - INFO - Inserted economic event with ID: 10069
2025-07-18 14:38:00,936 - INFO - Inserted economic event with ID: 10070
2025-07-18 14:38:00,939 - INFO - Inserted economic event with ID: 10071
2025-07-18 14:38:00,941 - INFO - Inserted economic event with ID: 10072
2025-07-18 14:38:00,944 - INFO - Inserted economic event with ID: 10073
2025-07-18 14:38:00,947 - INFO - Inserted economic event with ID: 10074
2025-07-18 14:38:00,949 - INFO - Inserted economic event with ID: 10075
2025-07-18 14:38:00,952 - INFO - Inserted economic event with ID: 10076
2025-07-18 14:38:00,955 - INFO - Inserted economic event with ID: 10077
2025-07-18 14:38:00,959 - INFO - Inserted economic event with ID: 10078
2025-07-18 14:38:00,962 - INFO - Inserted economic event with ID: 10079
2025-07-18 14:38:00,964 - INFO - Inserted economic event with ID: 10080
2025-07-18 14:38:00,968 - INFO - Inserted economic event with ID: 10081
2025-07-18 14:38:00,970 - INFO - Inserted economic event with ID: 10082
2025-07-18 14:38:00,974 - INFO - Inserted economic event with ID: 10083
2025-07-18 14:38:00,977 - INFO - Inserted economic event with ID: 10084
2025-07-18 14:38:00,978 - INFO - Inserted economic event with ID: 10085
2025-07-18 14:38:00,981 - INFO - Inserted economic event with ID: 10086
2025-07-18 14:38:00,984 - INFO - Inserted economic event with ID: 10087
2025-07-18 14:38:00,988 - INFO - Inserted economic event with ID: 10088
2025-07-18 14:38:00,990 - INFO - Inserted economic event with ID: 10089
2025-07-18 14:38:00,993 - INFO - Inserted economic event with ID: 10090
2025-07-18 14:38:00,996 - INFO - Inserted economic event with ID: 10091
2025-07-18 14:38:00,998 - INFO - Inserted economic event with ID: 10092
2025-07-18 14:38:01,000 - INFO - Inserted economic event with ID: 10093
2025-07-18 14:38:01,003 - INFO - Inserted economic event with ID: 10094
2025-07-18 14:38:01,006 - INFO - Inserted economic event with ID: 10095
2025-07-18 14:38:01,009 - INFO - Inserted economic event with ID: 10096
2025-07-18 14:38:01,012 - INFO - Inserted economic event with ID: 10097
2025-07-18 14:38:01,015 - INFO - Inserted economic event with ID: 10098
2025-07-18 14:38:01,019 - INFO - Inserted economic event with ID: 10099
2025-07-18 14:38:01,021 - INFO - Inserted economic event with ID: 10100
2025-07-18 14:38:01,023 - INFO - Inserted economic event with ID: 10101
2025-07-18 14:38:01,027 - INFO - Inserted economic event with ID: 10102
2025-07-18 14:38:01,030 - INFO - Inserted economic event with ID: 10103
2025-07-18 14:38:01,033 - INFO - Inserted economic event with ID: 10104
2025-07-18 14:38:01,036 - INFO - Inserted economic event with ID: 10105
2025-07-18 14:38:01,039 - INFO - Inserted economic event with ID: 10106
2025-07-18 14:38:01,042 - INFO - Inserted economic event with ID: 10107
2025-07-18 14:38:01,044 - INFO - Inserted economic event with ID: 10108
2025-07-18 14:38:01,047 - INFO - Inserted economic event with ID: 10109
2025-07-18 14:38:01,051 - INFO - Inserted economic event with ID: 10110
2025-07-18 14:38:01,053 - INFO - Inserted economic event with ID: 10111
2025-07-18 14:38:01,056 - INFO - Inserted economic event with ID: 10112
2025-07-18 14:38:01,059 - INFO - Inserted economic event with ID: 10113
2025-07-18 14:38:01,063 - INFO - Inserted economic event with ID: 10114
2025-07-18 14:38:01,066 - INFO - Inserted economic event with ID: 10115
2025-07-18 14:38:01,067 - INFO - Inserted economic event with ID: 10116
2025-07-18 14:38:01,071 - INFO - Inserted economic event with ID: 10117
2025-07-18 14:38:01,074 - INFO - Inserted economic event with ID: 10118
2025-07-18 14:38:01,077 - INFO - Inserted economic event with ID: 10119
2025-07-18 14:38:01,079 - INFO - Inserted economic event with ID: 10120
2025-07-18 14:38:01,081 - INFO - Inserted economic event with ID: 10121
2025-07-18 14:38:01,084 - INFO - Inserted economic event with ID: 10122
2025-07-18 14:38:01,086 - INFO - Inserted economic event with ID: 10123
2025-07-18 14:38:01,090 - INFO - Inserted economic event with ID: 10124
2025-07-18 14:38:01,093 - INFO - Inserted economic event with ID: 10125
2025-07-18 14:38:01,096 - INFO - Inserted economic event with ID: 10126
2025-07-18 14:38:01,099 - INFO - Inserted economic event with ID: 10127
2025-07-18 14:38:01,101 - INFO - Inserted economic event with ID: 10128
2025-07-18 14:38:01,105 - INFO - Inserted economic event with ID: 10129
2025-07-18 14:38:01,107 - INFO - Inserted economic event with ID: 10130
2025-07-18 14:38:01,109 - INFO - Inserted economic event with ID: 10131
2025-07-18 14:38:01,113 - INFO - Inserted economic event with ID: 10132
2025-07-18 14:38:01,116 - INFO - Inserted economic event with ID: 10133
2025-07-18 14:38:01,119 - INFO - Inserted economic event with ID: 10134
2025-07-18 14:38:01,121 - INFO - Inserted economic event with ID: 10135
2025-07-18 14:38:01,124 - INFO - Inserted economic event with ID: 10136
2025-07-18 14:38:01,127 - INFO - Inserted economic event with ID: 10137
2025-07-18 14:38:01,130 - INFO - Inserted economic event with ID: 10138
2025-07-18 14:38:01,133 - INFO - Inserted economic event with ID: 10139
2025-07-18 14:38:01,137 - INFO - Inserted economic event with ID: 10140
2025-07-18 14:38:01,140 - INFO - Inserted economic event with ID: 10141
2025-07-18 14:38:01,142 - INFO - Inserted economic event with ID: 10142
2025-07-18 14:38:01,144 - INFO - Inserted economic event with ID: 10143
2025-07-18 14:38:01,148 - INFO - Inserted economic event with ID: 10144
2025-07-18 14:38:01,150 - INFO - Inserted economic event with ID: 10145
2025-07-18 14:38:01,153 - INFO - Inserted economic event with ID: 10146
2025-07-18 14:38:01,156 - INFO - Inserted economic event with ID: 10147
2025-07-18 14:38:01,159 - INFO - Inserted economic event with ID: 10148
2025-07-18 14:38:01,162 - INFO - Inserted economic event with ID: 10149
2025-07-18 14:38:01,165 - INFO - Inserted economic event with ID: 10150
2025-07-18 14:38:01,169 - INFO - Inserted economic event with ID: 10151
2025-07-18 14:38:01,172 - INFO - Inserted economic event with ID: 10152
2025-07-18 14:38:01,174 - INFO - Inserted economic event with ID: 10153
2025-07-18 14:38:01,178 - INFO - Inserted economic event with ID: 10154
2025-07-18 14:38:01,181 - INFO - Inserted economic event with ID: 10155
2025-07-18 14:38:01,184 - INFO - Inserted economic event with ID: 10156
2025-07-18 14:38:01,186 - INFO - Inserted economic event with ID: 10157
2025-07-18 14:38:01,189 - INFO - Inserted economic event with ID: 10158
2025-07-18 14:38:01,192 - INFO - Inserted economic event with ID: 10159
2025-07-18 14:38:01,195 - INFO - Inserted economic event with ID: 10160
2025-07-18 14:38:01,197 - INFO - Inserted economic event with ID: 10161
2025-07-18 14:38:01,200 - INFO - Inserted economic event with ID: 10162
2025-07-18 14:38:01,203 - INFO - Inserted economic event with ID: 10163
2025-07-18 14:38:01,206 - INFO - Inserted economic event with ID: 10164
2025-07-18 14:38:01,208 - INFO - Inserted economic event with ID: 10165
2025-07-18 14:38:01,211 - INFO - Inserted economic event with ID: 10166
2025-07-18 14:38:01,214 - INFO - Inserted economic event with ID: 10167
2025-07-18 14:38:01,218 - INFO - Inserted economic event with ID: 10168
2025-07-18 14:38:01,221 - INFO - Inserted economic event with ID: 10169
2025-07-18 14:38:01,224 - INFO - Inserted economic event with ID: 10170
2025-07-18 14:38:01,227 - INFO - Inserted economic event with ID: 10171
2025-07-18 14:38:01,229 - INFO - Inserted economic event with ID: 10172
2025-07-18 14:38:01,232 - INFO - Inserted economic event with ID: 10173
2025-07-18 14:38:01,234 - INFO - Inserted economic event with ID: 10174
2025-07-18 14:38:01,237 - INFO - Inserted economic event with ID: 10175
2025-07-18 14:38:01,240 - INFO - Inserted economic event with ID: 10176
2025-07-18 14:38:01,243 - INFO - Inserted economic event with ID: 10177
2025-07-18 14:38:01,246 - INFO - Inserted economic event with ID: 10178
2025-07-18 14:38:01,249 - INFO - Inserted economic event with ID: 10179
2025-07-18 14:38:01,251 - INFO - Inserted economic event with ID: 10180
2025-07-18 14:38:01,254 - INFO - Inserted economic event with ID: 10181
2025-07-18 14:38:01,257 - INFO - Inserted economic event with ID: 10182
2025-07-18 14:38:01,262 - INFO - Inserted economic event with ID: 10183
2025-07-18 14:38:01,267 - INFO - Inserted economic event with ID: 10184
2025-07-18 14:38:01,271 - INFO - Inserted economic event with ID: 10185
2025-07-18 14:38:01,275 - INFO - Inserted economic event with ID: 10186
2025-07-18 14:38:01,279 - INFO - Inserted economic event with ID: 10187
2025-07-18 14:38:01,282 - INFO - Inserted economic event with ID: 10188
2025-07-18 14:38:01,285 - INFO - Inserted economic event with ID: 10189
2025-07-18 14:38:01,288 - INFO - Inserted economic event with ID: 10190
2025-07-18 14:38:01,291 - INFO - Inserted economic event with ID: 10191
2025-07-18 14:38:01,294 - INFO - Inserted economic event with ID: 10192
2025-07-18 14:38:01,297 - INFO - Inserted economic event with ID: 10193
2025-07-18 14:38:01,300 - INFO - Inserted economic event with ID: 10194
2025-07-18 14:38:01,303 - INFO - Inserted economic event with ID: 10195
2025-07-18 14:38:01,306 - INFO - Inserted economic event with ID: 10196
2025-07-18 14:38:01,308 - INFO - Inserted economic event with ID: 10197
2025-07-18 14:38:01,311 - INFO - Inserted economic event with ID: 10198
2025-07-18 14:38:01,314 - INFO - Inserted economic event with ID: 10199
2025-07-18 14:38:01,317 - INFO - Inserted economic event with ID: 10200
2025-07-18 14:38:01,320 - INFO - Inserted economic event with ID: 10201
2025-07-18 14:38:01,323 - INFO - Inserted economic event with ID: 10202
2025-07-18 14:38:01,326 - INFO - Inserted economic event with ID: 10203
2025-07-18 14:38:01,328 - INFO - Inserted economic event with ID: 10204
2025-07-18 14:38:01,331 - INFO - Inserted economic event with ID: 10205
2025-07-18 14:38:01,334 - INFO - Inserted economic event with ID: 10206
2025-07-18 14:38:01,337 - INFO - Inserted economic event with ID: 10207
2025-07-18 14:38:01,340 - INFO - Inserted economic event with ID: 10208
2025-07-18 14:38:01,342 - INFO - Inserted economic event with ID: 10209
2025-07-18 14:38:01,346 - INFO - Inserted economic event with ID: 10210
2025-07-18 14:38:01,349 - INFO - Inserted economic event with ID: 10211
2025-07-18 14:38:01,351 - INFO - Inserted economic event with ID: 10212
2025-07-18 14:38:01,354 - INFO - Inserted economic event with ID: 10213
2025-07-18 14:38:01,358 - INFO - Inserted economic event with ID: 10214
2025-07-18 14:38:01,361 - INFO - Inserted economic event with ID: 10215
2025-07-18 14:38:01,364 - INFO - Inserted economic event with ID: 10216
2025-07-18 14:38:01,367 - INFO - Inserted economic event with ID: 10217
2025-07-18 14:38:01,370 - INFO - Inserted economic event with ID: 10218
2025-07-18 14:38:01,374 - INFO - Inserted economic event with ID: 10219
2025-07-18 14:38:01,376 - INFO - Inserted economic event with ID: 10220
2025-07-18 14:38:01,379 - INFO - Inserted economic event with ID: 10221
2025-07-18 14:38:01,382 - INFO - Inserted economic event with ID: 10222
2025-07-18 14:38:01,385 - INFO - Inserted economic event with ID: 10223
2025-07-18 14:38:01,389 - INFO - Inserted economic event with ID: 10224
2025-07-18 14:38:01,392 - INFO - Inserted economic event with ID: 10225
2025-07-18 14:38:01,395 - INFO - Inserted economic event with ID: 10226
2025-07-18 14:38:01,398 - INFO - Inserted economic event with ID: 10227
2025-07-18 14:38:01,401 - INFO - Inserted economic event with ID: 10228
2025-07-18 14:38:01,405 - INFO - Inserted economic event with ID: 10229
2025-07-18 14:38:01,408 - INFO - Inserted economic event with ID: 10230
2025-07-18 14:38:01,411 - INFO - Inserted economic event with ID: 10231
2025-07-18 14:38:01,415 - INFO - Inserted economic event with ID: 10232
2025-07-18 14:38:01,419 - INFO - Inserted economic event with ID: 10233
2025-07-18 14:38:01,422 - INFO - Inserted economic event with ID: 10234
2025-07-18 14:38:01,424 - INFO - Inserted economic event with ID: 10235
2025-07-18 14:38:01,427 - INFO - Inserted economic event with ID: 10236
2025-07-18 14:38:01,431 - INFO - Inserted economic event with ID: 10237
2025-07-18 14:38:01,435 - INFO - Inserted economic event with ID: 10238
2025-07-18 14:38:01,438 - INFO - Inserted economic event with ID: 10239
2025-07-18 14:38:01,441 - INFO - Inserted economic event with ID: 10240
2025-07-18 14:38:01,445 - INFO - Inserted economic event with ID: 10241
2025-07-18 14:38:01,449 - INFO - Inserted economic event with ID: 10242
2025-07-18 14:38:01,452 - INFO - Inserted economic event with ID: 10243
2025-07-18 14:38:01,455 - INFO - Inserted economic event with ID: 10244
2025-07-18 14:38:01,458 - INFO - Inserted economic event with ID: 10245
2025-07-18 14:38:01,461 - INFO - Inserted economic event with ID: 10246
2025-07-18 14:38:01,467 - INFO - Inserted economic event with ID: 10247
2025-07-18 14:38:01,472 - INFO - Inserted economic event with ID: 10248
2025-07-18 14:38:01,477 - INFO - Inserted economic event with ID: 10249
2025-07-18 14:38:01,480 - INFO - Inserted economic event with ID: 10250
2025-07-18 14:38:01,483 - INFO - Inserted economic event with ID: 10251
2025-07-18 14:38:01,486 - INFO - Inserted economic event with ID: 10252
2025-07-18 14:38:01,489 - INFO - Inserted economic event with ID: 10253
2025-07-18 14:38:01,492 - INFO - Inserted economic event with ID: 10254
2025-07-18 14:38:01,496 - INFO - Inserted economic event with ID: 10255
2025-07-18 14:38:01,499 - INFO - Inserted economic event with ID: 10256
2025-07-18 14:38:01,502 - INFO - Inserted economic event with ID: 10257
2025-07-18 14:38:01,505 - INFO - Inserted economic event with ID: 10258
2025-07-18 14:38:01,509 - INFO - Inserted economic event with ID: 10259
2025-07-18 14:38:01,512 - INFO - Inserted economic event with ID: 10260
2025-07-18 14:38:01,515 - INFO - Inserted economic event with ID: 10261
2025-07-18 14:38:01,518 - INFO - Inserted economic event with ID: 10262
2025-07-18 14:38:01,520 - INFO - Inserted economic event with ID: 10263
2025-07-18 14:38:01,523 - INFO - Inserted economic event with ID: 10264
2025-07-18 14:38:01,526 - INFO - Inserted economic event with ID: 10265
2025-07-18 14:38:01,529 - INFO - Inserted economic event with ID: 10266
2025-07-18 14:38:01,532 - INFO - Inserted economic event with ID: 10267
2025-07-18 14:38:01,535 - INFO - Inserted economic event with ID: 10268
2025-07-18 14:38:01,538 - INFO - Inserted economic event with ID: 10269
2025-07-18 14:38:01,542 - INFO - Inserted economic event with ID: 10270
2025-07-18 14:38:01,545 - INFO - Inserted economic event with ID: 10271
2025-07-18 14:38:01,548 - INFO - Inserted economic event with ID: 10272
2025-07-18 14:38:01,551 - INFO - Inserted economic event with ID: 10273
2025-07-18 14:38:01,554 - INFO - Inserted economic event with ID: 10274
2025-07-18 14:38:01,557 - INFO - Inserted economic event with ID: 10275
2025-07-18 14:38:01,560 - INFO - Inserted economic event with ID: 10276
2025-07-18 14:38:01,563 - INFO - Inserted economic event with ID: 10277
2025-07-18 14:38:01,566 - INFO - Inserted economic event with ID: 10278
2025-07-18 14:38:01,569 - INFO - Inserted economic event with ID: 10279
2025-07-18 14:38:01,572 - INFO - Inserted economic event with ID: 10280
2025-07-18 14:38:01,575 - INFO - Inserted economic event with ID: 10281
2025-07-18 14:38:01,577 - INFO - Inserted economic event with ID: 10282
2025-07-18 14:38:01,581 - INFO - Inserted economic event with ID: 10283
2025-07-18 14:38:01,584 - INFO - Inserted economic event with ID: 10284
2025-07-18 14:38:01,587 - INFO - Inserted economic event with ID: 10285
2025-07-18 14:38:01,590 - INFO - Inserted economic event with ID: 10286
2025-07-18 14:38:01,592 - INFO - Inserted economic event with ID: 10287
2025-07-18 14:38:01,595 - INFO - Inserted economic event with ID: 10288
2025-07-18 14:38:01,598 - INFO - Inserted economic event with ID: 10289
2025-07-18 14:38:01,601 - INFO - Inserted economic event with ID: 10290
2025-07-18 14:38:01,604 - INFO - Inserted economic event with ID: 10291
2025-07-18 14:38:01,608 - INFO - Inserted economic event with ID: 10292
2025-07-18 14:38:01,611 - INFO - Inserted economic event with ID: 10293
2025-07-18 14:38:01,613 - INFO - Inserted economic event with ID: 10294
2025-07-18 14:38:01,617 - INFO - Inserted economic event with ID: 10295
2025-07-18 14:38:01,620 - INFO - Inserted economic event with ID: 10296
2025-07-18 14:38:01,624 - INFO - Inserted economic event with ID: 10297
2025-07-18 14:38:01,626 - INFO - Inserted economic event with ID: 10298
2025-07-18 14:38:01,629 - INFO - Inserted economic event with ID: 10299
2025-07-18 14:38:01,632 - INFO - Inserted economic event with ID: 10300
2025-07-18 14:38:01,635 - INFO - Inserted economic event with ID: 10301
2025-07-18 14:38:01,638 - INFO - Inserted economic event with ID: 10302
2025-07-18 14:38:01,641 - INFO - Inserted economic event with ID: 10303
2025-07-18 14:38:01,644 - INFO - Inserted economic event with ID: 10304
2025-07-18 14:38:01,647 - INFO - Inserted economic event with ID: 10305
2025-07-18 14:38:01,651 - INFO - Inserted economic event with ID: 10306
2025-07-18 14:38:01,653 - INFO - Inserted economic event with ID: 10307
2025-07-18 14:38:01,656 - INFO - Inserted economic event with ID: 10308
2025-07-18 14:38:01,659 - INFO - Inserted economic event with ID: 10309
2025-07-18 14:38:01,663 - INFO - Inserted economic event with ID: 10310
2025-07-18 14:38:01,667 - INFO - Inserted economic event with ID: 10311
2025-07-18 14:38:01,670 - INFO - Inserted economic event with ID: 10312
2025-07-18 14:38:01,673 - INFO - Inserted economic event with ID: 10313
2025-07-18 14:38:01,676 - INFO - Inserted economic event with ID: 10314
2025-07-18 14:38:01,678 - INFO - Inserted economic event with ID: 10315
2025-07-18 14:38:01,681 - INFO - Inserted economic event with ID: 10316
2025-07-18 14:38:01,685 - INFO - Inserted economic event with ID: 10317
2025-07-18 14:38:01,687 - INFO - Inserted economic event with ID: 10318
2025-07-18 14:38:01,691 - INFO - Inserted economic event with ID: 10319


[MESSARI STDERR @ 2025-07-18 14:38:06.892934]


[TWELVE_DATA STDERR @ 2025-07-18 14:38:09.041345]


[BENZINGA STDERR @ 2025-07-18 22:13:46.682464]


[POLYGON STDERR @ 2025-07-18 22:13:47.428387]
2025-07-18 22:13:47,191 - ERROR - [Polygon] Error fetching SPX: 'v'
2025-07-18 22:13:47,303 - ERROR - [Polygon] Error fetching NDX: 'v'
2025-07-18 22:13:47,399 - ERROR - [Polygon] Error fetching RUT: 'v'


[FMP STDERR @ 2025-07-18 22:13:50.018034]
2025-07-18 22:13:47,979 - INFO - Database tables created successfully
2025-07-18 22:13:47,979 - INFO - Database initialization completed
2025-07-18 22:13:47,979 - INFO - MacroIntel Data Store initialized with SQLAlchemy ORM
2025-07-18 22:13:47,979 - INFO - \u2705 Data store module imported successfully
2025-07-18 22:13:48,405 - INFO - Inserted economic event with ID: 10320
2025-07-18 22:13:48,410 - INFO - Inserted economic event with ID: 10321
2025-07-18 22:13:48,410 - INFO - Inserted economic event with ID: 10322
2025-07-18 22:13:48,419 - INFO - Inserted economic event with ID: 10323
2025-07-18 22:13:48,421 - INFO - Inserted economic event with ID: 10324
2025-07-18 22:13:48,421 - INFO - Inserted economic event with ID: 10325
2025-07-18 22:13:48,421 - INFO - Inserted economic event with ID: 10326
2025-07-18 22:13:48,421 - INFO - Inserted economic event with ID: 10327
2025-07-18 22:13:48,421 - INFO - Inserted economic event with ID: 10328
2025-07-18 22:13:48,437 - INFO - Inserted economic event with ID: 10329
2025-07-18 22:13:48,437 - INFO - Inserted economic event with ID: 10330
2025-07-18 22:13:48,437 - INFO - Inserted economic event with ID: 10331
2025-07-18 22:13:48,437 - INFO - Inserted economic event with ID: 10332
2025-07-18 22:13:48,437 - INFO - Inserted economic event with ID: 10333
2025-07-18 22:13:48,437 - INFO - Inserted economic event with ID: 10334
2025-07-18 22:13:48,453 - INFO - Inserted economic event with ID: 10335
2025-07-18 22:13:48,457 - INFO - Inserted economic event with ID: 10336
2025-07-18 22:13:48,459 - INFO - Inserted economic event with ID: 10337
2025-07-18 22:13:48,459 - INFO - Inserted economic event with ID: 10338
2025-07-18 22:13:48,459 - INFO - Inserted economic event with ID: 10339
2025-07-18 22:13:48,469 - INFO - Inserted economic event with ID: 10340
2025-07-18 22:13:48,469 - INFO - Inserted economic event with ID: 10341
2025-07-18 22:13:48,469 - INFO - Inserted economic event with ID: 10342
2025-07-18 22:13:48,469 - INFO - Inserted economic event with ID: 10343
2025-07-18 22:13:48,469 - INFO - Inserted economic event with ID: 10344
2025-07-18 22:13:48,469 - INFO - Inserted economic event with ID: 10345
2025-07-18 22:13:48,484 - INFO - Inserted economic event with ID: 10346
2025-07-18 22:13:48,484 - INFO - Inserted economic event with ID: 10347
2025-07-18 22:13:48,484 - INFO - Inserted economic event with ID: 10348
2025-07-18 22:13:48,484 - INFO - Inserted economic event with ID: 10349
2025-07-18 22:13:48,484 - INFO - Inserted economic event with ID: 10350
2025-07-18 22:13:48,500 - INFO - Inserted economic event with ID: 10351
2025-07-18 22:13:48,500 - INFO - Inserted economic event with ID: 10352
2025-07-18 22:13:48,500 - INFO - Inserted economic event with ID: 10353
2025-07-18 22:13:48,500 - INFO - Inserted economic event with ID: 10354
2025-07-18 22:13:48,500 - INFO - Inserted economic event with ID: 10355
2025-07-18 22:13:48,516 - INFO - Inserted economic event with ID: 10356
2025-07-18 22:13:48,516 - INFO - Inserted economic event with ID: 10357
2025-07-18 22:13:48,521 - INFO - Inserted economic event with ID: 10358
2025-07-18 22:13:48,521 - INFO - Inserted economic event with ID: 10359
2025-07-18 22:13:48,521 - INFO - Inserted economic event with ID: 10360
2025-07-18 22:13:48,532 - INFO - Inserted economic event with ID: 10361
2025-07-18 22:13:48,532 - INFO - Inserted economic event with ID: 10362
2025-07-18 22:13:48,532 - INFO - Inserted economic event with ID: 10363
2025-07-18 22:13:48,532 - INFO - Inserted economic event with ID: 10364
2025-07-18 22:13:48,542 - INFO - Inserted economic event with ID: 10365
2025-07-18 22:13:48,542 - INFO - Inserted economic event with ID: 10366
2025-07-18 22:13:48,548 - INFO - Inserted economic event with ID: 10367
2025-07-18 22:13:48,548 - INFO - Inserted economic event with ID: 10368
2025-07-18 22:13:48,548 - INFO - Inserted economic event with ID: 10369
2025-07-18 22:13:48,548 - INFO - Inserted economic event with ID: 10370
2025-07-18 22:13:48,548 - INFO - Inserted economic event with ID: 10371
2025-07-18 22:13:48,563 - INFO - Inserted economic event with ID: 10372
2025-07-18 22:13:48,563 - INFO - Inserted economic event with ID: 10373
2025-07-18 22:13:48,563 - INFO - Inserted economic event with ID: 10374
2025-07-18 22:13:48,563 - INFO - Inserted economic event with ID: 10375
2025-07-18 22:13:48,563 - INFO - Inserted economic event with ID: 10376
2025-07-18 22:13:48,563 - INFO - Inserted economic event with ID: 10377
2025-07-18 22:13:48,579 - INFO - Inserted economic event with ID: 10378
2025-07-18 22:13:48,579 - INFO - Inserted economic event with ID: 10379
2025-07-18 22:13:48,579 - INFO - Inserted economic event with ID: 10380
2025-07-18 22:13:48,579 - INFO - Inserted economic event with ID: 10381
2025-07-18 22:13:48,579 - INFO - Inserted economic event with ID: 10382
2025-07-18 22:13:48,595 - INFO - Inserted economic event with ID: 10383
2025-07-18 22:13:48,595 - INFO - Inserted economic event with ID: 10384
2025-07-18 22:13:48,595 - INFO - Inserted economic event with ID: 10385
2025-07-18 22:13:48,595 - INFO - Inserted economic event with ID: 10386
2025-07-18 22:13:48,595 - INFO - Inserted economic event with ID: 10387
2025-07-18 22:13:48,595 - INFO - Inserted economic event with ID: 10388
2025-07-18 22:13:48,611 - INFO - Inserted economic event with ID: 10389
2025-07-18 22:13:48,611 - INFO - Inserted economic event with ID: 10390
2025-07-18 22:13:48,611 - INFO - Inserted economic event with ID: 10391
2025-07-18 22:13:48,611 - INFO - Inserted economic event with ID: 10392
2025-07-18 22:13:48,611 - INFO - Inserted economic event with ID: 10393
2025-07-18 22:13:48,611 - INFO - Inserted economic event with ID: 10394
2025-07-18 22:13:48,627 - INFO - Inserted economic event with ID: 10395
2025-07-18 22:13:48,627 - INFO - Inserted economic event with ID: 10396
2025-07-18 22:13:48,627 - INFO - Inserted economic event with ID: 10397
2025-07-18 22:13:48,627 - INFO - Inserted economic event with ID: 10398
2025-07-18 22:13:48,627 - INFO - Inserted economic event with ID: 10399
2025-07-18 22:13:48,643 - INFO - Inserted economic event with ID: 10400
2025-07-18 22:13:48,643 - INFO - Inserted economic event with ID: 10401
2025-07-18 22:13:48,643 - INFO - Inserted economic event with ID: 10402
2025-07-18 22:13:48,643 - INFO - Inserted economic event with ID: 10403
2025-07-18 22:13:48,656 - INFO - Inserted economic event with ID: 10404
2025-07-18 22:13:48,658 - INFO - Inserted economic event with ID: 10405
2025-07-18 22:13:48,661 - INFO - Inserted economic event with ID: 10406
2025-07-18 22:13:48,663 - INFO - Inserted economic event with ID: 10407
2025-07-18 22:13:48,663 - INFO - Inserted economic event with ID: 10408
2025-07-18 22:13:48,669 - INFO - Inserted economic event with ID: 10409
2025-07-18 22:13:48,674 - INFO - Inserted economic event with ID: 10410
2025-07-18 22:13:48,674 - INFO - Inserted economic event with ID: 10411
2025-07-18 22:13:48,674 - INFO - Inserted economic event with ID: 10412
2025-07-18 22:13:48,674 - INFO - Inserted economic event with ID: 10413
2025-07-18 22:13:48,674 - INFO - Inserted economic event with ID: 10414
2025-07-18 22:13:48,674 - INFO - Inserted economic event with ID: 10415
2025-07-18 22:13:48,690 - INFO - Inserted economic event with ID: 10416
2025-07-18 22:13:48,690 - INFO - Inserted economic event with ID: 10417
2025-07-18 22:13:48,690 - INFO - Inserted economic event with ID: 10418
2025-07-18 22:13:48,690 - INFO - Inserted economic event with ID: 10419
2025-07-18 22:13:48,690 - INFO - Inserted economic event with ID: 10420
2025-07-18 22:13:48,706 - INFO - Inserted economic event with ID: 10421
2025-07-18 22:13:48,706 - INFO - Inserted economic event with ID: 10422
2025-07-18 22:13:48,711 - INFO - Inserted economic event with ID: 10423
2025-07-18 22:13:48,714 - INFO - Inserted economic event with ID: 10424
2025-07-18 22:13:48,717 - INFO - Inserted economic event with ID: 10425
2025-07-18 22:13:48,717 - INFO - Inserted economic event with ID: 10426
2025-07-18 22:13:48,717 - INFO - Inserted economic event with ID: 10427
2025-07-18 22:13:48,717 - INFO - Inserted economic event with ID: 10428
2025-07-18 22:13:48,717 - INFO - Inserted economic event with ID: 10429
2025-07-18 22:13:48,732 - INFO - Inserted economic event with ID: 10430
2025-07-18 22:13:48,732 - INFO - Inserted economic event with ID: 10431
2025-07-18 22:13:48,732 - INFO - Inserted economic event with ID: 10432
2025-07-18 22:13:48,732 - INFO - Inserted economic event with ID: 10433
2025-07-18 22:13:48,732 - INFO - Inserted economic event with ID: 10434
2025-07-18 22:13:48,732 - INFO - Inserted economic event with ID: 10435
2025-07-18 22:13:48,748 - INFO - Inserted economic event with ID: 10436
2025-07-18 22:13:48,753 - INFO - Inserted economic event with ID: 10437
2025-07-18 22:13:48,753 - INFO - Inserted economic event with ID: 10438
2025-07-18 22:13:48,753 - INFO - Inserted economic event with ID: 10439
2025-07-18 22:13:48,753 - INFO - Inserted economic event with ID: 10440
2025-07-18 22:13:48,764 - INFO - Inserted economic event with ID: 10441
2025-07-18 22:13:48,769 - INFO - Inserted economic event with ID: 10442
2025-07-18 22:13:48,769 - INFO - Inserted economic event with ID: 10443
2025-07-18 22:13:48,773 - INFO - Inserted economic event with ID: 10444
2025-07-18 22:13:48,778 - INFO - Inserted economic event with ID: 10445
2025-07-18 22:13:48,781 - INFO - Inserted economic event with ID: 10446
2025-07-18 22:13:48,785 - INFO - Inserted economic event with ID: 10447
2025-07-18 22:13:48,788 - INFO - Inserted economic event with ID: 10448
2025-07-18 22:13:48,791 - INFO - Inserted economic event with ID: 10449
2025-07-18 22:13:48,792 - INFO - Inserted economic event with ID: 10450
2025-07-18 22:13:48,796 - INFO - Inserted economic event with ID: 10451
2025-07-18 22:13:48,800 - INFO - Inserted economic event with ID: 10452
2025-07-18 22:13:48,803 - INFO - Inserted economic event with ID: 10453
2025-07-18 22:13:48,806 - INFO - Inserted economic event with ID: 10454
2025-07-18 22:13:48,808 - INFO - Inserted economic event with ID: 10455
2025-07-18 22:13:48,812 - INFO - Inserted economic event with ID: 10456
2025-07-18 22:13:48,814 - INFO - Inserted economic event with ID: 10457
2025-07-18 22:13:48,816 - INFO - Inserted economic event with ID: 10458
2025-07-18 22:13:48,816 - INFO - Inserted economic event with ID: 10459
2025-07-18 22:13:48,823 - INFO - Inserted economic event with ID: 10460
2025-07-18 22:13:48,826 - INFO - Inserted economic event with ID: 10461
2025-07-18 22:13:48,829 - INFO - Inserted economic event with ID: 10462
2025-07-18 22:13:48,831 - INFO - Inserted economic event with ID: 10463
2025-07-18 22:13:48,834 - INFO - Inserted economic event with ID: 10464
2025-07-18 22:13:48,835 - INFO - Inserted economic event with ID: 10465
2025-07-18 22:13:48,835 - INFO - Inserted economic event with ID: 10466
2025-07-18 22:13:48,842 - INFO - Inserted economic event with ID: 10467
2025-07-18 22:13:48,842 - INFO - Inserted economic event with ID: 10468
2025-07-18 22:13:48,842 - INFO - Inserted economic event with ID: 10469
2025-07-18 22:13:48,842 - INFO - Inserted economic event with ID: 10470
2025-07-18 22:13:48,842 - INFO - Inserted economic event with ID: 10471
2025-07-18 22:13:48,842 - INFO - Inserted economic event with ID: 10472
2025-07-18 22:13:48,858 - INFO - Inserted economic event with ID: 10473
2025-07-18 22:13:48,858 - INFO - Inserted economic event with ID: 10474
2025-07-18 22:13:48,858 - INFO - Inserted economic event with ID: 10475
2025-07-18 22:13:48,858 - INFO - Inserted economic event with ID: 10476
2025-07-18 22:13:48,858 - INFO - Inserted economic event with ID: 10477
2025-07-18 22:13:48,874 - INFO - Inserted economic event with ID: 10478
2025-07-18 22:13:48,874 - INFO - Inserted economic event with ID: 10479
2025-07-18 22:13:48,874 - INFO - Inserted economic event with ID: 10480
2025-07-18 22:13:48,874 - INFO - Inserted economic event with ID: 10481
2025-07-18 22:13:48,874 - INFO - Inserted economic event with ID: 10482
2025-07-18 22:13:48,874 - INFO - Inserted economic event with ID: 10483
2025-07-18 22:13:48,890 - INFO - Inserted economic event with ID: 10484
2025-07-18 22:13:48,890 - INFO - Inserted economic event with ID: 10485
2025-07-18 22:13:48,890 - INFO - Inserted economic event with ID: 10486
2025-07-18 22:13:48,890 - INFO - Inserted economic event with ID: 10487
2025-07-18 22:13:48,890 - INFO - Inserted economic event with ID: 10488
2025-07-18 22:13:48,890 - INFO - Inserted economic event with ID: 10489
2025-07-18 22:13:48,906 - INFO - Inserted economic event with ID: 10490
2025-07-18 22:13:48,906 - INFO - Inserted economic event with ID: 10491
2025-07-18 22:13:48,906 - INFO - Inserted economic event with ID: 10492
2025-07-18 22:13:48,906 - INFO - Inserted economic event with ID: 10493
2025-07-18 22:13:48,906 - INFO - Inserted economic event with ID: 10494
2025-07-18 22:13:48,906 - INFO - Inserted economic event with ID: 10495
2025-07-18 22:13:48,921 - INFO - Inserted economic event with ID: 10496
2025-07-18 22:13:48,921 - INFO - Inserted economic event with ID: 10497
2025-07-18 22:13:48,921 - INFO - Inserted economic event with ID: 10498
2025-07-18 22:13:48,921 - INFO - Inserted economic event with ID: 10499
2025-07-18 22:13:48,921 - INFO - Inserted economic event with ID: 10500
2025-07-18 22:13:48,921 - INFO - Inserted economic event with ID: 10501
2025-07-18 22:13:48,937 - INFO - Inserted economic event with ID: 10502
2025-07-18 22:13:48,937 - INFO - Inserted economic event with ID: 10503
2025-07-18 22:13:48,937 - INFO - Inserted economic event with ID: 10504
2025-07-18 22:13:48,937 - INFO - Inserted economic event with ID: 10505
2025-07-18 22:13:48,937 - INFO - Inserted economic event with ID: 10506
2025-07-18 22:13:48,937 - INFO - Inserted economic event with ID: 10507
2025-07-18 22:13:48,953 - INFO - Inserted economic event with ID: 10508
2025-07-18 22:13:48,953 - INFO - Inserted economic event with ID: 10509
2025-07-18 22:13:48,953 - INFO - Inserted economic event with ID: 10510
2025-07-18 22:13:48,953 - INFO - Inserted economic event with ID: 10511
2025-07-18 22:13:48,953 - INFO - Inserted economic event with ID: 10512
2025-07-18 22:13:48,953 - INFO - Inserted economic event with ID: 10513
2025-07-18 22:13:48,969 - INFO - Inserted economic event with ID: 10514
2025-07-18 22:13:48,969 - INFO - Inserted economic event with ID: 10515
2025-07-18 22:13:48,969 - INFO - Inserted economic event with ID: 10516
2025-07-18 22:13:48,969 - INFO - Inserted economic event with ID: 10517
2025-07-18 22:13:48,969 - INFO - Inserted economic event with ID: 10518
2025-07-18 22:13:48,987 - INFO - Inserted economic event with ID: 10519
2025-07-18 22:13:48,990 - INFO - Inserted economic event with ID: 10520
2025-07-18 22:13:48,995 - INFO - Inserted economic event with ID: 10521
2025-07-18 22:13:48,998 - INFO - Inserted economic event with ID: 10522
2025-07-18 22:13:49,001 - INFO - Inserted economic event with ID: 10523
2025-07-18 22:13:49,005 - INFO - Inserted economic event with ID: 10524
2025-07-18 22:13:49,006 - INFO - Inserted economic event with ID: 10525
2025-07-18 22:13:49,012 - INFO - Inserted economic event with ID: 10526
2025-07-18 22:13:49,016 - INFO - Inserted economic event with ID: 10527
2025-07-18 22:13:49,020 - INFO - Inserted economic event with ID: 10528
2025-07-18 22:13:49,023 - INFO - Inserted economic event with ID: 10529
2025-07-18 22:13:49,025 - INFO - Inserted economic event with ID: 10530
2025-07-18 22:13:49,028 - INFO - Inserted economic event with ID: 10531
2025-07-18 22:13:49,031 - INFO - Inserted economic event with ID: 10532
2025-07-18 22:13:49,035 - INFO - Inserted economic event with ID: 10533
2025-07-18 22:13:49,040 - INFO - Inserted economic event with ID: 10534
2025-07-18 22:13:49,044 - INFO - Inserted economic event with ID: 10535
2025-07-18 22:13:49,049 - INFO - Inserted economic event with ID: 10536
2025-07-18 22:13:49,051 - INFO - Inserted economic event with ID: 10537
2025-07-18 22:13:49,051 - INFO - Inserted economic event with ID: 10538
2025-07-18 22:13:49,062 - INFO - Inserted economic event with ID: 10539
2025-07-18 22:13:49,062 - INFO - Inserted economic event with ID: 10540
2025-07-18 22:13:49,062 - INFO - Inserted economic event with ID: 10541
2025-07-18 22:13:49,062 - INFO - Inserted economic event with ID: 10542
2025-07-18 22:13:49,062 - INFO - Inserted economic event with ID: 10543
2025-07-18 22:13:49,078 - INFO - Inserted economic event with ID: 10544
2025-07-18 22:13:49,078 - INFO - Inserted economic event with ID: 10545
2025-07-18 22:13:49,078 - INFO - Inserted economic event with ID: 10546
2025-07-18 22:13:49,078 - INFO - Inserted economic event with ID: 10547
2025-07-18 22:13:49,078 - INFO - Inserted economic event with ID: 10548
2025-07-18 22:13:49,078 - INFO - Inserted economic event with ID: 10549
2025-07-18 22:13:49,093 - INFO - Inserted economic event with ID: 10550
2025-07-18 22:13:49,093 - INFO - Inserted economic event with ID: 10551
2025-07-18 22:13:49,093 - INFO - Inserted economic event with ID: 10552
2025-07-18 22:13:49,093 - INFO - Inserted economic event with ID: 10553
2025-07-18 22:13:49,093 - INFO - Inserted economic event with ID: 10554
2025-07-18 22:13:49,109 - INFO - Inserted economic event with ID: 10555
2025-07-18 22:13:49,109 - INFO - Inserted economic event with ID: 10556
2025-07-18 22:13:49,109 - INFO - Inserted economic event with ID: 10557
2025-07-18 22:13:49,109 - INFO - Inserted economic event with ID: 10558
2025-07-18 22:13:49,109 - INFO - Inserted economic event with ID: 10559
2025-07-18 22:13:49,125 - INFO - Inserted economic event with ID: 10560
2025-07-18 22:13:49,125 - INFO - Inserted economic event with ID: 10561
2025-07-18 22:13:49,125 - INFO - Inserted economic event with ID: 10562
2025-07-18 22:13:49,125 - INFO - Inserted economic event with ID: 10563
2025-07-18 22:13:49,125 - INFO - Inserted economic event with ID: 10564
2025-07-18 22:13:49,125 - INFO - Inserted economic event with ID: 10565
2025-07-18 22:13:49,141 - INFO - Inserted economic event with ID: 10566
2025-07-18 22:13:49,141 - INFO - Inserted economic event with ID: 10567
2025-07-18 22:13:49,141 - INFO - Inserted economic event with ID: 10568
2025-07-18 22:13:49,141 - INFO - Inserted economic event with ID: 10569
2025-07-18 22:13:49,141 - INFO - Inserted economic event with ID: 10570
2025-07-18 22:13:49,157 - INFO - Inserted economic event with ID: 10571
2025-07-18 22:13:49,157 - INFO - Inserted economic event with ID: 10572
2025-07-18 22:13:49,157 - INFO - Inserted economic event with ID: 10573
2025-07-18 22:13:49,157 - INFO - Inserted economic event with ID: 10574
2025-07-18 22:13:49,157 - INFO - Inserted economic event with ID: 10575
2025-07-18 22:13:49,173 - INFO - Inserted economic event with ID: 10576
2025-07-18 22:13:49,173 - INFO - Inserted economic event with ID: 10577
2025-07-18 22:13:49,173 - INFO - Inserted economic event with ID: 10578
2025-07-18 22:13:49,173 - INFO - Inserted economic event with ID: 10579
2025-07-18 22:13:49,173 - INFO - Inserted economic event with ID: 10580
2025-07-18 22:13:49,189 - INFO - Inserted economic event with ID: 10581
2025-07-18 22:13:49,189 - INFO - Inserted economic event with ID: 10582
2025-07-18 22:13:49,189 - INFO - Inserted economic event with ID: 10583
2025-07-18 22:13:49,189 - INFO - Inserted economic event with ID: 10584
2025-07-18 22:13:49,189 - INFO - Inserted economic event with ID: 10585
2025-07-18 22:13:49,189 - INFO - Inserted economic event with ID: 10586
2025-07-18 22:13:49,205 - INFO - Inserted economic event with ID: 10587
2025-07-18 22:13:49,205 - INFO - Inserted economic event with ID: 10588
2025-07-18 22:13:49,205 - INFO - Inserted economic event with ID: 10589
2025-07-18 22:13:49,205 - INFO - Inserted economic event with ID: 10590
2025-07-18 22:13:49,205 - INFO - Inserted economic event with ID: 10591
2025-07-18 22:13:49,221 - INFO - Inserted economic event with ID: 10592
2025-07-18 22:13:49,221 - INFO - Inserted economic event with ID: 10593
2025-07-18 22:13:49,221 - INFO - Inserted economic event with ID: 10594
2025-07-18 22:13:49,221 - INFO - Inserted economic event with ID: 10595
2025-07-18 22:13:49,221 - INFO - Inserted economic event with ID: 10596
2025-07-18 22:13:49,221 - INFO - Inserted economic event with ID: 10597
2025-07-18 22:13:49,238 - INFO - Inserted economic event with ID: 10598
2025-07-18 22:13:49,241 - INFO - Inserted economic event with ID: 10599
2025-07-18 22:13:49,245 - INFO - Inserted economic event with ID: 10600
2025-07-18 22:13:49,245 - INFO - Inserted economic event with ID: 10601
2025-07-18 22:13:49,245 - INFO - Inserted economic event with ID: 10602
2025-07-18 22:13:49,245 - INFO - Inserted economic event with ID: 10603
2025-07-18 22:13:49,245 - INFO - Inserted economic event with ID: 10604
2025-07-18 22:13:49,260 - INFO - Inserted economic event with ID: 10605
2025-07-18 22:13:49,260 - INFO - Inserted economic event with ID: 10606
2025-07-18 22:13:49,260 - INFO - Inserted economic event with ID: 10607
2025-07-18 22:13:49,260 - INFO - Inserted economic event with ID: 10608
2025-07-18 22:13:49,260 - INFO - Inserted economic event with ID: 10609
2025-07-18 22:13:49,260 - INFO - Inserted economic event with ID: 10610
2025-07-18 22:13:49,276 - INFO - Inserted economic event with ID: 10611
2025-07-18 22:13:49,276 - INFO - Inserted economic event with ID: 10612
2025-07-18 22:13:49,276 - INFO - Inserted economic event with ID: 10613
2025-07-18 22:13:49,276 - INFO - Inserted economic event with ID: 10614
2025-07-18 22:13:49,276 - INFO - Inserted economic event with ID: 10615
2025-07-18 22:13:49,292 - INFO - Inserted economic event with ID: 10616
2025-07-18 22:13:49,292 - INFO - Inserted economic event with ID: 10617
2025-07-18 22:13:49,292 - INFO - Inserted economic event with ID: 10618
2025-07-18 22:13:49,292 - INFO - Inserted economic event with ID: 10619
2025-07-18 22:13:49,292 - INFO - Inserted economic event with ID: 10620
2025-07-18 22:13:49,307 - INFO - Inserted economic event with ID: 10621
2025-07-18 22:13:49,307 - INFO - Inserted economic event with ID: 10622
2025-07-18 22:13:49,307 - INFO - Inserted economic event with ID: 10623
2025-07-18 22:13:49,307 - INFO - Inserted economic event with ID: 10624
2025-07-18 22:13:49,307 - INFO - Inserted economic event with ID: 10625
2025-07-18 22:13:49,307 - INFO - Inserted economic event with ID: 10626
2025-07-18 22:13:49,323 - INFO - Inserted economic event with ID: 10627
2025-07-18 22:13:49,323 - INFO - Inserted economic event with ID: 10628
2025-07-18 22:13:49,323 - INFO - Inserted economic event with ID: 10629
2025-07-18 22:13:49,323 - INFO - Inserted economic event with ID: 10630
2025-07-18 22:13:49,323 - INFO - Inserted economic event with ID: 10631
2025-07-18 22:13:49,339 - INFO - Inserted economic event with ID: 10632
2025-07-18 22:13:49,339 - INFO - Inserted economic event with ID: 10633
2025-07-18 22:13:49,339 - INFO - Inserted economic event with ID: 10634
2025-07-18 22:13:49,339 - INFO - Inserted economic event with ID: 10635
2025-07-18 22:13:49,339 - INFO - Inserted economic event with ID: 10636
2025-07-18 22:13:49,339 - INFO - Inserted economic event with ID: 10637
2025-07-18 22:13:49,355 - INFO - Inserted economic event with ID: 10638
2025-07-18 22:13:49,355 - INFO - Inserted economic event with ID: 10639
2025-07-18 22:13:49,355 - INFO - Inserted economic event with ID: 10640
2025-07-18 22:13:49,355 - INFO - Inserted economic event with ID: 10641
2025-07-18 22:13:49,355 - INFO - Inserted economic event with ID: 10642
2025-07-18 22:13:49,355 - INFO - Inserted economic event with ID: 10643
2025-07-18 22:13:49,371 - INFO - Inserted economic event with ID: 10644
2025-07-18 22:13:49,371 - INFO - Inserted economic event with ID: 10645
2025-07-18 22:13:49,371 - INFO - Inserted economic event with ID: 10646
2025-07-18 22:13:49,371 - INFO - Inserted economic event with ID: 10647
2025-07-18 22:13:49,371 - INFO - Inserted economic event with ID: 10648
2025-07-18 22:13:49,371 - INFO - Inserted economic event with ID: 10649
2025-07-18 22:13:49,387 - INFO - Inserted economic event with ID: 10650
2025-07-18 22:13:49,387 - INFO - Inserted economic event with ID: 10651
2025-07-18 22:13:49,387 - INFO - Inserted economic event with ID: 10652
2025-07-18 22:13:49,387 - INFO - Inserted economic event with ID: 10653
2025-07-18 22:13:49,387 - INFO - Inserted economic event with ID: 10654
2025-07-18 22:13:49,387 - INFO - Inserted economic event with ID: 10655
2025-07-18 22:13:49,402 - INFO - Inserted economic event with ID: 10656
2025-07-18 22:13:49,402 - INFO - Inserted economic event with ID: 10657
2025-07-18 22:13:49,402 - INFO - Inserted economic event with ID: 10658
2025-07-18 22:13:49,402 - INFO - Inserted economic event with ID: 10659
2025-07-18 22:13:49,402 - INFO - Inserted economic event with ID: 10660
2025-07-18 22:13:49,418 - INFO - Inserted economic event with ID: 10661
2025-07-18 22:13:49,420 - INFO - Inserted economic event with ID: 10662
2025-07-18 22:13:49,422 - INFO - Inserted economic event with ID: 10663
2025-07-18 22:13:49,422 - INFO - Inserted economic event with ID: 10664
2025-07-18 22:13:49,422 - INFO - Inserted economic event with ID: 10665
2025-07-18 22:13:49,422 - INFO - Inserted economic event with ID: 10666
2025-07-18 22:13:49,434 - INFO - Inserted economic event with ID: 10667
2025-07-18 22:13:49,434 - INFO - Inserted economic event with ID: 10668
2025-07-18 22:13:49,434 - INFO - Inserted economic event with ID: 10669
2025-07-18 22:13:49,434 - INFO - Inserted economic event with ID: 10670
2025-07-18 22:13:49,434 - INFO - Inserted economic event with ID: 10671
2025-07-18 22:13:49,434 - INFO - Inserted economic event with ID: 10672
2025-07-18 22:13:49,450 - INFO - Inserted economic event with ID: 10673
2025-07-18 22:13:49,450 - INFO - Inserted economic event with ID: 10674
2025-07-18 22:13:49,450 - INFO - Inserted economic event with ID: 10675
2025-07-18 22:13:49,450 - INFO - Inserted economic event with ID: 10676
2025-07-18 22:13:49,450 - INFO - Inserted economic event with ID: 10677
2025-07-18 22:13:49,466 - INFO - Inserted economic event with ID: 10678
2025-07-18 22:13:49,466 - INFO - Inserted economic event with ID: 10679
2025-07-18 22:13:49,466 - INFO - Inserted economic event with ID: 10680
2025-07-18 22:13:49,466 - INFO - Inserted economic event with ID: 10681
2025-07-18 22:13:49,466 - INFO - Inserted economic event with ID: 10682
2025-07-18 22:13:49,466 - INFO - Inserted economic event with ID: 10683
2025-07-18 22:13:49,481 - INFO - Inserted economic event with ID: 10684
2025-07-18 22:13:49,481 - INFO - Inserted economic event with ID: 10685
2025-07-18 22:13:49,481 - INFO - Inserted economic event with ID: 10686
2025-07-18 22:13:49,481 - INFO - Inserted economic event with ID: 10687
2025-07-18 22:13:49,481 - INFO - Inserted economic event with ID: 10688
2025-07-18 22:13:49,481 - INFO - Inserted economic event with ID: 10689
2025-07-18 22:13:49,497 - INFO - Inserted economic event with ID: 10690
2025-07-18 22:13:49,502 - INFO - Inserted economic event with ID: 10691
2025-07-18 22:13:49,504 - INFO - Inserted economic event with ID: 10692
2025-07-18 22:13:49,506 - INFO - Inserted economic event with ID: 10693
2025-07-18 22:13:49,506 - INFO - Inserted economic event with ID: 10694
2025-07-18 22:13:49,513 - INFO - Inserted economic event with ID: 10695
2025-07-18 22:13:49,513 - INFO - Inserted economic event with ID: 10696
2025-07-18 22:13:49,513 - INFO - Inserted economic event with ID: 10697
2025-07-18 22:13:49,522 - INFO - Inserted economic event with ID: 10698
2025-07-18 22:13:49,522 - INFO - Inserted economic event with ID: 10699
2025-07-18 22:13:49,529 - INFO - Inserted economic event with ID: 10700
2025-07-18 22:13:49,529 - INFO - Inserted economic event with ID: 10701
2025-07-18 22:13:49,529 - INFO - Inserted economic event with ID: 10702
2025-07-18 22:13:49,538 - INFO - Inserted economic event with ID: 10703
2025-07-18 22:13:49,538 - INFO - Inserted economic event with ID: 10704
2025-07-18 22:13:49,545 - INFO - Inserted economic event with ID: 10705
2025-07-18 22:13:49,545 - INFO - Inserted economic event with ID: 10706
2025-07-18 22:13:49,545 - INFO - Inserted economic event with ID: 10707
2025-07-18 22:13:49,545 - INFO - Inserted economic event with ID: 10708
2025-07-18 22:13:49,545 - INFO - Inserted economic event with ID: 10709
2025-07-18 22:13:49,560 - INFO - Inserted economic event with ID: 10710
2025-07-18 22:13:49,560 - INFO - Inserted economic event with ID: 10711
2025-07-18 22:13:49,560 - INFO - Inserted economic event with ID: 10712
2025-07-18 22:13:49,560 - INFO - Inserted economic event with ID: 10713
2025-07-18 22:13:49,560 - INFO - Inserted economic event with ID: 10714
2025-07-18 22:13:49,577 - INFO - Inserted economic event with ID: 10715
2025-07-18 22:13:49,577 - INFO - Inserted economic event with ID: 10716
2025-07-18 22:13:49,577 - INFO - Inserted economic event with ID: 10717
2025-07-18 22:13:49,577 - INFO - Inserted economic event with ID: 10718
2025-07-18 22:13:49,577 - INFO - Inserted economic event with ID: 10719
2025-07-18 22:13:49,577 - INFO - Inserted economic event with ID: 10720
2025-07-18 22:13:49,592 - INFO - Inserted economic event with ID: 10721
2025-07-18 22:13:49,592 - INFO - Inserted economic event with ID: 10722
2025-07-18 22:13:49,592 - INFO - Inserted economic event with ID: 10723
2025-07-18 22:13:49,592 - INFO - Inserted economic event with ID: 10724
2025-07-18 22:13:49,592 - INFO - Inserted economic event with ID: 10725
2025-07-18 22:13:49,608 - INFO - Inserted economic event with ID: 10726
2025-07-18 22:13:49,608 - INFO - Inserted economic event with ID: 10727
2025-07-18 22:13:49,608 - INFO - Inserted economic event with ID: 10728
2025-07-18 22:13:49,608 - INFO - Inserted economic event with ID: 10729
2025-07-18 22:13:49,608 - INFO - Inserted economic event with ID: 10730
2025-07-18 22:13:49,608 - INFO - Inserted economic event with ID: 10731
2025-07-18 22:13:49,624 - INFO - Inserted economic event with ID: 10732
2025-07-18 22:13:49,624 - INFO - Inserted economic event with ID: 10733
2025-07-18 22:13:49,624 - INFO - Inserted economic event with ID: 10734
2025-07-18 22:13:49,624 - INFO - Inserted economic event with ID: 10735
2025-07-18 22:13:49,624 - INFO - Inserted economic event with ID: 10736
2025-07-18 22:13:49,640 - INFO - Inserted economic event with ID: 10737
2025-07-18 22:13:49,640 - INFO - Inserted economic event with ID: 10738
2025-07-18 22:13:49,640 - INFO - Inserted economic event with ID: 10739
2025-07-18 22:13:49,640 - INFO - Inserted economic event with ID: 10740
2025-07-18 22:13:49,640 - INFO - Inserted economic event with ID: 10741
2025-07-18 22:13:49,657 - INFO - Inserted economic event with ID: 10742
2025-07-18 22:13:49,657 - INFO - Inserted economic event with ID: 10743
2025-07-18 22:13:49,657 - INFO - Inserted economic event with ID: 10744
2025-07-18 22:13:49,657 - INFO - Inserted economic event with ID: 10745
2025-07-18 22:13:49,657 - INFO - Inserted economic event with ID: 10746
2025-07-18 22:13:49,657 - INFO - Inserted economic event with ID: 10747
2025-07-18 22:13:49,672 - INFO - Inserted economic event with ID: 10748
2025-07-18 22:13:49,672 - INFO - Inserted economic event with ID: 10749
2025-07-18 22:13:49,672 - INFO - Inserted economic event with ID: 10750
2025-07-18 22:13:49,672 - INFO - Inserted economic event with ID: 10751
2025-07-18 22:13:49,672 - INFO - Inserted economic event with ID: 10752
2025-07-18 22:13:49,688 - INFO - Inserted economic event with ID: 10753
2025-07-18 22:13:49,688 - INFO - Inserted economic event with ID: 10754
2025-07-18 22:13:49,688 - INFO - Inserted economic event with ID: 10755
2025-07-18 22:13:49,688 - INFO - Inserted economic event with ID: 10756
2025-07-18 22:13:49,688 - INFO - Inserted economic event with ID: 10757
2025-07-18 22:13:49,703 - INFO - Inserted economic event with ID: 10758
2025-07-18 22:13:49,703 - INFO - Inserted economic event with ID: 10759
2025-07-18 22:13:49,703 - INFO - Inserted economic event with ID: 10760
2025-07-18 22:13:49,703 - INFO - Inserted economic event with ID: 10761
2025-07-18 22:13:49,703 - INFO - Inserted economic event with ID: 10762
2025-07-18 22:13:49,703 - INFO - Inserted economic event with ID: 10763
2025-07-18 22:13:49,719 - INFO - Inserted economic event with ID: 10764
2025-07-18 22:13:49,722 - INFO - Inserted economic event with ID: 10765
2025-07-18 22:13:49,722 - INFO - Inserted economic event with ID: 10766
2025-07-18 22:13:49,722 - INFO - Inserted economic event with ID: 10767
2025-07-18 22:13:49,735 - INFO - Inserted economic event with ID: 10768
2025-07-18 22:13:49,735 - INFO - Inserted economic event with ID: 10769
2025-07-18 22:13:49,735 - INFO - Inserted economic event with ID: 10770
2025-07-18 22:13:49,735 - INFO - Inserted economic event with ID: 10771
2025-07-18 22:13:49,735 - INFO - Inserted economic event with ID: 10772
2025-07-18 22:13:49,735 - INFO - Inserted economic event with ID: 10773
2025-07-18 22:13:49,753 - INFO - Inserted economic event with ID: 10774
2025-07-18 22:13:49,753 - INFO - Inserted economic event with ID: 10775
2025-07-18 22:13:49,753 - INFO - Inserted economic event with ID: 10776
2025-07-18 22:13:49,753 - INFO - Inserted economic event with ID: 10777
2025-07-18 22:13:49,753 - INFO - Inserted economic event with ID: 10778
2025-07-18 22:13:49,768 - INFO - Inserted economic event with ID: 10779
2025-07-18 22:13:49,768 - INFO - Inserted economic event with ID: 10780
2025-07-18 22:13:49,774 - INFO - Inserted economic event with ID: 10781
2025-07-18 22:13:49,777 - INFO - Inserted economic event with ID: 10782
2025-07-18 22:13:49,780 - INFO - Inserted economic event with ID: 10783
2025-07-18 22:13:49,780 - INFO - Inserted economic event with ID: 10784
2025-07-18 22:13:49,780 - INFO - Inserted economic event with ID: 10785
2025-07-18 22:13:49,780 - INFO - Inserted economic event with ID: 10786
2025-07-18 22:13:49,780 - INFO - Inserted economic event with ID: 10787
2025-07-18 22:13:49,795 - INFO - Inserted economic event with ID: 10788
2025-07-18 22:13:49,795 - INFO - Inserted economic event with ID: 10789
2025-07-18 22:13:49,795 - INFO - Inserted economic event with ID: 10790
2025-07-18 22:13:49,795 - INFO - Inserted economic event with ID: 10791
2025-07-18 22:13:49,795 - INFO - Inserted economic event with ID: 10792
2025-07-18 22:13:49,795 - INFO - Inserted economic event with ID: 10793
2025-07-18 22:13:49,810 - INFO - Inserted economic event with ID: 10794
2025-07-18 22:13:49,815 - INFO - Inserted economic event with ID: 10795
2025-07-18 22:13:49,819 - INFO - Inserted economic event with ID: 10796
2025-07-18 22:13:49,821 - INFO - Inserted economic event with ID: 10797
2025-07-18 22:13:49,824 - INFO - Inserted economic event with ID: 10798
2025-07-18 22:13:49,827 - INFO - Inserted economic event with ID: 10799
2025-07-18 22:13:49,830 - INFO - Inserted economic event with ID: 10800
2025-07-18 22:13:49,834 - INFO - Inserted economic event with ID: 10801
2025-07-18 22:13:49,837 - INFO - Inserted economic event with ID: 10802
2025-07-18 22:13:49,840 - INFO - Inserted economic event with ID: 10803
2025-07-18 22:13:49,843 - INFO - Inserted economic event with ID: 10804
2025-07-18 22:13:49,846 - INFO - Inserted economic event with ID: 10805
2025-07-18 22:13:49,849 - INFO - Inserted economic event with ID: 10806
2025-07-18 22:13:49,852 - INFO - Inserted economic event with ID: 10807
2025-07-18 22:13:49,856 - INFO - Inserted economic event with ID: 10808
2025-07-18 22:13:49,859 - INFO - Inserted economic event with ID: 10809
2025-07-18 22:13:49,862 - INFO - Inserted economic event with ID: 10810
2025-07-18 22:13:49,865 - INFO - Inserted economic event with ID: 10811
2025-07-18 22:13:49,868 - INFO - Inserted economic event with ID: 10812
2025-07-18 22:13:49,871 - INFO - Inserted economic event with ID: 10813
2025-07-18 22:13:49,875 - INFO - Inserted economic event with ID: 10814
2025-07-18 22:13:49,878 - INFO - Inserted economic event with ID: 10815
2025-07-18 22:13:49,881 - INFO - Inserted economic event with ID: 10816
2025-07-18 22:13:49,884 - INFO - Inserted economic event with ID: 10817
2025-07-18 22:13:49,887 - INFO - Inserted economic event with ID: 10818
2025-07-18 22:13:49,890 - INFO - Inserted economic event with ID: 10819
2025-07-18 22:13:49,893 - INFO - Inserted economic event with ID: 10820
2025-07-18 22:13:49,896 - INFO - Inserted economic event with ID: 10821
2025-07-18 22:13:49,899 - INFO - Inserted economic event with ID: 10822
2025-07-18 22:13:49,902 - INFO - Inserted economic event with ID: 10823
2025-07-18 22:13:49,905 - INFO - Inserted economic event with ID: 10824
2025-07-18 22:13:49,909 - INFO - Inserted economic event with ID: 10825
2025-07-18 22:13:49,913 - INFO - Inserted economic event with ID: 10826
2025-07-18 22:13:49,916 - INFO - Inserted economic event with ID: 10827
2025-07-18 22:13:49,919 - INFO - Inserted economic event with ID: 10828
2025-07-18 22:13:49,921 - INFO - Inserted economic event with ID: 10829
2025-07-18 22:13:49,924 - INFO - Inserted economic event with ID: 10830
2025-07-18 22:13:49,928 - INFO - Inserted economic event with ID: 10831
2025-07-18 22:13:49,931 - INFO - Inserted economic event with ID: 10832
2025-07-18 22:13:49,933 - INFO - Inserted economic event with ID: 10833
2025-07-18 22:13:49,936 - INFO - Inserted economic event with ID: 10834
2025-07-18 22:13:49,940 - INFO - Inserted economic event with ID: 10835
2025-07-18 22:13:49,942 - INFO - Inserted economic event with ID: 10836
2025-07-18 22:13:49,945 - INFO - Inserted economic event with ID: 10837
2025-07-18 22:13:49,948 - INFO - Inserted economic event with ID: 10838
2025-07-18 22:13:49,951 - INFO - Inserted economic event with ID: 10839
2025-07-18 22:13:49,955 - INFO - Inserted economic event with ID: 10840
2025-07-18 22:13:49,958 - INFO - Inserted economic event with ID: 10841


[MESSARI STDERR @ 2025-07-18 22:13:55.156870]


[TWELVE_DATA STDERR @ 2025-07-18 22:13:58.802588]


[POLYGON STDERR @ 2025-07-18 22:36:41.544007]
2025-07-18 22:36:40,006 - ERROR - [Polygon] Error fetching SPX: 'v'
2025-07-18 22:36:41,263 - ERROR - [Polygon] Error fetching NDX: 'v'
2025-07-18 22:36:41,521 - ERROR - [Polygon] Error fetching RUT: 'v'


[FMP STDERR @ 2025-07-18 22:36:45.298583]
2025-07-18 22:36:41,943 - INFO - Database tables created successfully
2025-07-18 22:36:41,943 - INFO - Database initialization completed
2025-07-18 22:36:41,943 - INFO - MacroIntel Data Store initialized with SQLAlchemy ORM
2025-07-18 22:36:41,943 - INFO - \u2705 Data store module imported successfully
2025-07-18 22:36:43,421 - INFO - Inserted economic event with ID: 10842
2025-07-18 22:36:43,421 - INFO - Inserted economic event with ID: 10843
2025-07-18 22:36:43,427 - INFO - Inserted economic event with ID: 10844
2025-07-18 22:36:43,427 - INFO - Inserted economic event with ID: 10845
2025-07-18 22:36:43,437 - INFO - Inserted economic event with ID: 10846
2025-07-18 22:36:43,437 - INFO - Inserted economic event with ID: 10847
2025-07-18 22:36:43,437 - INFO - Inserted economic event with ID: 10848
2025-07-18 22:36:43,437 - INFO - Inserted economic event with ID: 10849
2025-07-18 22:36:43,451 - INFO - Inserted economic event with ID: 10850
2025-07-18 22:36:43,455 - INFO - Inserted economic event with ID: 10851
2025-07-18 22:36:43,456 - INFO - Inserted economic event with ID: 10852
2025-07-18 22:36:43,456 - INFO - Inserted economic event with ID: 10853
2025-07-18 22:36:43,456 - INFO - Inserted economic event with ID: 10854
2025-07-18 22:36:43,456 - INFO - Inserted economic event with ID: 10855
2025-07-18 22:36:43,471 - INFO - Inserted economic event with ID: 10856
2025-07-18 22:36:43,471 - INFO - Inserted economic event with ID: 10857
2025-07-18 22:36:43,471 - INFO - Inserted economic event with ID: 10858
2025-07-18 22:36:43,471 - INFO - Inserted economic event with ID: 10859
2025-07-18 22:36:43,471 - INFO - Inserted economic event with ID: 10860
2025-07-18 22:36:43,488 - INFO - Inserted economic event with ID: 10861
2025-07-18 22:36:43,488 - INFO - Inserted economic event with ID: 10862
2025-07-18 22:36:43,488 - INFO - Inserted economic event with ID: 10863
2025-07-18 22:36:43,488 - INFO - Inserted economic event with ID: 10864
2025-07-18 22:36:43,503 - INFO - Inserted economic event with ID: 10865
2025-07-18 22:36:43,503 - INFO - Inserted economic event with ID: 10866
2025-07-18 22:36:43,503 - INFO - Inserted economic event with ID: 10867
2025-07-18 22:36:43,503 - INFO - Inserted economic event with ID: 10868
2025-07-18 22:36:43,503 - INFO - Inserted economic event with ID: 10869
2025-07-18 22:36:43,521 - INFO - Inserted economic event with ID: 10870
2025-07-18 22:36:43,522 - INFO - Inserted economic event with ID: 10871
2025-07-18 22:36:43,522 - INFO - Inserted economic event with ID: 10872
2025-07-18 22:36:43,522 - INFO - Inserted economic event with ID: 10873
2025-07-18 22:36:43,522 - INFO - Inserted economic event with ID: 10874
2025-07-18 22:36:43,535 - INFO - Inserted economic event with ID: 10875
2025-07-18 22:36:43,540 - INFO - Inserted economic event with ID: 10876
2025-07-18 22:36:43,540 - INFO - Inserted economic event with ID: 10877
2025-07-18 22:36:43,540 - INFO - Inserted economic event with ID: 10878
2025-07-18 22:36:43,550 - INFO - Inserted economic event with ID: 10879
2025-07-18 22:36:43,550 - INFO - Inserted economic event with ID: 10880
2025-07-18 22:36:43,550 - INFO - Inserted economic event with ID: 10881
2025-07-18 22:36:43,550 - INFO - Inserted economic event with ID: 10882
2025-07-18 22:36:43,550 - INFO - Inserted economic event with ID: 10883
2025-07-18 22:36:43,566 - INFO - Inserted economic event with ID: 10884
2025-07-18 22:36:43,566 - INFO - Inserted economic event with ID: 10885
2025-07-18 22:36:43,566 - INFO - Inserted economic event with ID: 10886
2025-07-18 22:36:43,566 - INFO - Inserted economic event with ID: 10887
2025-07-18 22:36:43,582 - INFO - Inserted economic event with ID: 10888
2025-07-18 22:36:43,582 - INFO - Inserted economic event with ID: 10889
2025-07-18 22:36:43,582 - INFO - Inserted economic event with ID: 10890
2025-07-18 22:36:43,582 - INFO - Inserted economic event with ID: 10891
2025-07-18 22:36:43,582 - INFO - Inserted economic event with ID: 10892
2025-07-18 22:36:43,598 - INFO - Inserted economic event with ID: 10893
2025-07-18 22:36:43,601 - INFO - Inserted economic event with ID: 10894
2025-07-18 22:36:43,603 - INFO - Inserted economic event with ID: 10895
2025-07-18 22:36:43,603 - INFO - Inserted economic event with ID: 10896
2025-07-18 22:36:43,603 - INFO - Inserted economic event with ID: 10897
2025-07-18 22:36:43,603 - INFO - Inserted economic event with ID: 10898
2025-07-18 22:36:43,619 - INFO - Inserted economic event with ID: 10899
2025-07-18 22:36:43,619 - INFO - Inserted economic event with ID: 10900
2025-07-18 22:36:43,627 - INFO - Inserted economic event with ID: 10901
2025-07-18 22:36:43,629 - INFO - Inserted economic event with ID: 10902
2025-07-18 22:36:43,629 - INFO - Inserted economic event with ID: 10903
2025-07-18 22:36:43,629 - INFO - Inserted economic event with ID: 10904
2025-07-18 22:36:43,629 - INFO - Inserted economic event with ID: 10905
2025-07-18 22:36:43,629 - INFO - Inserted economic event with ID: 10906
2025-07-18 22:36:43,644 - INFO - Inserted economic event with ID: 10907
2025-07-18 22:36:43,644 - INFO - Inserted economic event with ID: 10908
2025-07-18 22:36:43,644 - INFO - Inserted economic event with ID: 10909
2025-07-18 22:36:43,656 - INFO - Inserted economic event with ID: 10910
2025-07-18 22:36:43,659 - INFO - Inserted economic event with ID: 10911
2025-07-18 22:36:43,659 - INFO - Inserted economic event with ID: 10912
2025-07-18 22:36:43,659 - INFO - Inserted economic event with ID: 10913
2025-07-18 22:36:43,670 - INFO - Inserted economic event with ID: 10914
2025-07-18 22:36:43,670 - INFO - Inserted economic event with ID: 10915
2025-07-18 22:36:43,675 - INFO - Inserted economic event with ID: 10916
2025-07-18 22:36:43,675 - INFO - Inserted economic event with ID: 10917
2025-07-18 22:36:43,675 - INFO - Inserted economic event with ID: 10918
2025-07-18 22:36:43,675 - INFO - Inserted economic event with ID: 10919
2025-07-18 22:36:43,691 - INFO - Inserted economic event with ID: 10920
2025-07-18 22:36:43,691 - INFO - Inserted economic event with ID: 10921
2025-07-18 22:36:43,696 - INFO - Inserted economic event with ID: 10922
2025-07-18 22:36:43,696 - INFO - Inserted economic event with ID: 10923
2025-07-18 22:36:43,696 - INFO - Inserted economic event with ID: 10924
2025-07-18 22:36:43,706 - INFO - Inserted economic event with ID: 10925
2025-07-18 22:36:43,706 - INFO - Inserted economic event with ID: 10926
2025-07-18 22:36:43,706 - INFO - Inserted economic event with ID: 10927
2025-07-18 22:36:43,706 - INFO - Inserted economic event with ID: 10928
2025-07-18 22:36:43,722 - INFO - Inserted economic event with ID: 10929
2025-07-18 22:36:43,722 - INFO - Inserted economic event with ID: 10930
2025-07-18 22:36:43,722 - INFO - Inserted economic event with ID: 10931
2025-07-18 22:36:43,722 - INFO - Inserted economic event with ID: 10932
2025-07-18 22:36:43,722 - INFO - Inserted economic event with ID: 10933
2025-07-18 22:36:43,738 - INFO - Inserted economic event with ID: 10934
2025-07-18 22:36:43,738 - INFO - Inserted economic event with ID: 10935
2025-07-18 22:36:43,738 - INFO - Inserted economic event with ID: 10936
2025-07-18 22:36:43,738 - INFO - Inserted economic event with ID: 10937
2025-07-18 22:36:43,738 - INFO - Inserted economic event with ID: 10938
2025-07-18 22:36:43,754 - INFO - Inserted economic event with ID: 10939
2025-07-18 22:36:43,754 - INFO - Inserted economic event with ID: 10940
2025-07-18 22:36:43,754 - INFO - Inserted economic event with ID: 10941
2025-07-18 22:36:43,754 - INFO - Inserted economic event with ID: 10942
2025-07-18 22:36:43,770 - INFO - Inserted economic event with ID: 10943
2025-07-18 22:36:43,774 - INFO - Inserted economic event with ID: 10944
2025-07-18 22:36:43,775 - INFO - Inserted economic event with ID: 10945
2025-07-18 22:36:43,775 - INFO - Inserted economic event with ID: 10946
2025-07-18 22:36:43,775 - INFO - Inserted economic event with ID: 10947
2025-07-18 22:36:43,775 - INFO - Inserted economic event with ID: 10948
2025-07-18 22:36:43,791 - INFO - Inserted economic event with ID: 10949
2025-07-18 22:36:43,791 - INFO - Inserted economic event with ID: 10950
2025-07-18 22:36:43,798 - INFO - Inserted economic event with ID: 10951
2025-07-18 22:36:43,801 - INFO - Inserted economic event with ID: 10952
2025-07-18 22:36:43,803 - INFO - Inserted economic event with ID: 10953
2025-07-18 22:36:43,803 - INFO - Inserted economic event with ID: 10954
2025-07-18 22:36:43,803 - INFO - Inserted economic event with ID: 10955
2025-07-18 22:36:43,803 - INFO - Inserted economic event with ID: 10956
2025-07-18 22:36:43,818 - INFO - Inserted economic event with ID: 10957
2025-07-18 22:36:43,818 - INFO - Inserted economic event with ID: 10958
2025-07-18 22:36:43,818 - INFO - Inserted economic event with ID: 10959
2025-07-18 22:36:43,833 - INFO - Inserted economic event with ID: 10960
2025-07-18 22:36:43,833 - INFO - Inserted economic event with ID: 10961
2025-07-18 22:36:43,833 - INFO - Inserted economic event with ID: 10962
2025-07-18 22:36:43,833 - INFO - Inserted economic event with ID: 10963
2025-07-18 22:36:43,833 - INFO - Inserted economic event with ID: 10964
2025-07-18 22:36:43,848 - INFO - Inserted economic event with ID: 10965
2025-07-18 22:36:43,848 - INFO - Inserted economic event with ID: 10966
2025-07-18 22:36:43,848 - INFO - Inserted economic event with ID: 10967
2025-07-18 22:36:43,848 - INFO - Inserted economic event with ID: 10968
2025-07-18 22:36:43,848 - INFO - Inserted economic event with ID: 10969
2025-07-18 22:36:43,864 - INFO - Inserted economic event with ID: 10970
2025-07-18 22:36:43,864 - INFO - Inserted economic event with ID: 10971
2025-07-18 22:36:43,864 - INFO - Inserted economic event with ID: 10972
2025-07-18 22:36:43,864 - INFO - Inserted economic event with ID: 10973
2025-07-18 22:36:43,864 - INFO - Inserted economic event with ID: 10974
2025-07-18 22:36:43,864 - INFO - Inserted economic event with ID: 10975
2025-07-18 22:36:43,880 - INFO - Inserted economic event with ID: 10976
2025-07-18 22:36:43,880 - INFO - Inserted economic event with ID: 10977
2025-07-18 22:36:43,880 - INFO - Inserted economic event with ID: 10978
2025-07-18 22:36:43,880 - INFO - Inserted economic event with ID: 10979
2025-07-18 22:36:43,895 - INFO - Inserted economic event with ID: 10980
2025-07-18 22:36:43,895 - INFO - Inserted economic event with ID: 10981
2025-07-18 22:36:43,895 - INFO - Inserted economic event with ID: 10982
2025-07-18 22:36:43,895 - INFO - Inserted economic event with ID: 10983
2025-07-18 22:36:43,895 - INFO - Inserted economic event with ID: 10984
2025-07-18 22:36:43,911 - INFO - Inserted economic event with ID: 10985
2025-07-18 22:36:43,911 - INFO - Inserted economic event with ID: 10986
2025-07-18 22:36:43,911 - INFO - Inserted economic event with ID: 10987
2025-07-18 22:36:43,911 - INFO - Inserted economic event with ID: 10988
2025-07-18 22:36:43,926 - INFO - Inserted economic event with ID: 10989
2025-07-18 22:36:43,926 - INFO - Inserted economic event with ID: 10990
2025-07-18 22:36:43,926 - INFO - Inserted economic event with ID: 10991
2025-07-18 22:36:43,926 - INFO - Inserted economic event with ID: 10992
2025-07-18 22:36:43,926 - INFO - Inserted economic event with ID: 10993
2025-07-18 22:36:43,942 - INFO - Inserted economic event with ID: 10994
2025-07-18 22:36:43,945 - INFO - Inserted economic event with ID: 10995
2025-07-18 22:36:43,948 - INFO - Inserted economic event with ID: 10996
2025-07-18 22:36:43,952 - INFO - Inserted economic event with ID: 10997
2025-07-18 22:36:43,954 - INFO - Inserted economic event with ID: 10998
2025-07-18 22:36:43,954 - INFO - Inserted economic event with ID: 10999
2025-07-18 22:36:43,954 - INFO - Inserted economic event with ID: 11000
2025-07-18 22:36:43,966 - INFO - Inserted economic event with ID: 11001
2025-07-18 22:36:43,966 - INFO - Inserted economic event with ID: 11002
2025-07-18 22:36:43,974 - INFO - Inserted economic event with ID: 11003
2025-07-18 22:36:43,977 - INFO - Inserted economic event with ID: 11004
2025-07-18 22:36:43,977 - INFO - Inserted economic event with ID: 11005
2025-07-18 22:36:43,977 - INFO - Inserted economic event with ID: 11006
2025-07-18 22:36:43,977 - INFO - Inserted economic event with ID: 11007
2025-07-18 22:36:43,992 - INFO - Inserted economic event with ID: 11008
2025-07-18 22:36:43,992 - INFO - Inserted economic event with ID: 11009
2025-07-18 22:36:43,992 - INFO - Inserted economic event with ID: 11010
2025-07-18 22:36:43,992 - INFO - Inserted economic event with ID: 11011
2025-07-18 22:36:44,007 - INFO - Inserted economic event with ID: 11012
2025-07-18 22:36:44,011 - INFO - Inserted economic event with ID: 11013
2025-07-18 22:36:44,014 - INFO - Inserted economic event with ID: 11014
2025-07-18 22:36:44,018 - INFO - Inserted economic event with ID: 11015
2025-07-18 22:36:44,022 - INFO - Inserted economic event with ID: 11016
2025-07-18 22:36:44,025 - INFO - Inserted economic event with ID: 11017
2025-07-18 22:36:44,029 - INFO - Inserted economic event with ID: 11018
2025-07-18 22:36:44,029 - INFO - Inserted economic event with ID: 11019
2025-07-18 22:36:44,029 - INFO - Inserted economic event with ID: 11020
2025-07-18 22:36:44,029 - INFO - Inserted economic event with ID: 11021
2025-07-18 22:36:44,045 - INFO - Inserted economic event with ID: 11022
2025-07-18 22:36:44,045 - INFO - Inserted economic event with ID: 11023
2025-07-18 22:36:44,045 - INFO - Inserted economic event with ID: 11024
2025-07-18 22:36:44,045 - INFO - Inserted economic event with ID: 11025
2025-07-18 22:36:44,045 - INFO - Inserted economic event with ID: 11026
2025-07-18 22:36:44,060 - INFO - Inserted economic event with ID: 11027
2025-07-18 22:36:44,060 - INFO - Inserted economic event with ID: 11028
2025-07-18 22:36:44,060 - INFO - Inserted economic event with ID: 11029
2025-07-18 22:36:44,060 - INFO - Inserted economic event with ID: 11030
2025-07-18 22:36:44,076 - INFO - Inserted economic event with ID: 11031
2025-07-18 22:36:44,076 - INFO - Inserted economic event with ID: 11032
2025-07-18 22:36:44,076 - INFO - Inserted economic event with ID: 11033
2025-07-18 22:36:44,076 - INFO - Inserted economic event with ID: 11034
2025-07-18 22:36:44,089 - INFO - Inserted economic event with ID: 11035
2025-07-18 22:36:44,090 - INFO - Inserted economic event with ID: 11036
2025-07-18 22:36:44,097 - INFO - Inserted economic event with ID: 11037
2025-07-18 22:36:44,097 - INFO - Inserted economic event with ID: 11038
2025-07-18 22:36:44,103 - INFO - Inserted economic event with ID: 11039
2025-07-18 22:36:44,104 - INFO - Inserted economic event with ID: 11040
2025-07-18 22:36:44,110 - INFO - Inserted economic event with ID: 11041
2025-07-18 22:36:44,111 - INFO - Inserted economic event with ID: 11042
2025-07-18 22:36:44,111 - INFO - Inserted economic event with ID: 11043
2025-07-18 22:36:44,120 - INFO - Inserted economic event with ID: 11044
2025-07-18 22:36:44,122 - INFO - Inserted economic event with ID: 11045
2025-07-18 22:36:44,124 - INFO - Inserted economic event with ID: 11046
2025-07-18 22:36:44,124 - INFO - Inserted economic event with ID: 11047
2025-07-18 22:36:44,132 - INFO - Inserted economic event with ID: 11048
2025-07-18 22:36:44,135 - INFO - Inserted economic event with ID: 11049
2025-07-18 22:36:44,138 - INFO - Inserted economic event with ID: 11050
2025-07-18 22:36:44,138 - INFO - Inserted economic event with ID: 11051
2025-07-18 22:36:44,138 - INFO - Inserted economic event with ID: 11052
2025-07-18 22:36:44,138 - INFO - Inserted economic event with ID: 11053
2025-07-18 22:36:44,153 - INFO - Inserted economic event with ID: 11054
2025-07-18 22:36:44,156 - INFO - Inserted economic event with ID: 11055
2025-07-18 22:36:44,158 - INFO - Inserted economic event with ID: 11056
2025-07-18 22:36:44,158 - INFO - Inserted economic event with ID: 11057
2025-07-18 22:36:44,158 - INFO - Inserted economic event with ID: 11058
2025-07-18 22:36:44,158 - INFO - Inserted economic event with ID: 11059
2025-07-18 22:36:44,172 - INFO - Inserted economic event with ID: 11060
2025-07-18 22:36:44,172 - INFO - Inserted economic event with ID: 11061
2025-07-18 22:36:44,172 - INFO - Inserted economic event with ID: 11062
2025-07-18 22:36:44,172 - INFO - Inserted economic event with ID: 11063
2025-07-18 22:36:44,172 - INFO - Inserted economic event with ID: 11064
2025-07-18 22:36:44,188 - INFO - Inserted economic event with ID: 11065
2025-07-18 22:36:44,188 - INFO - Inserted economic event with ID: 11066
2025-07-18 22:36:44,188 - INFO - Inserted economic event with ID: 11067
2025-07-18 22:36:44,188 - INFO - Inserted economic event with ID: 11068
2025-07-18 22:36:44,188 - INFO - Inserted economic event with ID: 11069
2025-07-18 22:36:44,204 - INFO - Inserted economic event with ID: 11070
2025-07-18 22:36:44,204 - INFO - Inserted economic event with ID: 11071
2025-07-18 22:36:44,204 - INFO - Inserted economic event with ID: 11072
2025-07-18 22:36:44,214 - INFO - Inserted economic event with ID: 11073
2025-07-18 22:36:44,214 - INFO - Inserted economic event with ID: 11074
2025-07-18 22:36:44,214 - INFO - Inserted economic event with ID: 11075
2025-07-18 22:36:44,214 - INFO - Inserted economic event with ID: 11076
2025-07-18 22:36:44,214 - INFO - Inserted economic event with ID: 11077
2025-07-18 22:36:44,230 - INFO - Inserted economic event with ID: 11078
2025-07-18 22:36:44,230 - INFO - Inserted economic event with ID: 11079
2025-07-18 22:36:44,235 - INFO - Inserted economic event with ID: 11080
2025-07-18 22:36:44,235 - INFO - Inserted economic event with ID: 11081
2025-07-18 22:36:44,235 - INFO - Inserted economic event with ID: 11082
2025-07-18 22:36:44,235 - INFO - Inserted economic event with ID: 11083
2025-07-18 22:36:44,235 - INFO - Inserted economic event with ID: 11084
2025-07-18 22:36:44,251 - INFO - Inserted economic event with ID: 11085
2025-07-18 22:36:44,251 - INFO - Inserted economic event with ID: 11086
2025-07-18 22:36:44,251 - INFO - Inserted economic event with ID: 11087
2025-07-18 22:36:44,251 - INFO - Inserted economic event with ID: 11088
2025-07-18 22:36:44,267 - INFO - Inserted economic event with ID: 11089
2025-07-18 22:36:44,270 - INFO - Inserted economic event with ID: 11090
2025-07-18 22:36:44,270 - INFO - Inserted economic event with ID: 11091
2025-07-18 22:36:44,270 - INFO - Inserted economic event with ID: 11092
2025-07-18 22:36:44,270 - INFO - Inserted economic event with ID: 11093
2025-07-18 22:36:44,270 - INFO - Inserted economic event with ID: 11094
2025-07-18 22:36:44,285 - INFO - Inserted economic event with ID: 11095
2025-07-18 22:36:44,291 - INFO - Inserted economic event with ID: 11096
2025-07-18 22:36:44,291 - INFO - Inserted economic event with ID: 11097
2025-07-18 22:36:44,297 - INFO - Inserted economic event with ID: 11098
2025-07-18 22:36:44,302 - INFO - Inserted economic event with ID: 11099
2025-07-18 22:36:44,304 - INFO - Inserted economic event with ID: 11100
2025-07-18 22:36:44,304 - INFO - Inserted economic event with ID: 11101
2025-07-18 22:36:44,304 - INFO - Inserted economic event with ID: 11102
2025-07-18 22:36:44,304 - INFO - Inserted economic event with ID: 11103
2025-07-18 22:36:44,304 - INFO - Inserted economic event with ID: 11104
2025-07-18 22:36:44,320 - INFO - Inserted economic event with ID: 11105
2025-07-18 22:36:44,320 - INFO - Inserted economic event with ID: 11106
2025-07-18 22:36:44,328 - INFO - Inserted economic event with ID: 11107
2025-07-18 22:36:44,331 - INFO - Inserted economic event with ID: 11108
2025-07-18 22:36:44,331 - INFO - Inserted economic event with ID: 11109
2025-07-18 22:36:44,331 - INFO - Inserted economic event with ID: 11110
2025-07-18 22:36:44,331 - INFO - Inserted economic event with ID: 11111
2025-07-18 22:36:44,331 - INFO - Inserted economic event with ID: 11112
2025-07-18 22:36:44,346 - INFO - Inserted economic event with ID: 11113
2025-07-18 22:36:44,346 - INFO - Inserted economic event with ID: 11114
2025-07-18 22:36:44,346 - INFO - Inserted economic event with ID: 11115
2025-07-18 22:36:44,346 - INFO - Inserted economic event with ID: 11116
2025-07-18 22:36:44,362 - INFO - Inserted economic event with ID: 11117
2025-07-18 22:36:44,362 - INFO - Inserted economic event with ID: 11118
2025-07-18 22:36:44,362 - INFO - Inserted economic event with ID: 11119
2025-07-18 22:36:44,362 - INFO - Inserted economic event with ID: 11120
2025-07-18 22:36:44,362 - INFO - Inserted economic event with ID: 11121
2025-07-18 22:36:44,378 - INFO - Inserted economic event with ID: 11122
2025-07-18 22:36:44,381 - INFO - Inserted economic event with ID: 11123
2025-07-18 22:36:44,381 - INFO - Inserted economic event with ID: 11124
2025-07-18 22:36:44,381 - INFO - Inserted economic event with ID: 11125
2025-07-18 22:36:44,381 - INFO - Inserted economic event with ID: 11126
2025-07-18 22:36:44,381 - INFO - Inserted economic event with ID: 11127
2025-07-18 22:36:44,396 - INFO - Inserted economic event with ID: 11128
2025-07-18 22:36:44,396 - INFO - Inserted economic event with ID: 11129
2025-07-18 22:36:44,396 - INFO - Inserted economic event with ID: 11130
2025-07-18 22:36:44,396 - INFO - Inserted economic event with ID: 11131
2025-07-18 22:36:44,396 - INFO - Inserted economic event with ID: 11132
2025-07-18 22:36:44,412 - INFO - Inserted economic event with ID: 11133
2025-07-18 22:36:44,412 - INFO - Inserted economic event with ID: 11134
2025-07-18 22:36:44,412 - INFO - Inserted economic event with ID: 11135
2025-07-18 22:36:44,412 - INFO - Inserted economic event with ID: 11136
2025-07-18 22:36:44,412 - INFO - Inserted economic event with ID: 11137
2025-07-18 22:36:44,428 - INFO - Inserted economic event with ID: 11138
2025-07-18 22:36:44,428 - INFO - Inserted economic event with ID: 11139
2025-07-18 22:36:44,428 - INFO - Inserted economic event with ID: 11140
2025-07-18 22:36:44,428 - INFO - Inserted economic event with ID: 11141
2025-07-18 22:36:44,443 - INFO - Inserted economic event with ID: 11142
2025-07-18 22:36:44,443 - INFO - Inserted economic event with ID: 11143
2025-07-18 22:36:44,443 - INFO - Inserted economic event with ID: 11144
2025-07-18 22:36:44,443 - INFO - Inserted economic event with ID: 11145
2025-07-18 22:36:44,459 - INFO - Inserted economic event with ID: 11146
2025-07-18 22:36:44,459 - INFO - Inserted economic event with ID: 11147
2025-07-18 22:36:44,459 - INFO - Inserted economic event with ID: 11148
2025-07-18 22:36:44,472 - INFO - Inserted economic event with ID: 11149
2025-07-18 22:36:44,476 - INFO - Inserted economic event with ID: 11150
2025-07-18 22:36:44,480 - INFO - Inserted economic event with ID: 11151
2025-07-18 22:36:44,482 - INFO - Inserted economic event with ID: 11152
2025-07-18 22:36:44,482 - INFO - Inserted economic event with ID: 11153
2025-07-18 22:36:44,482 - INFO - Inserted economic event with ID: 11154
2025-07-18 22:36:44,493 - INFO - Inserted economic event with ID: 11155
2025-07-18 22:36:44,497 - INFO - Inserted economic event with ID: 11156
2025-07-18 22:36:44,498 - INFO - Inserted economic event with ID: 11157
2025-07-18 22:36:44,498 - INFO - Inserted economic event with ID: 11158
2025-07-18 22:36:44,498 - INFO - Inserted economic event with ID: 11159
2025-07-18 22:36:44,498 - INFO - Inserted economic event with ID: 11160
2025-07-18 22:36:44,513 - INFO - Inserted economic event with ID: 11161
2025-07-18 22:36:44,516 - INFO - Inserted economic event with ID: 11162
2025-07-18 22:36:44,524 - INFO - Inserted economic event with ID: 11163
2025-07-18 22:36:44,529 - INFO - Inserted economic event with ID: 11164
2025-07-18 22:36:44,534 - INFO - Inserted economic event with ID: 11165
2025-07-18 22:36:44,539 - INFO - Inserted economic event with ID: 11166
2025-07-18 22:36:44,543 - INFO - Inserted economic event with ID: 11167
2025-07-18 22:36:44,544 - INFO - Inserted economic event with ID: 11168
2025-07-18 22:36:44,544 - INFO - Inserted economic event with ID: 11169
2025-07-18 22:36:44,544 - INFO - Inserted economic event with ID: 11170
2025-07-18 22:36:44,558 - INFO - Inserted economic event with ID: 11171
2025-07-18 22:36:44,558 - INFO - Inserted economic event with ID: 11172
2025-07-18 22:36:44,558 - INFO - Inserted economic event with ID: 11173
2025-07-18 22:36:44,558 - INFO - Inserted economic event with ID: 11174
2025-07-18 22:36:44,574 - INFO - Inserted economic event with ID: 11175
2025-07-18 22:36:44,576 - INFO - Inserted economic event with ID: 11176
2025-07-18 22:36:44,576 - INFO - Inserted economic event with ID: 11177
2025-07-18 22:36:44,576 - INFO - Inserted economic event with ID: 11178
2025-07-18 22:36:44,590 - INFO - Inserted economic event with ID: 11179
2025-07-18 22:36:44,590 - INFO - Inserted economic event with ID: 11180
2025-07-18 22:36:44,590 - INFO - Inserted economic event with ID: 11181
2025-07-18 22:36:44,590 - INFO - Inserted economic event with ID: 11182
2025-07-18 22:36:44,590 - INFO - Inserted economic event with ID: 11183
2025-07-18 22:36:44,605 - INFO - Inserted economic event with ID: 11184
2025-07-18 22:36:44,605 - INFO - Inserted economic event with ID: 11185
2025-07-18 22:36:44,605 - INFO - Inserted economic event with ID: 11186
2025-07-18 22:36:44,605 - INFO - Inserted economic event with ID: 11187
2025-07-18 22:36:44,621 - INFO - Inserted economic event with ID: 11188
2025-07-18 22:36:44,621 - INFO - Inserted economic event with ID: 11189
2025-07-18 22:36:44,621 - INFO - Inserted economic event with ID: 11190
2025-07-18 22:36:44,621 - INFO - Inserted economic event with ID: 11191
2025-07-18 22:36:44,638 - INFO - Inserted economic event with ID: 11192
2025-07-18 22:36:44,642 - INFO - Inserted economic event with ID: 11193
2025-07-18 22:36:44,645 - INFO - Inserted economic event with ID: 11194
2025-07-18 22:36:44,645 - INFO - Inserted economic event with ID: 11195
2025-07-18 22:36:44,645 - INFO - Inserted economic event with ID: 11196
2025-07-18 22:36:44,645 - INFO - Inserted economic event with ID: 11197
2025-07-18 22:36:44,658 - INFO - Inserted economic event with ID: 11198
2025-07-18 22:36:44,658 - INFO - Inserted economic event with ID: 11199
2025-07-18 22:36:44,658 - INFO - Inserted economic event with ID: 11200
2025-07-18 22:36:44,669 - INFO - Inserted economic event with ID: 11201
2025-07-18 22:36:44,669 - INFO - Inserted economic event with ID: 11202
2025-07-18 22:36:44,676 - INFO - Inserted economic event with ID: 11203
2025-07-18 22:36:44,680 - INFO - Inserted economic event with ID: 11204
2025-07-18 22:36:44,680 - INFO - Inserted economic event with ID: 11205
2025-07-18 22:36:44,687 - INFO - Inserted economic event with ID: 11206
2025-07-18 22:36:44,687 - INFO - Inserted economic event with ID: 11207
2025-07-18 22:36:44,693 - INFO - Inserted economic event with ID: 11208
2025-07-18 22:36:44,693 - INFO - Inserted economic event with ID: 11209
2025-07-18 22:36:44,693 - INFO - Inserted economic event with ID: 11210
2025-07-18 22:36:44,706 - INFO - Inserted economic event with ID: 11211
2025-07-18 22:36:44,709 - INFO - Inserted economic event with ID: 11212
2025-07-18 22:36:44,714 - INFO - Inserted economic event with ID: 11213
2025-07-18 22:36:44,714 - INFO - Inserted economic event with ID: 11214
2025-07-18 22:36:44,714 - INFO - Inserted economic event with ID: 11215
2025-07-18 22:36:44,714 - INFO - Inserted economic event with ID: 11216
2025-07-18 22:36:44,728 - INFO - Inserted economic event with ID: 11217
2025-07-18 22:36:44,728 - INFO - Inserted economic event with ID: 11218
2025-07-18 22:36:44,728 - INFO - Inserted economic event with ID: 11219
2025-07-18 22:36:44,728 - INFO - Inserted economic event with ID: 11220
2025-07-18 22:36:44,744 - INFO - Inserted economic event with ID: 11221
2025-07-18 22:36:44,744 - INFO - Inserted economic event with ID: 11222
2025-07-18 22:36:44,744 - INFO - Inserted economic event with ID: 11223
2025-07-18 22:36:44,744 - INFO - Inserted economic event with ID: 11224
2025-07-18 22:36:44,744 - INFO - Inserted economic event with ID: 11225
2025-07-18 22:36:44,759 - INFO - Inserted economic event with ID: 11226
2025-07-18 22:36:44,759 - INFO - Inserted economic event with ID: 11227
2025-07-18 22:36:44,775 - INFO - Inserted economic event with ID: 11228
2025-07-18 22:36:44,775 - INFO - Inserted economic event with ID: 11229
2025-07-18 22:36:44,775 - INFO - Inserted economic event with ID: 11230
2025-07-18 22:36:44,775 - INFO - Inserted economic event with ID: 11231
2025-07-18 22:36:44,791 - INFO - Inserted economic event with ID: 11232
2025-07-18 22:36:44,791 - INFO - Inserted economic event with ID: 11233
2025-07-18 22:36:44,791 - INFO - Inserted economic event with ID: 11234
2025-07-18 22:36:44,800 - INFO - Inserted economic event with ID: 11235
2025-07-18 22:36:44,807 - INFO - Inserted economic event with ID: 11236
2025-07-18 22:36:44,807 - INFO - Inserted economic event with ID: 11237
2025-07-18 22:36:44,807 - INFO - Inserted economic event with ID: 11238
2025-07-18 22:36:44,807 - INFO - Inserted economic event with ID: 11239
2025-07-18 22:36:44,820 - INFO - Inserted economic event with ID: 11240
2025-07-18 22:36:44,824 - INFO - Inserted economic event with ID: 11241
2025-07-18 22:36:44,824 - INFO - Inserted economic event with ID: 11242
2025-07-18 22:36:44,824 - INFO - Inserted economic event with ID: 11243
2025-07-18 22:36:44,824 - INFO - Inserted economic event with ID: 11244
2025-07-18 22:36:44,824 - INFO - Inserted economic event with ID: 11245
2025-07-18 22:36:44,840 - INFO - Inserted economic event with ID: 11246
2025-07-18 22:36:44,840 - INFO - Inserted economic event with ID: 11247
2025-07-18 22:36:44,849 - INFO - Inserted economic event with ID: 11248
2025-07-18 22:36:44,852 - INFO - Inserted economic event with ID: 11249
2025-07-18 22:36:44,852 - INFO - Inserted economic event with ID: 11250
2025-07-18 22:36:44,852 - INFO - Inserted economic event with ID: 11251
2025-07-18 22:36:44,852 - INFO - Inserted economic event with ID: 11252
2025-07-18 22:36:44,852 - INFO - Inserted economic event with ID: 11253
2025-07-18 22:36:44,867 - INFO - Inserted economic event with ID: 11254
2025-07-18 22:36:44,867 - INFO - Inserted economic event with ID: 11255
2025-07-18 22:36:44,867 - INFO - Inserted economic event with ID: 11256
2025-07-18 22:36:44,867 - INFO - Inserted economic event with ID: 11257
2025-07-18 22:36:44,883 - INFO - Inserted economic event with ID: 11258
2025-07-18 22:36:44,883 - INFO - Inserted economic event with ID: 11259
2025-07-18 22:36:44,883 - INFO - Inserted economic event with ID: 11260
2025-07-18 22:36:44,883 - INFO - Inserted economic event with ID: 11261
2025-07-18 22:36:44,883 - INFO - Inserted economic event with ID: 11262
2025-07-18 22:36:44,899 - INFO - Inserted economic event with ID: 11263
2025-07-18 22:36:44,902 - INFO - Inserted economic event with ID: 11264
2025-07-18 22:36:44,902 - INFO - Inserted economic event with ID: 11265
2025-07-18 22:36:44,909 - INFO - Inserted economic event with ID: 11266
2025-07-18 22:36:44,909 - INFO - Inserted economic event with ID: 11267
2025-07-18 22:36:44,918 - INFO - Inserted economic event with ID: 11268
2025-07-18 22:36:44,918 - INFO - Inserted economic event with ID: 11269
2025-07-18 22:36:44,918 - INFO - Inserted economic event with ID: 11270
2025-07-18 22:36:44,918 - INFO - Inserted economic event with ID: 11271
2025-07-18 22:36:44,918 - INFO - Inserted economic event with ID: 11272
2025-07-18 22:36:44,933 - INFO - Inserted economic event with ID: 11273
2025-07-18 22:36:44,933 - INFO - Inserted economic event with ID: 11274
2025-07-18 22:36:44,933 - INFO - Inserted economic event with ID: 11275
2025-07-18 22:36:44,933 - INFO - Inserted economic event with ID: 11276
2025-07-18 22:36:44,933 - INFO - Inserted economic event with ID: 11277
2025-07-18 22:36:44,949 - INFO - Inserted economic event with ID: 11278
2025-07-18 22:36:44,949 - INFO - Inserted economic event with ID: 11279
2025-07-18 22:36:44,949 - INFO - Inserted economic event with ID: 11280
2025-07-18 22:36:44,949 - INFO - Inserted economic event with ID: 11281
2025-07-18 22:36:44,949 - INFO - Inserted economic event with ID: 11282
2025-07-18 22:36:44,965 - INFO - Inserted economic event with ID: 11283
2025-07-18 22:36:44,965 - INFO - Inserted economic event with ID: 11284
2025-07-18 22:36:44,965 - INFO - Inserted economic event with ID: 11285
2025-07-18 22:36:44,965 - INFO - Inserted economic event with ID: 11286
2025-07-18 22:36:44,965 - INFO - Inserted economic event with ID: 11287
2025-07-18 22:36:44,980 - INFO - Inserted economic event with ID: 11288
2025-07-18 22:36:44,980 - INFO - Inserted economic event with ID: 11289
2025-07-18 22:36:44,980 - INFO - Inserted economic event with ID: 11290
2025-07-18 22:36:44,980 - INFO - Inserted economic event with ID: 11291
2025-07-18 22:36:44,996 - INFO - Inserted economic event with ID: 11292
2025-07-18 22:36:45,001 - INFO - Inserted economic event with ID: 11293
2025-07-18 22:36:45,004 - INFO - Inserted economic event with ID: 11294
2025-07-18 22:36:45,004 - INFO - Inserted economic event with ID: 11295
2025-07-18 22:36:45,004 - INFO - Inserted economic event with ID: 11296
2025-07-18 22:36:45,004 - INFO - Inserted economic event with ID: 11297
2025-07-18 22:36:45,004 - INFO - Inserted economic event with ID: 11298
2025-07-18 22:36:45,022 - INFO - Inserted economic event with ID: 11299
2025-07-18 22:36:45,025 - INFO - Inserted economic event with ID: 11300
2025-07-18 22:36:45,025 - INFO - Inserted economic event with ID: 11301
2025-07-18 22:36:45,025 - INFO - Inserted economic event with ID: 11302
2025-07-18 22:36:45,025 - INFO - Inserted economic event with ID: 11303
2025-07-18 22:36:45,025 - INFO - Inserted economic event with ID: 11304
2025-07-18 22:36:45,041 - INFO - Inserted economic event with ID: 11305
2025-07-18 22:36:45,041 - INFO - Inserted economic event with ID: 11306
2025-07-18 22:36:45,041 - INFO - Inserted economic event with ID: 11307
2025-07-18 22:36:45,041 - INFO - Inserted economic event with ID: 11308
2025-07-18 22:36:45,041 - INFO - Inserted economic event with ID: 11309
2025-07-18 22:36:45,057 - INFO - Inserted economic event with ID: 11310
2025-07-18 22:36:45,057 - INFO - Inserted economic event with ID: 11311
2025-07-18 22:36:45,057 - INFO - Inserted economic event with ID: 11312
2025-07-18 22:36:45,057 - INFO - Inserted economic event with ID: 11313
2025-07-18 22:36:45,072 - INFO - Inserted economic event with ID: 11314
2025-07-18 22:36:45,072 - INFO - Inserted economic event with ID: 11315
2025-07-18 22:36:45,072 - INFO - Inserted economic event with ID: 11316
2025-07-18 22:36:45,072 - INFO - Inserted economic event with ID: 11317
2025-07-18 22:36:45,082 - INFO - Inserted economic event with ID: 11318
2025-07-18 22:36:45,082 - INFO - Inserted economic event with ID: 11319
2025-07-18 22:36:45,082 - INFO - Inserted economic event with ID: 11320
2025-07-18 22:36:45,082 - INFO - Inserted economic event with ID: 11321
2025-07-18 22:36:45,098 - INFO - Inserted economic event with ID: 11322
2025-07-18 22:36:45,098 - INFO - Inserted economic event with ID: 11323
2025-07-18 22:36:45,098 - INFO - Inserted economic event with ID: 11324
2025-07-18 22:36:45,098 - INFO - Inserted economic event with ID: 11325
2025-07-18 22:36:45,098 - INFO - Inserted economic event with ID: 11326
2025-07-18 22:36:45,114 - INFO - Inserted economic event with ID: 11327
2025-07-18 22:36:45,114 - INFO - Inserted economic event with ID: 11328
2025-07-18 22:36:45,114 - INFO - Inserted economic event with ID: 11329
2025-07-18 22:36:45,114 - INFO - Inserted economic event with ID: 11330
2025-07-18 22:36:45,129 - INFO - Inserted economic event with ID: 11331
2025-07-18 22:36:45,129 - INFO - Inserted economic event with ID: 11332
2025-07-18 22:36:45,129 - INFO - Inserted economic event with ID: 11333
2025-07-18 22:36:45,129 - INFO - Inserted economic event with ID: 11334
2025-07-18 22:36:45,129 - INFO - Inserted economic event with ID: 11335
2025-07-18 22:36:45,145 - INFO - Inserted economic event with ID: 11336
2025-07-18 22:36:45,145 - INFO - Inserted economic event with ID: 11337
2025-07-18 22:36:45,145 - INFO - Inserted economic event with ID: 11338
2025-07-18 22:36:45,145 - INFO - Inserted economic event with ID: 11339
2025-07-18 22:36:45,145 - INFO - Inserted economic event with ID: 11340
2025-07-18 22:36:45,161 - INFO - Inserted economic event with ID: 11341
2025-07-18 22:36:45,161 - INFO - Inserted economic event with ID: 11342
2025-07-18 22:36:45,161 - INFO - Inserted economic event with ID: 11343
2025-07-18 22:36:45,173 - INFO - Inserted economic event with ID: 11344
2025-07-18 22:36:45,177 - INFO - Inserted economic event with ID: 11345
2025-07-18 22:36:45,178 - INFO - Inserted economic event with ID: 11346
2025-07-18 22:36:45,178 - INFO - Inserted economic event with ID: 11347
2025-07-18 22:36:45,178 - INFO - Inserted economic event with ID: 11348
2025-07-18 22:36:45,178 - INFO - Inserted economic event with ID: 11349
2025-07-18 22:36:45,194 - INFO - Inserted economic event with ID: 11350
2025-07-18 22:36:45,194 - INFO - Inserted economic event with ID: 11351
2025-07-18 22:36:45,202 - INFO - Inserted economic event with ID: 11352
2025-07-18 22:36:45,206 - INFO - Inserted economic event with ID: 11353
2025-07-18 22:36:45,206 - INFO - Inserted economic event with ID: 11354
2025-07-18 22:36:45,206 - INFO - Inserted economic event with ID: 11355
2025-07-18 22:36:45,206 - INFO - Inserted economic event with ID: 11356
2025-07-18 22:36:45,206 - INFO - Inserted economic event with ID: 11357
2025-07-18 22:36:45,222 - INFO - Inserted economic event with ID: 11358
2025-07-18 22:36:45,222 - INFO - Inserted economic event with ID: 11359
2025-07-18 22:36:45,222 - INFO - Inserted economic event with ID: 11360
2025-07-18 22:36:45,222 - INFO - Inserted economic event with ID: 11361
2025-07-18 22:36:45,222 - INFO - Inserted economic event with ID: 11362
2025-07-18 22:36:45,237 - INFO - Inserted economic event with ID: 11363


[MESSARI STDERR @ 2025-07-18 22:36:51.250990]


[TWELVE_DATA STDERR @ 2025-07-18 22:36:54.732117]


[POLYGON STDERR @ 2025-07-18 22:45:36.754531]
2025-07-18 22:45:36,537 - ERROR - [Polygon] Error fetching SPX: 'v'
2025-07-18 22:45:36,628 - ERROR - [Polygon] Error fetching NDX: 'v'
2025-07-18 22:45:36,735 - ERROR - [Polygon] Error fetching RUT: 'v'


[FMP STDERR @ 2025-07-18 22:45:39.127010]
2025-07-18 22:45:37,127 - INFO - Database tables created successfully
2025-07-18 22:45:37,127 - INFO - Database initialization completed
2025-07-18 22:45:37,127 - INFO - MacroIntel Data Store initialized with SQLAlchemy ORM
2025-07-18 22:45:37,127 - INFO - \u2705 Data store module imported successfully
2025-07-18 22:45:37,503 - INFO - Inserted economic event with ID: 11364
2025-07-18 22:45:37,503 - INFO - Inserted economic event with ID: 11365
2025-07-18 22:45:37,517 - INFO - Inserted economic event with ID: 11366
2025-07-18 22:45:37,520 - INFO - Inserted economic event with ID: 11367
2025-07-18 22:45:37,521 - INFO - Inserted economic event with ID: 11368
2025-07-18 22:45:37,521 - INFO - Inserted economic event with ID: 11369
2025-07-18 22:45:37,521 - INFO - Inserted economic event with ID: 11370
2025-07-18 22:45:37,521 - INFO - Inserted economic event with ID: 11371
2025-07-18 22:45:37,533 - INFO - Inserted economic event with ID: 11372
2025-07-18 22:45:37,533 - INFO - Inserted economic event with ID: 11373
2025-07-18 22:45:37,533 - INFO - Inserted economic event with ID: 11374
2025-07-18 22:45:37,533 - INFO - Inserted economic event with ID: 11375
2025-07-18 22:45:37,533 - INFO - Inserted economic event with ID: 11376
2025-07-18 22:45:37,533 - INFO - Inserted economic event with ID: 11377
2025-07-18 22:45:37,551 - INFO - Inserted economic event with ID: 11378
2025-07-18 22:45:37,553 - INFO - Inserted economic event with ID: 11379
2025-07-18 22:45:37,556 - INFO - Inserted economic event with ID: 11380
2025-07-18 22:45:37,557 - INFO - Inserted economic event with ID: 11381
2025-07-18 22:45:37,557 - INFO - Inserted economic event with ID: 11382
2025-07-18 22:45:37,564 - INFO - Inserted economic event with ID: 11383
2025-07-18 22:45:37,568 - INFO - Inserted economic event with ID: 11384
2025-07-18 22:45:37,570 - INFO - Inserted economic event with ID: 11385
2025-07-18 22:45:37,570 - INFO - Inserted economic event with ID: 11386
2025-07-18 22:45:37,570 - INFO - Inserted economic event with ID: 11387
2025-07-18 22:45:37,570 - INFO - Inserted economic event with ID: 11388
2025-07-18 22:45:37,570 - INFO - Inserted economic event with ID: 11389
2025-07-18 22:45:37,570 - INFO - Inserted economic event with ID: 11390
2025-07-18 22:45:37,586 - INFO - Inserted economic event with ID: 11391
2025-07-18 22:45:37,586 - INFO - Inserted economic event with ID: 11392
2025-07-18 22:45:37,586 - INFO - Inserted economic event with ID: 11393
2025-07-18 22:45:37,586 - INFO - Inserted economic event with ID: 11394
2025-07-18 22:45:37,586 - INFO - Inserted economic event with ID: 11395
2025-07-18 22:45:37,586 - INFO - Inserted economic event with ID: 11396
2025-07-18 22:45:37,601 - INFO - Inserted economic event with ID: 11397
2025-07-18 22:45:37,601 - INFO - Inserted economic event with ID: 11398
2025-07-18 22:45:37,601 - INFO - Inserted economic event with ID: 11399
2025-07-18 22:45:37,601 - INFO - Inserted economic event with ID: 11400
2025-07-18 22:45:37,601 - INFO - Inserted economic event with ID: 11401
2025-07-18 22:45:37,617 - INFO - Inserted economic event with ID: 11402
2025-07-18 22:45:37,617 - INFO - Inserted economic event with ID: 11403
2025-07-18 22:45:37,622 - INFO - Inserted economic event with ID: 11404
2025-07-18 22:45:37,626 - INFO - Inserted economic event with ID: 11405
2025-07-18 22:45:37,628 - INFO - Inserted economic event with ID: 11406
2025-07-18 22:45:37,632 - INFO - Inserted economic event with ID: 11407
2025-07-18 22:45:37,633 - INFO - Inserted economic event with ID: 11408
2025-07-18 22:45:37,636 - INFO - Inserted economic event with ID: 11409
2025-07-18 22:45:37,636 - INFO - Inserted economic event with ID: 11410
2025-07-18 22:45:37,636 - INFO - Inserted economic event with ID: 11411
2025-07-18 22:45:37,636 - INFO - Inserted economic event with ID: 11412
2025-07-18 22:45:37,649 - INFO - Inserted economic event with ID: 11413
2025-07-18 22:45:37,649 - INFO - Inserted economic event with ID: 11414
2025-07-18 22:45:37,649 - INFO - Inserted economic event with ID: 11415
2025-07-18 22:45:37,656 - INFO - Inserted economic event with ID: 11416
2025-07-18 22:45:37,656 - INFO - Inserted economic event with ID: 11417
2025-07-18 22:45:37,656 - INFO - Inserted economic event with ID: 11418
2025-07-18 22:45:37,665 - INFO - Inserted economic event with ID: 11419
2025-07-18 22:45:37,666 - INFO - Inserted economic event with ID: 11420
2025-07-18 22:45:37,666 - INFO - Inserted economic event with ID: 11421
2025-07-18 22:45:37,666 - INFO - Inserted economic event with ID: 11422
2025-07-18 22:45:37,666 - INFO - Inserted economic event with ID: 11423
2025-07-18 22:45:37,679 - INFO - Inserted economic event with ID: 11424
2025-07-18 22:45:37,681 - INFO - Inserted economic event with ID: 11425
2025-07-18 22:45:37,681 - INFO - Inserted economic event with ID: 11426
2025-07-18 22:45:37,687 - INFO - Inserted economic event with ID: 11427
2025-07-18 22:45:37,689 - INFO - Inserted economic event with ID: 11428
2025-07-18 22:45:37,692 - INFO - Inserted economic event with ID: 11429
2025-07-18 22:45:37,696 - INFO - Inserted economic event with ID: 11430
2025-07-18 22:45:37,696 - INFO - Inserted economic event with ID: 11431
2025-07-18 22:45:37,696 - INFO - Inserted economic event with ID: 11432
2025-07-18 22:45:37,696 - INFO - Inserted economic event with ID: 11433
2025-07-18 22:45:37,696 - INFO - Inserted economic event with ID: 11434
2025-07-18 22:45:37,696 - INFO - Inserted economic event with ID: 11435
2025-07-18 22:45:37,712 - INFO - Inserted economic event with ID: 11436
2025-07-18 22:45:37,712 - INFO - Inserted economic event with ID: 11437
2025-07-18 22:45:37,712 - INFO - Inserted economic event with ID: 11438
2025-07-18 22:45:37,712 - INFO - Inserted economic event with ID: 11439
2025-07-18 22:45:37,712 - INFO - Inserted economic event with ID: 11440
2025-07-18 22:45:37,712 - INFO - Inserted economic event with ID: 11441
2025-07-18 22:45:37,728 - INFO - Inserted economic event with ID: 11442
2025-07-18 22:45:37,728 - INFO - Inserted economic event with ID: 11443
2025-07-18 22:45:37,728 - INFO - Inserted economic event with ID: 11444
2025-07-18 22:45:37,728 - INFO - Inserted economic event with ID: 11445
2025-07-18 22:45:37,728 - INFO - Inserted economic event with ID: 11446
2025-07-18 22:45:37,744 - INFO - Inserted economic event with ID: 11447
2025-07-18 22:45:37,744 - INFO - Inserted economic event with ID: 11448
2025-07-18 22:45:37,744 - INFO - Inserted economic event with ID: 11449
2025-07-18 22:45:37,744 - INFO - Inserted economic event with ID: 11450
2025-07-18 22:45:37,744 - INFO - Inserted economic event with ID: 11451
2025-07-18 22:45:37,744 - INFO - Inserted economic event with ID: 11452
2025-07-18 22:45:37,759 - INFO - Inserted economic event with ID: 11453
2025-07-18 22:45:37,759 - INFO - Inserted economic event with ID: 11454
2025-07-18 22:45:37,759 - INFO - Inserted economic event with ID: 11455
2025-07-18 22:45:37,759 - INFO - Inserted economic event with ID: 11456
2025-07-18 22:45:37,759 - INFO - Inserted economic event with ID: 11457
2025-07-18 22:45:37,775 - INFO - Inserted economic event with ID: 11458
2025-07-18 22:45:37,775 - INFO - Inserted economic event with ID: 11459
2025-07-18 22:45:37,775 - INFO - Inserted economic event with ID: 11460
2025-07-18 22:45:37,775 - INFO - Inserted economic event with ID: 11461
2025-07-18 22:45:37,775 - INFO - Inserted economic event with ID: 11462
2025-07-18 22:45:37,775 - INFO - Inserted economic event with ID: 11463
2025-07-18 22:45:37,791 - INFO - Inserted economic event with ID: 11464
2025-07-18 22:45:37,791 - INFO - Inserted economic event with ID: 11465
2025-07-18 22:45:37,791 - INFO - Inserted economic event with ID: 11466
2025-07-18 22:45:37,791 - INFO - Inserted economic event with ID: 11467
2025-07-18 22:45:37,791 - INFO - Inserted economic event with ID: 11468
2025-07-18 22:45:37,807 - INFO - Inserted economic event with ID: 11469
2025-07-18 22:45:37,807 - INFO - Inserted economic event with ID: 11470
2025-07-18 22:45:37,807 - INFO - Inserted economic event with ID: 11471
2025-07-18 22:45:37,807 - INFO - Inserted economic event with ID: 11472
2025-07-18 22:45:37,807 - INFO - Inserted economic event with ID: 11473
2025-07-18 22:45:37,822 - INFO - Inserted economic event with ID: 11474
2025-07-18 22:45:37,822 - INFO - Inserted economic event with ID: 11475
2025-07-18 22:45:37,822 - INFO - Inserted economic event with ID: 11476
2025-07-18 22:45:37,822 - INFO - Inserted economic event with ID: 11477
2025-07-18 22:45:37,822 - INFO - Inserted economic event with ID: 11478
2025-07-18 22:45:37,838 - INFO - Inserted economic event with ID: 11479
2025-07-18 22:45:37,838 - INFO - Inserted economic event with ID: 11480
2025-07-18 22:45:37,838 - INFO - Inserted economic event with ID: 11481
2025-07-18 22:45:37,838 - INFO - Inserted economic event with ID: 11482
2025-07-18 22:45:37,838 - INFO - Inserted economic event with ID: 11483
2025-07-18 22:45:37,854 - INFO - Inserted economic event with ID: 11484
2025-07-18 22:45:37,854 - INFO - Inserted economic event with ID: 11485
2025-07-18 22:45:37,854 - INFO - Inserted economic event with ID: 11486
2025-07-18 22:45:37,854 - INFO - Inserted economic event with ID: 11487
2025-07-18 22:45:37,854 - INFO - Inserted economic event with ID: 11488
2025-07-18 22:45:37,854 - INFO - Inserted economic event with ID: 11489
2025-07-18 22:45:37,870 - INFO - Inserted economic event with ID: 11490
2025-07-18 22:45:37,875 - INFO - Inserted economic event with ID: 11491
2025-07-18 22:45:37,875 - INFO - Inserted economic event with ID: 11492
2025-07-18 22:45:37,875 - INFO - Inserted economic event with ID: 11493
2025-07-18 22:45:37,875 - INFO - Inserted economic event with ID: 11494
2025-07-18 22:45:37,885 - INFO - Inserted economic event with ID: 11495
2025-07-18 22:45:37,885 - INFO - Inserted economic event with ID: 11496
2025-07-18 22:45:37,885 - INFO - Inserted economic event with ID: 11497
2025-07-18 22:45:37,885 - INFO - Inserted economic event with ID: 11498
2025-07-18 22:45:37,885 - INFO - Inserted economic event with ID: 11499
2025-07-18 22:45:37,901 - INFO - Inserted economic event with ID: 11500
2025-07-18 22:45:37,901 - INFO - Inserted economic event with ID: 11501
2025-07-18 22:45:37,901 - INFO - Inserted economic event with ID: 11502
2025-07-18 22:45:37,901 - INFO - Inserted economic event with ID: 11503
2025-07-18 22:45:37,901 - INFO - Inserted economic event with ID: 11504
2025-07-18 22:45:37,901 - INFO - Inserted economic event with ID: 11505
2025-07-18 22:45:37,916 - INFO - Inserted economic event with ID: 11506
2025-07-18 22:45:37,916 - INFO - Inserted economic event with ID: 11507
2025-07-18 22:45:37,916 - INFO - Inserted economic event with ID: 11508
2025-07-18 22:45:37,927 - INFO - Inserted economic event with ID: 11509
2025-07-18 22:45:37,927 - INFO - Inserted economic event with ID: 11510
2025-07-18 22:45:37,932 - INFO - Inserted economic event with ID: 11511
2025-07-18 22:45:37,932 - INFO - Inserted economic event with ID: 11512
2025-07-18 22:45:37,932 - INFO - Inserted economic event with ID: 11513
2025-07-18 22:45:37,932 - INFO - Inserted economic event with ID: 11514
2025-07-18 22:45:37,932 - INFO - Inserted economic event with ID: 11515
2025-07-18 22:45:37,948 - INFO - Inserted economic event with ID: 11516
2025-07-18 22:45:37,950 - INFO - Inserted economic event with ID: 11517
2025-07-18 22:45:37,954 - INFO - Inserted economic event with ID: 11518
2025-07-18 22:45:37,954 - INFO - Inserted economic event with ID: 11519
2025-07-18 22:45:37,954 - INFO - Inserted economic event with ID: 11520
2025-07-18 22:45:37,964 - INFO - Inserted economic event with ID: 11521
2025-07-18 22:45:37,964 - INFO - Inserted economic event with ID: 11522
2025-07-18 22:45:37,968 - INFO - Inserted economic event with ID: 11523
2025-07-18 22:45:37,968 - INFO - Inserted economic event with ID: 11524
2025-07-18 22:45:37,973 - INFO - Inserted economic event with ID: 11525
2025-07-18 22:45:37,976 - INFO - Inserted economic event with ID: 11526
2025-07-18 22:45:37,981 - INFO - Inserted economic event with ID: 11527
2025-07-18 22:45:37,981 - INFO - Inserted economic event with ID: 11528
2025-07-18 22:45:37,981 - INFO - Inserted economic event with ID: 11529
2025-07-18 22:45:37,981 - INFO - Inserted economic event with ID: 11530
2025-07-18 22:45:37,981 - INFO - Inserted economic event with ID: 11531
2025-07-18 22:45:37,995 - INFO - Inserted economic event with ID: 11532
2025-07-18 22:45:37,995 - INFO - Inserted economic event with ID: 11533
2025-07-18 22:45:37,995 - INFO - Inserted economic event with ID: 11534
2025-07-18 22:45:38,007 - INFO - Inserted economic event with ID: 11535
2025-07-18 22:45:38,009 - INFO - Inserted economic event with ID: 11536
2025-07-18 22:45:38,011 - INFO - Inserted economic event with ID: 11537
2025-07-18 22:45:38,011 - INFO - Inserted economic event with ID: 11538
2025-07-18 22:45:38,011 - INFO - Inserted economic event with ID: 11539
2025-07-18 22:45:38,011 - INFO - Inserted economic event with ID: 11540
2025-07-18 22:45:38,011 - INFO - Inserted economic event with ID: 11541
2025-07-18 22:45:38,027 - INFO - Inserted economic event with ID: 11542
2025-07-18 22:45:38,027 - INFO - Inserted economic event with ID: 11543
2025-07-18 22:45:38,027 - INFO - Inserted economic event with ID: 11544
2025-07-18 22:45:38,027 - INFO - Inserted economic event with ID: 11545
2025-07-18 22:45:38,027 - INFO - Inserted economic event with ID: 11546
2025-07-18 22:45:38,043 - INFO - Inserted economic event with ID: 11547
2025-07-18 22:45:38,043 - INFO - Inserted economic event with ID: 11548
2025-07-18 22:45:38,043 - INFO - Inserted economic event with ID: 11549
2025-07-18 22:45:38,043 - INFO - Inserted economic event with ID: 11550
2025-07-18 22:45:38,043 - INFO - Inserted economic event with ID: 11551
2025-07-18 22:45:38,058 - INFO - Inserted economic event with ID: 11552
2025-07-18 22:45:38,058 - INFO - Inserted economic event with ID: 11553
2025-07-18 22:45:38,058 - INFO - Inserted economic event with ID: 11554
2025-07-18 22:45:38,058 - INFO - Inserted economic event with ID: 11555
2025-07-18 22:45:38,058 - INFO - Inserted economic event with ID: 11556
2025-07-18 22:45:38,058 - INFO - Inserted economic event with ID: 11557
2025-07-18 22:45:38,075 - INFO - Inserted economic event with ID: 11558
2025-07-18 22:45:38,079 - INFO - Inserted economic event with ID: 11559
2025-07-18 22:45:38,082 - INFO - Inserted economic event with ID: 11560
2025-07-18 22:45:38,084 - INFO - Inserted economic event with ID: 11561
2025-07-18 22:45:38,084 - INFO - Inserted economic event with ID: 11562
2025-07-18 22:45:38,092 - INFO - Inserted economic event with ID: 11563
2025-07-18 22:45:38,095 - INFO - Inserted economic event with ID: 11564
2025-07-18 22:45:38,099 - INFO - Inserted economic event with ID: 11565
2025-07-18 22:45:38,102 - INFO - Inserted economic event with ID: 11566
2025-07-18 22:45:38,105 - INFO - Inserted economic event with ID: 11567
2025-07-18 22:45:38,109 - INFO - Inserted economic event with ID: 11568
2025-07-18 22:45:38,113 - INFO - Inserted economic event with ID: 11569
2025-07-18 22:45:38,115 - INFO - Inserted economic event with ID: 11570
2025-07-18 22:45:38,119 - INFO - Inserted economic event with ID: 11571
2025-07-18 22:45:38,126 - INFO - Inserted economic event with ID: 11572
2025-07-18 22:45:38,126 - INFO - Inserted economic event with ID: 11573
2025-07-18 22:45:38,133 - INFO - Inserted economic event with ID: 11574
2025-07-18 22:45:38,133 - INFO - Inserted economic event with ID: 11575
2025-07-18 22:45:38,140 - INFO - Inserted economic event with ID: 11576
2025-07-18 22:45:38,142 - INFO - Inserted economic event with ID: 11577
2025-07-18 22:45:38,146 - INFO - Inserted economic event with ID: 11578
2025-07-18 22:45:38,147 - INFO - Inserted economic event with ID: 11579
2025-07-18 22:45:38,154 - INFO - Inserted economic event with ID: 11580
2025-07-18 22:45:38,154 - INFO - Inserted economic event with ID: 11581
2025-07-18 22:45:38,161 - INFO - Inserted economic event with ID: 11582
2025-07-18 22:45:38,161 - INFO - Inserted economic event with ID: 11583
2025-07-18 22:45:38,168 - INFO - Inserted economic event with ID: 11584
2025-07-18 22:45:38,168 - INFO - Inserted economic event with ID: 11585
2025-07-18 22:45:38,176 - INFO - Inserted economic event with ID: 11586
2025-07-18 22:45:38,182 - INFO - Inserted economic event with ID: 11587
2025-07-18 22:45:38,183 - INFO - Inserted economic event with ID: 11588
2025-07-18 22:45:38,189 - INFO - Inserted economic event with ID: 11589
2025-07-18 22:45:38,189 - INFO - Inserted economic event with ID: 11590
2025-07-18 22:45:38,196 - INFO - Inserted economic event with ID: 11591
2025-07-18 22:45:38,196 - INFO - Inserted economic event with ID: 11592
2025-07-18 22:45:38,203 - INFO - Inserted economic event with ID: 11593
2025-07-18 22:45:38,208 - INFO - Inserted economic event with ID: 11594
2025-07-18 22:45:38,210 - INFO - Inserted economic event with ID: 11595
2025-07-18 22:45:38,210 - INFO - Inserted economic event with ID: 11596
2025-07-18 22:45:38,218 - INFO - Inserted economic event with ID: 11597
2025-07-18 22:45:38,220 - INFO - Inserted economic event with ID: 11598
2025-07-18 22:45:38,226 - INFO - Inserted economic event with ID: 11599
2025-07-18 22:45:38,229 - INFO - Inserted economic event with ID: 11600
2025-07-18 22:45:38,232 - INFO - Inserted economic event with ID: 11601
2025-07-18 22:45:38,235 - INFO - Inserted economic event with ID: 11602
2025-07-18 22:45:38,237 - INFO - Inserted economic event with ID: 11603
2025-07-18 22:45:38,237 - INFO - Inserted economic event with ID: 11604
2025-07-18 22:45:38,237 - INFO - Inserted economic event with ID: 11605
2025-07-18 22:45:38,237 - INFO - Inserted economic event with ID: 11606
2025-07-18 22:45:38,237 - INFO - Inserted economic event with ID: 11607
2025-07-18 22:45:38,252 - INFO - Inserted economic event with ID: 11608
2025-07-18 22:45:38,252 - INFO - Inserted economic event with ID: 11609
2025-07-18 22:45:38,252 - INFO - Inserted economic event with ID: 11610
2025-07-18 22:45:38,252 - INFO - Inserted economic event with ID: 11611
2025-07-18 22:45:38,252 - INFO - Inserted economic event with ID: 11612
2025-07-18 22:45:38,252 - INFO - Inserted economic event with ID: 11613
2025-07-18 22:45:38,270 - INFO - Inserted economic event with ID: 11614
2025-07-18 22:45:38,272 - INFO - Inserted economic event with ID: 11615
2025-07-18 22:45:38,276 - INFO - Inserted economic event with ID: 11616
2025-07-18 22:45:38,276 - INFO - Inserted economic event with ID: 11617
2025-07-18 22:45:38,276 - INFO - Inserted economic event with ID: 11618
2025-07-18 22:45:38,284 - INFO - Inserted economic event with ID: 11619
2025-07-18 22:45:38,284 - INFO - Inserted economic event with ID: 11620
2025-07-18 22:45:38,284 - INFO - Inserted economic event with ID: 11621
2025-07-18 22:45:38,284 - INFO - Inserted economic event with ID: 11622
2025-07-18 22:45:38,284 - INFO - Inserted economic event with ID: 11623
2025-07-18 22:45:38,299 - INFO - Inserted economic event with ID: 11624
2025-07-18 22:45:38,299 - INFO - Inserted economic event with ID: 11625
2025-07-18 22:45:38,299 - INFO - Inserted economic event with ID: 11626
2025-07-18 22:45:38,299 - INFO - Inserted economic event with ID: 11627
2025-07-18 22:45:38,299 - INFO - Inserted economic event with ID: 11628
2025-07-18 22:45:38,299 - INFO - Inserted economic event with ID: 11629
2025-07-18 22:45:38,315 - INFO - Inserted economic event with ID: 11630
2025-07-18 22:45:38,315 - INFO - Inserted economic event with ID: 11631
2025-07-18 22:45:38,315 - INFO - Inserted economic event with ID: 11632
2025-07-18 22:45:38,315 - INFO - Inserted economic event with ID: 11633
2025-07-18 22:45:38,315 - INFO - Inserted economic event with ID: 11634
2025-07-18 22:45:38,331 - INFO - Inserted economic event with ID: 11635
2025-07-18 22:45:38,331 - INFO - Inserted economic event with ID: 11636
2025-07-18 22:45:38,331 - INFO - Inserted economic event with ID: 11637
2025-07-18 22:45:38,331 - INFO - Inserted economic event with ID: 11638
2025-07-18 22:45:38,331 - INFO - Inserted economic event with ID: 11639
2025-07-18 22:45:38,346 - INFO - Inserted economic event with ID: 11640
2025-07-18 22:45:38,346 - INFO - Inserted economic event with ID: 11641
2025-07-18 22:45:38,346 - INFO - Inserted economic event with ID: 11642
2025-07-18 22:45:38,346 - INFO - Inserted economic event with ID: 11643
2025-07-18 22:45:38,346 - INFO - Inserted economic event with ID: 11644
2025-07-18 22:45:38,362 - INFO - Inserted economic event with ID: 11645
2025-07-18 22:45:38,362 - INFO - Inserted economic event with ID: 11646
2025-07-18 22:45:38,362 - INFO - Inserted economic event with ID: 11647
2025-07-18 22:45:38,362 - INFO - Inserted economic event with ID: 11648
2025-07-18 22:45:38,362 - INFO - Inserted economic event with ID: 11649
2025-07-18 22:45:38,362 - INFO - Inserted economic event with ID: 11650
2025-07-18 22:45:38,378 - INFO - Inserted economic event with ID: 11651
2025-07-18 22:45:38,378 - INFO - Inserted economic event with ID: 11652
2025-07-18 22:45:38,378 - INFO - Inserted economic event with ID: 11653
2025-07-18 22:45:38,378 - INFO - Inserted economic event with ID: 11654
2025-07-18 22:45:38,378 - INFO - Inserted economic event with ID: 11655
2025-07-18 22:45:38,394 - INFO - Inserted economic event with ID: 11656
2025-07-18 22:45:38,394 - INFO - Inserted economic event with ID: 11657
2025-07-18 22:45:38,394 - INFO - Inserted economic event with ID: 11658
2025-07-18 22:45:38,394 - INFO - Inserted economic event with ID: 11659
2025-07-18 22:45:38,394 - INFO - Inserted economic event with ID: 11660
2025-07-18 22:45:38,394 - INFO - Inserted economic event with ID: 11661
2025-07-18 22:45:38,410 - INFO - Inserted economic event with ID: 11662
2025-07-18 22:45:38,410 - INFO - Inserted economic event with ID: 11663
2025-07-18 22:45:38,410 - INFO - Inserted economic event with ID: 11664
2025-07-18 22:45:38,410 - INFO - Inserted economic event with ID: 11665
2025-07-18 22:45:38,410 - INFO - Inserted economic event with ID: 11666
2025-07-18 22:45:38,410 - INFO - Inserted economic event with ID: 11667
2025-07-18 22:45:38,426 - INFO - Inserted economic event with ID: 11668
2025-07-18 22:45:38,426 - INFO - Inserted economic event with ID: 11669
2025-07-18 22:45:38,426 - INFO - Inserted economic event with ID: 11670
2025-07-18 22:45:38,426 - INFO - Inserted economic event with ID: 11671
2025-07-18 22:45:38,426 - INFO - Inserted economic event with ID: 11672
2025-07-18 22:45:38,441 - INFO - Inserted economic event with ID: 11673
2025-07-18 22:45:38,441 - INFO - Inserted economic event with ID: 11674
2025-07-18 22:45:38,441 - INFO - Inserted economic event with ID: 11675
2025-07-18 22:45:38,441 - INFO - Inserted economic event with ID: 11676
2025-07-18 22:45:38,441 - INFO - Inserted economic event with ID: 11677
2025-07-18 22:45:38,441 - INFO - Inserted economic event with ID: 11678
2025-07-18 22:45:38,457 - INFO - Inserted economic event with ID: 11679
2025-07-18 22:45:38,457 - INFO - Inserted economic event with ID: 11680
2025-07-18 22:45:38,457 - INFO - Inserted economic event with ID: 11681
2025-07-18 22:45:38,457 - INFO - Inserted economic event with ID: 11682
2025-07-18 22:45:38,457 - INFO - Inserted economic event with ID: 11683
2025-07-18 22:45:38,473 - INFO - Inserted economic event with ID: 11684
2025-07-18 22:45:38,473 - INFO - Inserted economic event with ID: 11685
2025-07-18 22:45:38,473 - INFO - Inserted economic event with ID: 11686
2025-07-18 22:45:38,473 - INFO - Inserted economic event with ID: 11687
2025-07-18 22:45:38,473 - INFO - Inserted economic event with ID: 11688
2025-07-18 22:45:38,473 - INFO - Inserted economic event with ID: 11689
2025-07-18 22:45:38,488 - INFO - Inserted economic event with ID: 11690
2025-07-18 22:45:38,488 - INFO - Inserted economic event with ID: 11691
2025-07-18 22:45:38,488 - INFO - Inserted economic event with ID: 11692
2025-07-18 22:45:38,488 - INFO - Inserted economic event with ID: 11693
2025-07-18 22:45:38,488 - INFO - Inserted economic event with ID: 11694
2025-07-18 22:45:38,504 - INFO - Inserted economic event with ID: 11695
2025-07-18 22:45:38,504 - INFO - Inserted economic event with ID: 11696
2025-07-18 22:45:38,511 - INFO - Inserted economic event with ID: 11697
2025-07-18 22:45:38,514 - INFO - Inserted economic event with ID: 11698
2025-07-18 22:45:38,517 - INFO - Inserted economic event with ID: 11699
2025-07-18 22:45:38,521 - INFO - Inserted economic event with ID: 11700
2025-07-18 22:45:38,524 - INFO - Inserted economic event with ID: 11701
2025-07-18 22:45:38,524 - INFO - Inserted economic event with ID: 11702
2025-07-18 22:45:38,530 - INFO - Inserted economic event with ID: 11703
2025-07-18 22:45:38,533 - INFO - Inserted economic event with ID: 11704
2025-07-18 22:45:38,536 - INFO - Inserted economic event with ID: 11705
2025-07-18 22:45:38,539 - INFO - Inserted economic event with ID: 11706
2025-07-18 22:45:38,542 - INFO - Inserted economic event with ID: 11707
2025-07-18 22:45:38,545 - INFO - Inserted economic event with ID: 11708
2025-07-18 22:45:38,549 - INFO - Inserted economic event with ID: 11709
2025-07-18 22:45:38,551 - INFO - Inserted economic event with ID: 11710
2025-07-18 22:45:38,555 - INFO - Inserted economic event with ID: 11711
2025-07-18 22:45:38,559 - INFO - Inserted economic event with ID: 11712
2025-07-18 22:45:38,563 - INFO - Inserted economic event with ID: 11713
2025-07-18 22:45:38,567 - INFO - Inserted economic event with ID: 11714
2025-07-18 22:45:38,570 - INFO - Inserted economic event with ID: 11715
2025-07-18 22:45:38,574 - INFO - Inserted economic event with ID: 11716
2025-07-18 22:45:38,577 - INFO - Inserted economic event with ID: 11717
2025-07-18 22:45:38,580 - INFO - Inserted economic event with ID: 11718
2025-07-18 22:45:38,582 - INFO - Inserted economic event with ID: 11719
2025-07-18 22:45:38,586 - INFO - Inserted economic event with ID: 11720
2025-07-18 22:45:38,589 - INFO - Inserted economic event with ID: 11721
2025-07-18 22:45:38,592 - INFO - Inserted economic event with ID: 11722
2025-07-18 22:45:38,595 - INFO - Inserted economic event with ID: 11723
2025-07-18 22:45:38,598 - INFO - Inserted economic event with ID: 11724
2025-07-18 22:45:38,601 - INFO - Inserted economic event with ID: 11725
2025-07-18 22:45:38,604 - INFO - Inserted economic event with ID: 11726
2025-07-18 22:45:38,607 - INFO - Inserted economic event with ID: 11727
2025-07-18 22:45:38,608 - INFO - Inserted economic event with ID: 11728
2025-07-18 22:45:38,613 - INFO - Inserted economic event with ID: 11729
2025-07-18 22:45:38,616 - INFO - Inserted economic event with ID: 11730
2025-07-18 22:45:38,621 - INFO - Inserted economic event with ID: 11731
2025-07-18 22:45:38,624 - INFO - Inserted economic event with ID: 11732
2025-07-18 22:45:38,627 - INFO - Inserted economic event with ID: 11733
2025-07-18 22:45:38,630 - INFO - Inserted economic event with ID: 11734
2025-07-18 22:45:38,632 - INFO - Inserted economic event with ID: 11735
2025-07-18 22:45:38,632 - INFO - Inserted economic event with ID: 11736
2025-07-18 22:45:38,632 - INFO - Inserted economic event with ID: 11737
2025-07-18 22:45:38,632 - INFO - Inserted economic event with ID: 11738
2025-07-18 22:45:38,632 - INFO - Inserted economic event with ID: 11739
2025-07-18 22:45:38,647 - INFO - Inserted economic event with ID: 11740
2025-07-18 22:45:38,651 - INFO - Inserted economic event with ID: 11741
2025-07-18 22:45:38,651 - INFO - Inserted economic event with ID: 11742
2025-07-18 22:45:38,656 - INFO - Inserted economic event with ID: 11743
2025-07-18 22:45:38,656 - INFO - Inserted economic event with ID: 11744
2025-07-18 22:45:38,664 - INFO - Inserted economic event with ID: 11745
2025-07-18 22:45:38,664 - INFO - Inserted economic event with ID: 11746
2025-07-18 22:45:38,664 - INFO - Inserted economic event with ID: 11747
2025-07-18 22:45:38,664 - INFO - Inserted economic event with ID: 11748
2025-07-18 22:45:38,664 - INFO - Inserted economic event with ID: 11749
2025-07-18 22:45:38,679 - INFO - Inserted economic event with ID: 11750
2025-07-18 22:45:38,682 - INFO - Inserted economic event with ID: 11751
2025-07-18 22:45:38,684 - INFO - Inserted economic event with ID: 11752
2025-07-18 22:45:38,684 - INFO - Inserted economic event with ID: 11753
2025-07-18 22:45:38,684 - INFO - Inserted economic event with ID: 11754
2025-07-18 22:45:38,684 - INFO - Inserted economic event with ID: 11755
2025-07-18 22:45:38,695 - INFO - Inserted economic event with ID: 11756
2025-07-18 22:45:38,695 - INFO - Inserted economic event with ID: 11757
2025-07-18 22:45:38,695 - INFO - Inserted economic event with ID: 11758
2025-07-18 22:45:38,695 - INFO - Inserted economic event with ID: 11759
2025-07-18 22:45:38,695 - INFO - Inserted economic event with ID: 11760
2025-07-18 22:45:38,711 - INFO - Inserted economic event with ID: 11761
2025-07-18 22:45:38,711 - INFO - Inserted economic event with ID: 11762
2025-07-18 22:45:38,718 - INFO - Inserted economic event with ID: 11763
2025-07-18 22:45:38,718 - INFO - Inserted economic event with ID: 11764
2025-07-18 22:45:38,718 - INFO - Inserted economic event with ID: 11765
2025-07-18 22:45:38,726 - INFO - Inserted economic event with ID: 11766
2025-07-18 22:45:38,726 - INFO - Inserted economic event with ID: 11767
2025-07-18 22:45:38,726 - INFO - Inserted economic event with ID: 11768
2025-07-18 22:45:38,726 - INFO - Inserted economic event with ID: 11769
2025-07-18 22:45:38,726 - INFO - Inserted economic event with ID: 11770
2025-07-18 22:45:38,726 - INFO - Inserted economic event with ID: 11771
2025-07-18 22:45:38,744 - INFO - Inserted economic event with ID: 11772
2025-07-18 22:45:38,744 - INFO - Inserted economic event with ID: 11773
2025-07-18 22:45:38,744 - INFO - Inserted economic event with ID: 11774
2025-07-18 22:45:38,744 - INFO - Inserted economic event with ID: 11775
2025-07-18 22:45:38,744 - INFO - Inserted economic event with ID: 11776
2025-07-18 22:45:38,758 - INFO - Inserted economic event with ID: 11777
2025-07-18 22:45:38,758 - INFO - Inserted economic event with ID: 11778
2025-07-18 22:45:38,758 - INFO - Inserted economic event with ID: 11779
2025-07-18 22:45:38,758 - INFO - Inserted economic event with ID: 11780
2025-07-18 22:45:38,758 - INFO - Inserted economic event with ID: 11781
2025-07-18 22:45:38,774 - INFO - Inserted economic event with ID: 11782
2025-07-18 22:45:38,774 - INFO - Inserted economic event with ID: 11783
2025-07-18 22:45:38,774 - INFO - Inserted economic event with ID: 11784
2025-07-18 22:45:38,774 - INFO - Inserted economic event with ID: 11785
2025-07-18 22:45:38,774 - INFO - Inserted economic event with ID: 11786
2025-07-18 22:45:38,774 - INFO - Inserted economic event with ID: 11787
2025-07-18 22:45:38,790 - INFO - Inserted economic event with ID: 11788
2025-07-18 22:45:38,790 - INFO - Inserted economic event with ID: 11789
2025-07-18 22:45:38,790 - INFO - Inserted economic event with ID: 11790
2025-07-18 22:45:38,790 - INFO - Inserted economic event with ID: 11791
2025-07-18 22:45:38,790 - INFO - Inserted economic event with ID: 11792
2025-07-18 22:45:38,807 - INFO - Inserted economic event with ID: 11793
2025-07-18 22:45:38,809 - INFO - Inserted economic event with ID: 11794
2025-07-18 22:45:38,811 - INFO - Inserted economic event with ID: 11795
2025-07-18 22:45:38,811 - INFO - Inserted economic event with ID: 11796
2025-07-18 22:45:38,811 - INFO - Inserted economic event with ID: 11797
2025-07-18 22:45:38,822 - INFO - Inserted economic event with ID: 11798
2025-07-18 22:45:38,822 - INFO - Inserted economic event with ID: 11799
2025-07-18 22:45:38,822 - INFO - Inserted economic event with ID: 11800
2025-07-18 22:45:38,822 - INFO - Inserted economic event with ID: 11801
2025-07-18 22:45:38,822 - INFO - Inserted economic event with ID: 11802
2025-07-18 22:45:38,839 - INFO - Inserted economic event with ID: 11803
2025-07-18 22:45:38,839 - INFO - Inserted economic event with ID: 11804
2025-07-18 22:45:38,839 - INFO - Inserted economic event with ID: 11805
2025-07-18 22:45:38,839 - INFO - Inserted economic event with ID: 11806
2025-07-18 22:45:38,839 - INFO - Inserted economic event with ID: 11807
2025-07-18 22:45:38,854 - INFO - Inserted economic event with ID: 11808
2025-07-18 22:45:38,854 - INFO - Inserted economic event with ID: 11809
2025-07-18 22:45:38,854 - INFO - Inserted economic event with ID: 11810
2025-07-18 22:45:38,854 - INFO - Inserted economic event with ID: 11811
2025-07-18 22:45:38,854 - INFO - Inserted economic event with ID: 11812
2025-07-18 22:45:38,854 - INFO - Inserted economic event with ID: 11813
2025-07-18 22:45:38,871 - INFO - Inserted economic event with ID: 11814
2025-07-18 22:45:38,871 - INFO - Inserted economic event with ID: 11815
2025-07-18 22:45:38,871 - INFO - Inserted economic event with ID: 11816
2025-07-18 22:45:38,871 - INFO - Inserted economic event with ID: 11817
2025-07-18 22:45:38,871 - INFO - Inserted economic event with ID: 11818
2025-07-18 22:45:38,886 - INFO - Inserted economic event with ID: 11819
2025-07-18 22:45:38,886 - INFO - Inserted economic event with ID: 11820
2025-07-18 22:45:38,886 - INFO - Inserted economic event with ID: 11821
2025-07-18 22:45:38,886 - INFO - Inserted economic event with ID: 11822
2025-07-18 22:45:38,886 - INFO - Inserted economic event with ID: 11823
2025-07-18 22:45:38,886 - INFO - Inserted economic event with ID: 11824
2025-07-18 22:45:38,902 - INFO - Inserted economic event with ID: 11825
2025-07-18 22:45:38,902 - INFO - Inserted economic event with ID: 11826
2025-07-18 22:45:38,902 - INFO - Inserted economic event with ID: 11827
2025-07-18 22:45:38,902 - INFO - Inserted economic event with ID: 11828
2025-07-18 22:45:38,902 - INFO - Inserted economic event with ID: 11829
2025-07-18 22:45:38,902 - INFO - Inserted economic event with ID: 11830
2025-07-18 22:45:38,918 - INFO - Inserted economic event with ID: 11831
2025-07-18 22:45:38,918 - INFO - Inserted economic event with ID: 11832
2025-07-18 22:45:38,918 - INFO - Inserted economic event with ID: 11833
2025-07-18 22:45:38,918 - INFO - Inserted economic event with ID: 11834
2025-07-18 22:45:38,918 - INFO - Inserted economic event with ID: 11835
2025-07-18 22:45:38,934 - INFO - Inserted economic event with ID: 11836
2025-07-18 22:45:38,934 - INFO - Inserted economic event with ID: 11837
2025-07-18 22:45:38,934 - INFO - Inserted economic event with ID: 11838
2025-07-18 22:45:38,934 - INFO - Inserted economic event with ID: 11839
2025-07-18 22:45:38,934 - INFO - Inserted economic event with ID: 11840
2025-07-18 22:45:38,934 - INFO - Inserted economic event with ID: 11841
2025-07-18 22:45:38,950 - INFO - Inserted economic event with ID: 11842
2025-07-18 22:45:38,950 - INFO - Inserted economic event with ID: 11843
2025-07-18 22:45:38,954 - INFO - Inserted economic event with ID: 11844
2025-07-18 22:45:38,954 - INFO - Inserted economic event with ID: 11845
2025-07-18 22:45:38,954 - INFO - Inserted economic event with ID: 11846
2025-07-18 22:45:38,954 - INFO - Inserted economic event with ID: 11847
2025-07-18 22:45:38,966 - INFO - Inserted economic event with ID: 11848
2025-07-18 22:45:38,966 - INFO - Inserted economic event with ID: 11849
2025-07-18 22:45:38,966 - INFO - Inserted economic event with ID: 11850
2025-07-18 22:45:38,966 - INFO - Inserted economic event with ID: 11851
2025-07-18 22:45:38,966 - INFO - Inserted economic event with ID: 11852
2025-07-18 22:45:38,982 - INFO - Inserted economic event with ID: 11853
2025-07-18 22:45:38,982 - INFO - Inserted economic event with ID: 11854
2025-07-18 22:45:38,982 - INFO - Inserted economic event with ID: 11855
2025-07-18 22:45:38,982 - INFO - Inserted economic event with ID: 11856
2025-07-18 22:45:38,982 - INFO - Inserted economic event with ID: 11857
2025-07-18 22:45:38,982 - INFO - Inserted economic event with ID: 11858
2025-07-18 22:45:38,998 - INFO - Inserted economic event with ID: 11859
2025-07-18 22:45:39,000 - INFO - Inserted economic event with ID: 11860
2025-07-18 22:45:39,000 - INFO - Inserted economic event with ID: 11861
2025-07-18 22:45:39,000 - INFO - Inserted economic event with ID: 11862
2025-07-18 22:45:39,000 - INFO - Inserted economic event with ID: 11863
2025-07-18 22:45:39,000 - INFO - Inserted economic event with ID: 11864
2025-07-18 22:45:39,014 - INFO - Inserted economic event with ID: 11865
2025-07-18 22:45:39,014 - INFO - Inserted economic event with ID: 11866
2025-07-18 22:45:39,022 - INFO - Inserted economic event with ID: 11867
2025-07-18 22:45:39,024 - INFO - Inserted economic event with ID: 11868
2025-07-18 22:45:39,024 - INFO - Inserted economic event with ID: 11869
2025-07-18 22:45:39,029 - INFO - Inserted economic event with ID: 11870
2025-07-18 22:45:39,029 - INFO - Inserted economic event with ID: 11871
2025-07-18 22:45:39,029 - INFO - Inserted economic event with ID: 11872
2025-07-18 22:45:39,029 - INFO - Inserted economic event with ID: 11873
2025-07-18 22:45:39,029 - INFO - Inserted economic event with ID: 11874
2025-07-18 22:45:39,045 - INFO - Inserted economic event with ID: 11875
2025-07-18 22:45:39,045 - INFO - Inserted economic event with ID: 11876
2025-07-18 22:45:39,045 - INFO - Inserted economic event with ID: 11877
2025-07-18 22:45:39,045 - INFO - Inserted economic event with ID: 11878
2025-07-18 22:45:39,045 - INFO - Inserted economic event with ID: 11879
2025-07-18 22:45:39,045 - INFO - Inserted economic event with ID: 11880
2025-07-18 22:45:39,064 - INFO - Inserted economic event with ID: 11881
2025-07-18 22:45:39,066 - INFO - Inserted economic event with ID: 11882
2025-07-18 22:45:39,066 - INFO - Inserted economic event with ID: 11883
2025-07-18 22:45:39,066 - INFO - Inserted economic event with ID: 11884
2025-07-18 22:45:39,066 - INFO - Inserted economic event with ID: 11885


[MESSARI STDERR @ 2025-07-18 22:45:44.267194]


[TWELVE_DATA STDERR @ 2025-07-18 22:45:46.917687]


[POLYGON STDERR @ 2025-07-24 20:00:01.047125]
2025-07-24 20:00:00,821 - ERROR - [Polygon] Error fetching SPX: 'v'
2025-07-24 20:00:00,915 - ERROR - [Polygon] Error fetching NDX: 'v'
2025-07-24 20:00:01,025 - ERROR - [Polygon] Error fetching RUT: 'v'


[POLYGON STDERR @ 2025-07-24 21:00:00.975499]
2025-07-24 21:00:00,679 - ERROR - [Polygon] Error fetching SPX: 'v'
2025-07-24 21:00:00,832 - ERROR - [Polygon] Error fetching NDX: 'v'
2025-07-24 21:00:00,943 - ERROR - [Polygon] Error fetching RUT: 'v'

